record_id,barcode,food_name,food_name_id,brand,categories,ingredients_as_label,allergens,labels,origins,countries,packaging,quantity,serving_size,stores,manufacturing_places,energy_kj_100g,energy_kcal_100g,fat_100g,saturated_fat_100g,carbohydrates_100g,sugars_100g,fiber_100g,proteins_100g,salt_100g,sodium_100g,source_url,source_api_url,accessed_at,source_type,license,verification_status,confidence_level,quality_flags
off-id-80053835,80053835,Classico - olio extra vergine di oliva,Classico - Extra Zaitun,Monini,en:plant-based-foods-and-beverages | en:plant-based-foods | en:fats | en:vegetable-fats | en:olive-tree-products | en:vegetable-oils | en:olive-oils | en:virgin-olive-oils | en:extra-virgin-olive-oils,OLIO EXTRA VERGINE DI OLIVA,,en:carbon-compensated-product | en:halal | en:kosher | en:carbon-trust | en:carbon-trust-carbon-neutral | en:orthodox-union-kosher,en:european-union,en:austria | en:bulgaria | en:croatia | en:france | en:germany | en:indonesia | en:italy | en:romania | en:switzerland | en:ukraine,en:glass | en:green-glass,1 l,100ml,"Aldi, Astro Indonesia, Interspar",,3404,828,92,14,0,0,0,0,0,0,https://world.openfoodfacts.org/data,https://world.openfoodfacts.org/api/v2/search,2026-09-15T06:21:10.655304+00:00,community-contributed product label database,Open Database License (ODbL); individual contents under Database Contents License (DbCL),source-recorded; not independently label-verified,medium,
off-id-0089686120714,0089686120714,Instant Noodles Mi Goreng,,indomie,en:plant-based-foods-and-beverages | en:plant-based-foods | en:legumes-and-their-products | en:legumes | en:seeds | en:dried-products | en:legume-seeds | en:dried-products-to-be-rehydrated | en:pastas | en:noodles | en:instant-noodles | en:soy-beans | en:cellophane-noodles,"wheat flour, edible vegetable oil (palm), salt, acidity regulators (potassium carbonate, sodium carbonate, sodium polyphosphate), thickener (guar gum), colouring (riboflavin), antioxidant (TBHQ).
Seasoning powder:
sugar, salt, monosodium, glutamate, garlic powder, artificial beef flavour powder, onion powder, yeast extract, caramel.
Seasoning Oil:
edible vegetable oil (palm), onion, chili powder.
sweet soy sauce.
Contains: _Wheat (Gluten)_ , _soybean_.",en:gluten | en:soybeans,en:halal,en:indonesia | en:serbia,en:france | en:indonesia | en:morocco | en:saudi-arabia,,80g,80 g,,,2016.25,475,21.25,11.2,61.25,10,5,8.75,3.25,1.3,https://world.openfoodfacts.org/data,https://world.openfoodfacts.org/api/v2/search,2026-09-15T06:21:10.655304+00:00,community-contributed product label database,Open Database License (ODbL); individual contents under Database Contents License (DbCL),source-recorded; not independently label-verified,medium,
off-id-3451790188718,3451790188718,Elle & vire desserts lactes mon grec nature,,Elle & Vire,en:dairies | en:fermented-foods | en:fermented-milk-products | en:desserts | en:dairy-desserts | en:fermented-dairy-desserts | en:plain-fermented-dairy-desserts | en:Produit laitier,"Lait écrémé de vache, crème (issue de LAIT de vache), eau, protéines de LAIT, additifs alimentaires : stabilisant : pectine, agar-agar, fécule",en:milk | en:Lait,en:made-in-france,en:france,en:belgium | en:cote-d-ivoire | en:france | en:french-polynesia | en:germany | en:indonesia | en:iraq | en:ireland | en:lebanon | en:luxembourg | en:mauritius | en:morocco | en:senegal | en:spain | en:united-kingdom | en:world | en:Emirats Arabes Unis,en:fresh | en:pot-polymere-et-materiau-composite | fr:opercule-materiau-composite-et-etiquette-papier | fr:pot-plastique,4 x 125 g,125g,Toutes enseignes GMS,"France, Normandie",432,104,7.5,5.2,5.1,4.2,0,4,0.14,0.056,https://world.openfoodfacts.org/data,https://world.openfoodfacts.org/api/v2/search,2026-09-15T06:21:10.655304+00:00,community-contributed product label database,Open Database License (ODbL); individual contents under Database Contents License (DbCL),source-recorded; not independently label-verified,medium,
off-id-8906010500870,8906010500870,BALAJI CREAM ONION,BALAJI CREAM ONION,balaji,en:plant-based-foods-and-beverages | en:plant-based-foods | en:snacks | en:cereals-and-potatoes | en:salty-snacks | en:sweet-snacks | en:appetizers | en:biscuits-and-cakes | en:biscuits-and-crackers | en:chips-and-fries | en:potatoes-and-their-products | en:biscuits | en:crisps | en:salty-snacks-made-from-potato | en:potato-crisps | en:wafers,Potato,,,,en:india | en:indonesia,,32 gm,30,,,,,,,,,,,,,https://world.openfoodfacts.org/data,https://world.openfoodfacts.org/api/v2/search,2026-09-15T06:21:10.655304+00:00,community-contributed product label database,Open Database License (ODbL); individual contents under Database Contents License (DbCL),source-recorded; not independently label-verified,medium,missing_core_nutrition | missing_labels
off-id-3451790019142,3451790019142,Elle & vire creme dessert chocolat,,Elle & Vire,en:dairies | en:desserts | en:dairy-desserts | en:chocolate-desserts | en:Produit laitier,"LAIT de vache écrémé 72%, sucre, CRÈME 6%, chocolat 2,7% (pâte de
 cacao, sucre, cacao maigre), fécule, cacao maigre 1,8%, épaississant :
 carraghénanes, sel.",en:milk | en:Lait,,,en:belgium | en:cote-d-ivoire | en:france | en:germany | en:indonesia | en:iraq | en:ireland | en:lebanon | en:luxembourg | en:morocco | en:spain | en:united-kingdom | en:Emirats Arabes Unis,en:pot-pp-et-etiquette-pp,4 x 100 g,100 g,,France,466,111,3.2,2.1,16.7,14.2,1.2,3.2,0.16,0.064,https://world.openfoodfacts.org/data,https://world.openfoodfacts.org/api/v2/search,2026-09-15T06:21:10.655304+00:00,community-contributed product label database,Open Database License (ODbL); individual contents under Database Contents License (DbCL),source-recorded; not independently label-verified,medium,missing_labels
off-id-8904071704527,8904071704527,Plantain Chips (Yellow Banana Chips),Plantain Chips (Yellow Banana Chips),,en:snacks,"Plantain Banana (64%), Edible Vegetable Oil (Palmolein), Rock Salt. INGREDIENTS: Banane plantain (64%), huile végétale comestible (palmoléine), sel gemme. المكونات : موز الموز (٦٤) ، زت نا صالح للأل (النخل) ، ملح صخري ergy Advice Product is packed in a factory that handles Peanuts, Tree Nuts, Milk, Wheat, Sesame, Mustard and Soya. produit est emballé dans une usine qui traite des arachides, es noix, du lait, du blé, du sésame, de la moutarde et du soja. يتم تعبئة هذا المنتج في مصنع يتعامل مع الفول السوداني والمكسرات والحليب والقمح والسمسم والخردل وفول الصويا.",en:gluten | en:milk | en:mustard | en:nuts | en:sesame-seeds | en:soybeans,,,en:india | en:indonesia,,170,,,,,535.71428571429,28.571428571429,10.714285714286,64.285714285714,0,3.5714285714286,3.5714285714286,2.1964285,0.8785714,https://world.openfoodfacts.org/data,https://world.openfoodfacts.org/api/v2/search,2026-09-15T06:21:10.655304+00:00,community-contributed product label database,Open Database License (ODbL); individual contents under Database Contents License (DbCL),source-recorded; not independently label-verified,medium,missing_brand | missing_labels
off-id-8992760221028,8992760221028,17000725 Oreo Original (Vanilla),,BABYMONSTER OREO,en:snacks | en:sweet-snacks | en:biscuits-and-cakes | en:biscuits-and-crackers | en:biscuits | en:filled-biscuits | en:sandwich-biscuits | en:chocolate-sandwich-cookies,"wheat  flour, sugar, non-hydrogenated vegetable oil (palm), cocoa powder, fructose syrup, sodium bicarbonate (ins500), ammonium bicarbonate (ins503), corn starch, salt,  soy  lecithin (ins322), vanilla flavor,",en:gluten | en:peanuts | en:soybeans,en:halal | en:Haram,,en:india | en:indonesia | en:singapore,en:ldpe-wrap,123g g,27.6 g,,Indonesia,2126.8115942029,471.014492753623,21.7391304347826,9.05797101449275,72.463768115942,39.8550724637681,3.6231884057971,3.6231884057971,1.26811594202899,0.507246376811594,https://world.openfoodfacts.org/data,https://world.openfoodfacts.org/api/v2/search,2026-09-15T06:21:10.655304+00:00,community-contributed product label database,Open Database License (ODbL); individual contents under Database Contents License (DbCL),source-recorded; not independently label-verified,medium,
off-id-8901058005080,8901058005080,Munch Max,,Nestlé,en:snacks | en:sweet-snacks | en:biscuits-and-cakes | en:biscuits-and-crackers | en:cocoa-and-its-products | en:confectioneries | en:biscuits | en:chocolate-candies | en:bars | en:candy-chocolate-bars,"Sugar, Refined Wheat Flour (Maida), Hydrogenated vegetable fats, Fractionated vegetable fat, Milk solids. Cocoa solids (3.9%), Emulsifier (Soya lecithin), Raising agent (500(ii)), Yeast, lodised salt, Flour treatment agent (516), Artificial (Vanilla) flavouring substance and Nature-Identical flavouring substance.",en:gluten | en:milk | en:soybeans,en:vegetarian | en:green-dot-india,,en:india | en:indonesia,,38.5 g,1 chocolate (42 g),,,1800.2,430,23.2,22.6,49.8,34.3,,5.6,0.21575,0.0794,https://world.openfoodfacts.org/data,https://world.openfoodfacts.org/api/v2/search,2026-09-15T06:21:10.655304+00:00,community-contributed product label database,Open Database License (ODbL); individual contents under Database Contents License (DbCL),source-recorded; not independently label-verified,medium,
off-id-5010477346032,5010477346032,Crunchy Oat Granola Tropical Fruits,,Jordans,en:plant-based-foods-and-beverages | en:plant-based-foods | en:breakfasts | en:cereals-and-potatoes | en:cereals-and-their-products | en:breakfast-cereals | en:cereals-with-fruits | en:mueslis | en:mueslis-with-fruits,"Wholegrain _Oat_ Flakes 69%, Dried Tropical Fruits 15% (Dried Papaya (Papaya, Cane Sugar), Coconut Chips, Dried Pineapple Chunks (Pineapple, Cane Sugar, Pineapple Juice, Citric Acid), Dried Banana Chips (Banana, Coconut Oil, Sugar, Natural Flavouring), Sugar,  Rapeseed oil, sunflower oil, Honey 1%, Sunflower Seeds, Natural Flavouring.",en:banana | en:gluten | en:nuts,en:vegetarian | en:no-palm-oil | en:The Wildlife Trusts,,en:france | en:indonesia | en:united-kingdom,,750g,1 serving (100 g),Morrison's,"Biggleswade, United Kingdom",1805.6,426,13,4.4,65,22,6.2,10,0.05,0.02,https://world.openfoodfacts.org/data,https://world.openfoodfacts.org/api/v2/search,2026-09-15T06:21:10.655304+00:00,community-contributed product label database,Open Database License (ODbL); individual contents under Database Contents License (DbCL),source-recorded; not independently label-verified,medium,
off-id-3451790019159,3451790019159,Elle & vire creme dessert caramel,,"Elle & Vire, Savencia",en:dairies | en:desserts | en:dairy-desserts | en:entremets-mousses-and-creamy-puddings | en:creamy-puddings | en:caramel-creamy-puddings | en:Produit laitier,"LAIT de vache écrémé 72%, CRÈME 9%, caramel 8%, sucre, fécule, sirop de glucose, épaississant : carraghénanes, arôme naturel (goût caramel), colorant : caramel ordinaire, sel.",en:milk | en:Lait,,,en:belgium | en:cote-d-ivoire | en:gabon | en:germany | en:indonesia | en:iraq | en:ireland | en:lebanon | en:luxembourg | en:morocco | en:spain | en:united-kingdom | en:Emirats Arabes Unis,en:pot-pp-et-etiquette-pp,4 x 100 g,100 g,,France,454,108,2.8,1.9,18,13.4,0,2.6,0.16,0.064,https://world.openfoodfacts.org/data,https://world.openfoodfacts.org/api/v2/search,2026-09-15T06:21:10.655304+00:00,community-contributed product label database,Open Database License (ODbL); individual contents under Database Contents License (DbCL),source-recorded; not independently label-verified,medium,missing_labels
off-id-3451790188831,3451790188831,Elle & vire desserts lactes mon grec miel,,"Elle & Vire, Elle&Vire International, Savencia",en:dairies | en:fermented-foods | en:desserts | en:fermented-milk-products | en:dairy-desserts | en:fermented-dairy-desserts,"LAIT écrémé de vache, crème (issue de LAIT de vache), eau, sucre, protéines
 de LAIT, miel (2 %), additifs alimentaires : stabilisants : pectine, agar-agar; fécule
 arôme naturel (goût miel)",en:milk | en:Lait,en:made-in-france,en:france,en:belgium | en:cambodia | en:cote-d-ivoire | en:france | en:germany | en:indonesia | en:iraq | en:ireland | en:lebanon | en:luxembourg | en:morocco | en:spain | en:united-arab-emirates | en:united-kingdom | en:world | en:Indonesie,en:pot | en:pot-polymere-et-materiau-composite | fr:opercule-materiau-composite-et-etiquette-papier | fr:pot-plastique,4 x 125 g,125 g,"Carrefour, Toutes enseignes GMS","Normandie, france",599,143,7.5,5.2,14.8,14,0,4.1,0.14,0.056,https://world.openfoodfacts.org/data,https://world.openfoodfacts.org/api/v2/search,2026-09-15T06:21:10.655304+00:00,community-contributed product label database,Open Database License (ODbL); individual contents under Database Contents License (DbCL),source-recorded; not independently label-verified,medium,
off-id-0089686170726,0089686170726,Mi goreng Fried Noodles,Mi Goreng Fried Noodles,indomie,en:plant-based-foods-and-beverages | en:plant-based-foods | en:cereals-and-potatoes | en:cereals-and-their-products | en:dried-products | en:dried-products-to-be-rehydrated | en:pastas | en:noodles | en:instant-noodles | en:asian-foods | en:indonesian-foods,"NOUILLES {Farine de blé (62%), huile de palme raffinée (contient antioxydant (E 319)), sel, régulateurs d'acidité (E 451, E 501, E 500), épaississant (E 412), colorant (E 101)}.
POUDRE D'ASSAISONNEMENT {Sel, sucre, exhausteur de goût (E 621, E 631, E 627), ail, saveur de poulet artificiel (soja), oignon, poivre blanc}.
HUILE D'ASSAISONNEMENT {Huile de palme raffinée (contient antioxydant (E 319)), échalote}.
SAUCE DE SOJA DOUCE {Sucre, eau, blé, soja, sel, épices, huile de sésame}.
SAUCE AU CHILI {Chili, eau, sucre, sel, amidon de tapioca, régulateurs d'acidite (E 260, E 330), exhausteur de goût (E 621, E 631, E 627), saveur d'ail, préservatifs (E 211, E 223)}.
ÉCHALOTE FRITS {Échalote, huile de palme raffinée}. 

CONTIENT: BLÉ, GLUTEN, SOJA, SESAME",en:gluten | en:sesame-seeds | en:soybeans,en:halal,en:indonesia,en:australia | en:france | en:indonesia | en:united-states,en:plastic,85g,1 serving (175 g),"alfamart, carrefour, coles, giant, indomaret, woolworths",indonesia,,,,,,,,,,,https://world.openfoodfacts.org/data,https://world.openfoodfacts.org/api/v2/search,2026-09-15T06:21:10.655304+00:00,community-contributed product label database,Open Database License (ODbL); individual contents under Database Contents License (DbCL),source-recorded; not independently label-verified,medium,missing_core_nutrition
off-id-8997240600041,8997240600041,12000992 OATSIDE Oat Milk,,OATSIDE,en:beverages-and-beverages-preparations | en:plant-based-foods-and-beverages | en:beverages | en:plant-based-foods | en:cereals-and-potatoes | en:dairy-substitutes | en:cereals-and-their-products | en:milk-substitutes | en:plant-based-beverages | en:plant-based-milk-alternatives | en:cereal-based-drinks | en:oat-based-drinks,"Oat Base 96.7% (Water, Oats), Canola Oil, Dipotassium Phosphate, Calcium Carbonate, Salt, Vitamin E, B1, B3, B6, B12, Vitamin D",en:gluten,en:halal | en:fsc | en:fsc-mix | en:no-added-sugar,en:thailand,en:indonesia | en:singapore | en:thailand,,1000 ml,200 ml,,,270.9,65,3.2,0.3,7.9,2.8,1,0.6,0.1,0.04,https://world.openfoodfacts.org/data,https://world.openfoodfacts.org/api/v2/search,2026-09-15T06:21:10.655304+00:00,community-contributed product label database,Open Database License (ODbL); individual contents under Database Contents License (DbCL),source-recorded; not independently label-verified,medium,
off-id-3451790011917,3451790011917,Elle & vire desserts lactes mon grec vanille,,"Elle&Vire, Elle&Vire International, Savencia",en:dairies | en:fermented-foods | en:desserts | en:fermented-milk-products | en:dairy-desserts | en:fermented-dairy-desserts,"LAIT écrémé de vache, crème issue de LAIT de vache, eau, sucre, protéines
 de LAIT, additifs alimentaires : stabilisants : pectine, agar-agar ; fécule, arôme
 naturel de vanille",en:milk | en:Lait,,en:france,en:belgium | en:cote-d-ivoire | en:france | en:germany | en:indonesia | en:iraq | en:ireland | en:lebanon | en:luxembourg | en:morocco | en:spain | en:united-kingdom | en:world | en:Emirats Arabes Unis,en:pot-polymere-et-materiau-composite | fr:opercule-materiau-composite-et-etiquette-papier | fr:pot-plastique,500 g (4 x 125 g),125 g,Toutes enseignes GMS,"France, Normandie",550,132,7.5,5.2,11.9,11.1,0,4.1,0.14,0.056,https://world.openfoodfacts.org/data,https://world.openfoodfacts.org/api/v2/search,2026-09-15T06:21:10.655304+00:00,community-contributed product label database,Open Database License (ODbL); individual contents under Database Contents License (DbCL),source-recorded; not independently label-verified,medium,missing_labels
off-id-8996001600269,8996001600269,Mountain Mineral Water,Air Mineral Pegunungan,Le Minerale,en:beverages-and-beverages-preparations | en:beverages | en:waters | en:spring-waters | en:mineral-waters | en:natural-mineral-waters | en:drinking-water,RH 30,,en:halal,en:indonesia,en:indonesia | en:philippines,fr:bouteille-pet,600ml,330ml,,Indonesia,0,0,0,0,0,0,,0,0.0151515151515152,0.00606060606060606,https://world.openfoodfacts.org/data,https://world.openfoodfacts.org/api/v2/search,2026-09-15T06:21:10.655304+00:00,community-contributed product label database,Open Database License (ODbL); individual contents under Database Contents License (DbCL),source-recorded; not independently label-verified,medium,
off-id-3451790011856,3451790011856,Elle & vire desserts lactes mon grec fraise,,"Elle & Vire, Elle&Vire International, Savencia",en:dairies | en:fermented-foods | en:desserts | en:fermented-milk-products | en:dairy-desserts | en:fermented-dairy-desserts | en:yogurts | en:fermented-dairy-desserts-with-fruits | en:fruit-yogurts | en:greek-style-yogurts | en:Produit laitier,"Lait écrémé de vache, crème (issue de LAIT de vache), sucre, eau, fraise 5,5%, protéines de LAIT, additifs alimentaires : stabilisant : pectine, agar-agar, fécule, arôme naturel (goût fraise)",en:milk | en:Lait,en:green-dot | en:made-in-france,en:france,en:belgium | en:cote-d-ivoire | en:france | en:germany | en:indonesia | en:iraq | en:ireland | en:lebanon | en:luxembourg | en:morocco | en:senegal | en:spain | en:united-kingdom | en:world | en:Emirats Arabes Unis,en:fresh | en:pot-polymere-et-materiau-composite | fr:opercule-materiau-composite-et-etiquette-papier | fr:pot-plastique,4 x 125 g,125 g,Toutes enseignes GMS,"France, Normandie",587,140,7.5,5.2,14.1,13.7,0,4.1,0.14,0.056,https://world.openfoodfacts.org/data,https://world.openfoodfacts.org/api/v2/search,2026-09-15T06:21:10.655304+00:00,community-contributed product label database,Open Database License (ODbL); individual contents under Database Contents License (DbCL),source-recorded; not independently label-verified,medium,
off-id-3451790886256,3451790886256,Elle & vire desserts lactes fruits myrtille,,"Elle & Vire, Elle&Vire International",en:dairies | en:fermented-foods | en:desserts | en:fermented-milk-products | en:dairy-desserts | en:fermented-dairy-desserts | en:yogurts | en:fermented-dairy-desserts-with-fruits | en:fruit-yogurts | en:Produit laitier,"LAIT écrémé de vache, eau, sucre, myrtille (6%), crème de LAIT de vache,
 fécule, additifs alimentaires : stabilisants : pectine, agar-agar, arôme naturel (goût
 myrtille)",en:milk | en:Lait,en:green-dot | en:made-in-france,en:france,en:belgium | en:cote-d-ivoire | en:france | en:germany | en:indonesia | en:iraq | en:ireland | en:lebanon | en:luxembourg | en:morocco | en:spain | en:united-kingdom | en:world | en:Emirats Arabes Unis,en:pot-polymere-et-materiau-composite | fr:opercule-materiau-composite-et-etiquette-papier | fr:pot-plastique,4 x 125 g,125 g,Toutes enseignes GMS,"France, Normandie",400,95,2.3,1.6,16.3,12.8,0,2.2,0.09,0.036,https://world.openfoodfacts.org/data,https://world.openfoodfacts.org/api/v2/search,2026-09-15T06:21:10.655304+00:00,community-contributed product label database,Open Database License (ODbL); individual contents under Database Contents License (DbCL),source-recorded; not independently label-verified,medium,
off-id-3451790019166,3451790019166,Elle & vire creme dessert chocolat noir intense,,Elle & Vire,en:Produit laitier,"LAIT de vache écrémé 70%, sucre, CRÈME 7%, cacao maigre 4,5%, fécule,
 chocolat 2% (pâte de cacao, sucre, cacao maigre), épaississant : carraghénanes,
 sel.",en:milk | en:Lait,,,en:belgium | en:cote-d-ivoire | en:germany | en:indonesia | en:iraq | en:ireland | en:lebanon | en:luxembourg | en:morocco | en:spain | en:united-kingdom | en:Emirats Arabes Unis,en:pot-pp-et-etiquette-pp,4 x 100 g,100 g,,France,471.3,112,3.3,2.2,15.9,13.3,2,3.7,0.16,0.0637,https://world.openfoodfacts.org/data,https://world.openfoodfacts.org/api/v2/search,2026-09-15T06:21:10.655304+00:00,community-contributed product label database,Open Database License (ODbL); individual contents under Database Contents License (DbCL),source-recorded; not independently label-verified,medium,missing_labels
off-id-8852756346053,8852756346053,Corn Flakes,,Kellogg's,en:plant-based-foods-and-beverages | en:plant-based-foods | en:breakfasts | en:cereals-and-potatoes | en:cereals-and-their-products | en:breakfast-cereals | en:flakes | en:cereal-flakes | en:extruded-cereals | en:extruded-flakes | en:corn-flakes,"Corn (90%), Sugar, Malt Extract, lodized Salt, Vitamins & Minerals (Vitamin C, Iron (Reduced Iron, Iron Salt), Vitamin B3, Zinc Oxide, Vitamin A, Vitamin B6, Vitamin B12, Vitamin B2, Vitamin B1, Folic Acid), Antioxidant (Mixed Tocopherol). Allergen Information: Contains gluten and soy. May contain traces of peanuts, tree nuts and milk.",en:gluten | en:soybeans,,en:thailand,en:indonesia | en:malaysia | en:philippines | en:singapore | en:vietnam,,500g,1 serving (30 g),,,1612,385,1,0.3,87,8,2.6,7,1.15,0.46,https://world.openfoodfacts.org/data,https://world.openfoodfacts.org/api/v2/search,2026-09-15T06:21:10.655304+00:00,community-contributed product label database,Open Database License (ODbL); individual contents under Database Contents License (DbCL),source-recorded; not independently label-verified,medium,missing_labels
off-id-0753950000254,0753950000254,"Doctor's Best, High Absorption Magnesium, 200 mg",,Doctor's Best,,"microcrystalline cellulose &quot; croscarmellose sodium, magnesium stearate (vegetable source), stearic acid, hypromellose",,,,en:indonesia | en:morocco,,,,,,,,,,,,,,,,https://world.openfoodfacts.org/data,https://world.openfoodfacts.org/api/v2/search,2026-09-15T06:21:10.655304+00:00,community-contributed product label database,Open Database License (ODbL); individual contents under Database Contents License (DbCL),source-recorded; not independently label-verified,medium,missing_core_nutrition | missing_labels
off-id-8904071701090,8904071701090,Small Bhakarwadi,,,en:snacks | en:Bhakarwadi,"Wheat Flour, Palm Oil, Gram Flour, Ground Spices, White Sesame, Green Chili, Dry Mango Powder, Turmeric Powder, Tamarind & Salt",en:gluten | en:sesame-seeds,,,en:india | en:indonesia,,170g,,,,,271.42857142857,15.714285714286,7.1428571428571,28.571428571429,4.2857142857143,1.4285714285714,4.2857142857143,0.33928571428573,0.135714285714292,https://world.openfoodfacts.org/data,https://world.openfoodfacts.org/api/v2/search,2026-09-15T06:21:10.655304+00:00,community-contributed product label database,Open Database License (ODbL); individual contents under Database Contents License (DbCL),source-recorded; not independently label-verified,medium,missing_brand | missing_labels
off-id-0089686010947,0089686010947,Indomie Mi Goreng Original,Indomie Mi Goreng Original,"Indofood, indomie",en:plant-based-foods-and-beverages | en:plant-based-foods | en:dried-products | en:dried-products-to-be-rehydrated | en:pastas | en:noodles | en:instant-noodles,"NOODLE: Wheat flour, vegetable oil, tapioca starch, acidity regulator (500(i), 501(i)), stabilizer (452(i), 412), antioxidant (319) and colouring (102).
SEASONING POWDER: Sugar, salt, flavor enhancer (621), garlic powder, onion powder, synthetic chicken flavor (contain flavor enhancer (631, 627)), pepper powder.
SEASONING OIL: Vegetable oil and onion.
SWEET SOY SAUCE: Sugar, water, soybean, wheat, salt, sesame oil.
CHILI SAUCE: Chili, water, sugar, salt, thickener, acidity regulator, flavor enhancer (621, 631, 627), synthetic flavor, preservatives (211, 223).
FRIED ONION (contain antioxidant (319)).
CONTAINS: Gluten, egg, dairy, soybean, sulphite, celery and sesame.
May Contain: Peanuts, crustacean, fish, tree nuts and mustard.",en:celery | en:eggs | en:gluten | en:milk | en:sesame-seeds | en:soybeans | en:sulphur-dioxide-and-sulphites,en:halal | en:BPOM | en:SNI,en:indonesia,en:france | en:indonesia,en:pp-bag,85 g,85 g,,Jakarta,2013.52941176471,482.352941176471,20.2352941176471,8.94117647058824,63.8823529411765,6.94117647058824,2.35294117647059,9.41176470588235,2.55588235294118,1.02235294117647,https://world.openfoodfacts.org/data,https://world.openfoodfacts.org/api/v2/search,2026-09-15T06:21:10.655304+00:00,community-contributed product label database,Open Database License (ODbL); individual contents under Database Contents License (DbCL),source-recorded; not independently label-verified,medium,
off-id-8996001600146,8996001600146,Teh Pucuk Harum Jasmine 350 ml,Teh Pucuk Harum Jasmine 350 ml,Mayora,en:beverages-and-beverages-preparations | en:plant-based-foods-and-beverages | en:beverages | en:hot-beverages | en:plant-based-beverages | en:teas | en:tea-based-beverages | en:iced-teas,"Air, Gula, Teh Melati (Daun Teh + Bunga Melati) (0,5%), Perisa Sintetik Bunga Melati, Penstabil",,en:halal | en:no-preservatives | id:drink,,en:indonesia,en:plastic,350 ml,240ml,,,127.5,29.1666666666667,0,0,7.5,7.5,,0,0.00416666666666667,0.00416666666666667,https://world.openfoodfacts.org/data,https://world.openfoodfacts.org/api/v2/search,2026-09-15T06:21:10.655304+00:00,community-contributed product label database,Open Database License (ODbL); individual contents under Database Contents License (DbCL),source-recorded; not independently label-verified,medium,
off-id-8990044000048,8990044000048,,,Glico,en:snacks | en:sweet-snacks | en:biscuits-and-cakes | en:biscuits-and-crackers | en:biscuits,"Weizenmehl, Zucker, Palmöl (Antioxidationsmittel (E 306)), Vollmilchpulver, Lactose (aus Milch), Verdickungsmittel (E 1412), Inulin, gehärtetes Pflanzenfett (Antioxidationsmittel (E 306)), Weizenvollkornmehl, Malzextrakt (Weizen), Grünteepulver 1%, Aromen, Salz, Emulgator (E 322 (aus Soja)), Backtriebmittel (E 500 (ii)), Hefe. Kann Spuren von Mandeln enthalten. Wartość odżywcza/ Nährwerte Wartość energetyczna/ Energie Tłuszcz/Fett - w tym kwasy tłuszczowe nasycone/",en:gluten | en:milk,en:halal | fr:triman,,en:france | en:indonesia,,33 g,16,action,,2136,510,21.9,21.9,68.8,31.3,6.25,6.25,0.19,0.076,https://world.openfoodfacts.org/data,https://world.openfoodfacts.org/api/v2/search,2026-09-15T06:21:10.655304+00:00,community-contributed product label database,Open Database License (ODbL); individual contents under Database Contents License (DbCL),source-recorded; not independently label-verified,medium,missing_product_name
off-id-0089686170795,0089686170795,Indomie Instant Mi Goreng Fried Noodles,,indomie,en:plant-based-foods-and-beverages | en:plant-based-foods | en:dried-products | en:dried-products-to-be-rehydrated | en:pastas | en:noodles | en:instant-noodles,"wheat flour, palm oil, cornstarch, salt, sodium tripolyphosphate, potassium carbonate, sodium carbonate, guar gum, artificial chicken flavor, sugar, hydrolyzed soy protein, garlic powder, onion powder, spices, shallot powder, caramel color, disodium inosinate, disodium guanylate, monosodium glutamate, artificial chicken flavor, soy sauce powder, wheat, soybean, sesame",en:gluten | en:sesame-seeds | en:soybeans,en:halal,en:malaysia,en:canada | en:france | en:indonesia | en:united-states,,425 g (5 x 85 g packages),1 pack (85 g),Real Canadian Superstore,,1944.70588235294,470.588235294118,18.8235294117647,8.23529411764706,62.3529411764706,7.05882352941176,3.52941176470588,9.41176470588235,2.29411764705882,0.964705882352941,https://world.openfoodfacts.org/data,https://world.openfoodfacts.org/api/v2/search,2026-09-15T06:21:10.655304+00:00,community-contributed product label database,Open Database License (ODbL); individual contents under Database Contents License (DbCL),source-recorded; not independently label-verified,medium,
off-id-3451790397868,3451790397868,Elle & vire desserts lactes fruits cerise,,Elle & Vire,en:dairies | en:fermented-foods | en:fermented-milk-products | en:desserts | en:frozen-foods | en:dairy-desserts | en:fermented-dairy-desserts | en:fermented-dairy-desserts-with-fruits | en:yogurts | en:fruit-yogurts | en:cherry-yogurts | en:Produit laitier,"LAIT écrémé de vache, eau, sucre, cerise (6%), crème de LAIT de vache,
 fécule, additifs alimentaires : stabilisants : pectine, agar-agar, arôme naturel (goût
 cerise)",en:milk | en:Lait,en:french-milk | en:made-in-france | fr:triman,en:france,en:belgium | en:cote-d-ivoire | en:france | en:germany | en:indonesia | en:iraq | en:ireland | en:lebanon | en:luxembourg | en:morocco | en:spain | en:united-kingdom | en:world | en:Emirats Arabes Unis,en:plastic | en:pot-polymere-et-materiau-composite | fr:opercule-materiau-composite-et-etiquette-papier | fr:pot-plastique,4 x 125 g,125 g,"Métro, Toutes enseignes GMS","France, Normandie",400,76,2.3,1.6,16.3,12.8,0,2.2,0.1,0.04,https://world.openfoodfacts.org/data,https://world.openfoodfacts.org/api/v2/search,2026-09-15T06:21:10.655304+00:00,community-contributed product label database,Open Database License (ODbL); individual contents under Database Contents License (DbCL),source-recorded; not independently label-verified,medium,
off-id-8998009010613,8998009010613,Ultra Milk Full Cream,Ultra Milk Full Ceam,Ultra Jaya,en:dairies | en:milks-liquid-and-powder | en:milks | en:homogenized-milks | en:pasteurised-products | en:uht-milks | en:whole-milks,Fresh Milk (100%).,en:milk,en:halal | en:no-preservatives | en:fsc | en:fsc-mix | id:BPOM RI | id:NKV,en:indonesia,en:indonesia,en:box-carton,1 l,250 ml,Hypermart,"Indonesia, Kabupaten Bandung Barat",,,,,,,,,,,https://world.openfoodfacts.org/data,https://world.openfoodfacts.org/api/v2/search,2026-09-15T06:21:10.655304+00:00,community-contributed product label database,Open Database License (ODbL); individual contents under Database Contents License (DbCL),source-recorded; not independently label-verified,medium,missing_core_nutrition
off-id-8994963002824,8994963002824,Chicken noodles,,indomie,en:plant-based-foods-and-beverages | en:plant-based-foods | en:cereals-and-potatoes | en:cereals-and-their-products | en:dried-products | en:dried-products-to-be-rehydrated | en:pastas | en:noodles | en:instant-noodles | en:instant-noodle-soups,"Noodles 94% [WHEAT flour, refined palm oil (refined palm oil, antioxidant E319), salt, acidity regulators (E452, E501, E500), thickener: E412, colour: E101]
Seasoning Powder 5,6% [Salt, flavour enhancers (E621, E631, E627), sugar, flavouring (contains _soybean_, _celery_), white pepper, garlic, anticaking agent: E551, ginger],
Chili Powder 0,4%.",en:celery | en:gluten | en:soybeans,,,en:france | en:indonesia | en:poland,en:plastic,70 g,70 g,Carrefour,Serbia,1830.28571428571,444.285714285714,14.2857142857143,6.42857142857143,67.1428571428571,2.85714285714286,,9.42857142857143,4.91785714285714,1.96714285714286,https://world.openfoodfacts.org/data,https://world.openfoodfacts.org/api/v2/search,2026-09-15T06:21:10.655304+00:00,community-contributed product label database,Open Database License (ODbL); individual contents under Database Contents License (DbCL),source-recorded; not independently label-verified,medium,missing_labels
off-id-8997240600010,8997240600010,Oat Milk,,Oatside,en:dairies | en:milks-liquid-and-powder | en:milks,,,en:fsc | en:fsc-mix,,en:indonesia,,,1 serving (200 g),,,544,130,6,0.5,16,6,2,1,0.0002375,9.5e-05,https://world.openfoodfacts.org/data,https://world.openfoodfacts.org/api/v2/search,2026-09-15T06:21:10.655304+00:00,community-contributed product label database,Open Database License (ODbL); individual contents under Database Contents License (DbCL),source-recorded; not independently label-verified,medium,missing_ingredients
off-id-3451790019135,3451790019135,Elle & vire creme dessert cafe,,"Elle & Vire, Savencia",en:dairies | en:desserts | en:dairy-desserts | en:creams | en:entremets-mousses-and-creamy-puddings | en:creamy-puddings | en:coffee-creamy-puddings | en:Produit laitier,"LAIT de vache écrémé 72%, sucre, CRÈME 7,5%, fécule, sirop de glucose,
 extrait de café 1%, colorant : caramel ordinaire, épaississant : carraghénanes,
 arôme naturel (goût café), sel",en:milk | en:Lait,,,en:belgium | en:cote-d-ivoire | en:germany | en:indonesia | en:iraq | en:ireland | en:lebanon | en:luxembourg | en:morocco | en:spain | en:united-kingdom | en:Emirats Arabes Unis,en:pot-pp-et-etiquette-pp,4 x 100 g,100 g,,France,433,103,2.8,1.9,16.9,12.3,0,2.5,0.16,0.064,https://world.openfoodfacts.org/data,https://world.openfoodfacts.org/api/v2/search,2026-09-15T06:21:10.655304+00:00,community-contributed product label database,Open Database License (ODbL); individual contents under Database Contents License (DbCL),source-recorded; not independently label-verified,medium,missing_labels
off-id-8992760121014,8992760121014,oreo (w) vanilla 27.6g,,Oreo,en:snacks | en:sweet-snacks | en:biscuits-and-cakes | en:biscuits-and-crackers | en:biscuits | en:filled-biscuits,"WHEAT FLOUR, SUGAR, NON HYDROGENATED VEGETABLE OIL (PALM - CONTAINS ANTIOXIDANT TBHQ), COCOA POWDER, FRUCTOSE SYRUP, LEAVENING AGENTS/RAISING AGENTS (SODIUM BICARBONATE (E500ii), AMMONIUM BICARBONATE (E503ii)), CORNSTARCH, SALT, EMULSIFIER (SOY LECITHIN (E322)), FLAVOR (VANILLIN)",en:gluten | en:soybeans,en:halal,,en:france | en:indonesia | en:philippines | en:thailand,,27g,27.6 g,,,2036.2,481.884057971014,20.6,9.9,69.3,38.2,2,4.7,0,0,https://world.openfoodfacts.org/data,https://world.openfoodfacts.org/api/v2/search,2026-09-15T06:21:10.655304+00:00,community-contributed product label database,Open Database License (ODbL); individual contents under Database Contents License (DbCL),source-recorded; not independently label-verified,medium,
off-id-8996001440124,8996001440124,Energen Minuman Serbuk Sereal Susu Vanilla 34g,Energen Minuman Serbuk Sereal Susu Vanilla 34g,Energen,en:beverages-and-beverages-preparations | en:beverages | en:hot-beverages,"Gula, Krimer Nabati, Tepung Terigu (9,63%), Susu Bubuk (9,5%), Jagung, Oat (1,88%), Kalsium abonat Baram, Pengemulsi Nabati (Lesitin Kedelai), Premiks Vitamin (A, B1, B2, B6, Asam Folat, B12, D, dan E), Natrium Askorbat (Vitamin C), Telur Bubuk (0,01%), Ekstrak Malt (0,01%).",en:eggs | en:gluten | en:milk | en:soybeans,en:halal,en:indonesia,en:indonesia | en:philippines,id:aluminum-sachet,40 g,40g,,,827.5,450,4.5,4,31,18,12.5,2,0,1.375,https://world.openfoodfacts.org/data,https://world.openfoodfacts.org/api/v2/search,2026-09-15T06:21:10.655304+00:00,community-contributed product label database,Open Database License (ODbL); individual contents under Database Contents License (DbCL),source-recorded; not independently label-verified,medium,
off-id-8886008101091,8886008101091,AQUA,AQUA,Danone,en:beverages-and-beverages-preparations | en:beverages | en:waters | en:spring-waters | en:mineral-waters | id:air mineral,,,en:halal | en:certified-b-corporation | es:hecho-en-indonesia | en:Bangga Buatan Indonesia | en:Recycle Me,,en:indonesia,,1.5l,,"Alfamart, Astro Indonesia, Indomaret","Indonesia, Klaten",,,,,,,,,,,https://world.openfoodfacts.org/data,https://world.openfoodfacts.org/api/v2/search,2026-09-15T06:21:10.655304+00:00,community-contributed product label database,Open Database License (ODbL); individual contents under Database Contents License (DbCL),source-recorded; not independently label-verified,medium,missing_ingredients | missing_core_nutrition
off-id-8886008101053,8886008101053,Aqua Botol 600 ml,Aqua btl,Danone,en:beverages-and-beverages-preparations | en:beverages | en:waters | en:spring-waters | en:mineral-waters | en:natural-mineral-waters,RH 30,,,,en:france | en:indonesia | en:timor-leste,,600 ml,,,,,,,,,,,,,,https://world.openfoodfacts.org/data,https://world.openfoodfacts.org/api/v2/search,2026-09-15T06:21:10.655304+00:00,community-contributed product label database,Open Database License (ODbL); individual contents under Database Contents License (DbCL),source-recorded; not independently label-verified,medium,missing_core_nutrition | missing_labels
off-id-8997009510123,8997009510123,Orange water,orange water you.c1000,You C1000,en:beverages-and-beverages-preparations | en:plant-based-foods-and-beverages | en:beverages | en:waters | id:Isotonic water,"YOU-C1000 ISOTONIC DRINK TM E ORANGE WATER オレンジウォーター . Komposisi: Vitamin C 1000 mg (Ascorbic Acid, Sodium Ascorbate), 100% Jus Buah Orange Segar (Citrus Unshiu) 7,2 g, Natrium Klorida 5 mg. Kalsium Laktat 83 mg, Magnesium Klorida 25 mg, Kalium Fosfat 5 mg, Fruktosa, Gula, Orange Flavour, Beta-Carotene, Pengatur Keasaman dan Air sampai dengan 500 ml. Tanggal Kadaluarsa & Kode Produksi: Tertera pada botol. ⚫ Anjuran penyimpanan: Simpanlah di bawah suhu 30 °C. Jangan kena sinar matahari. Jangan dibekukan, isi dapat mengembang. Produsen: PT DJOJONEGORO C-1000 Jl. Raya Siliwangi km. 18,9, Cicurug Sukabumi 43359, Indonesia Tel.: (021) 79181416 Anjuran minum: 1 botol sehari. IKMAT",,en:halal,en:indonesia,en:indonesia,,500ml,500ml,,,134,32,0,0,8,8,,0,,,https://world.openfoodfacts.org/data,https://world.openfoodfacts.org/api/v2/search,2026-09-15T06:21:10.655304+00:00,community-contributed product label database,Open Database License (ODbL); individual contents under Database Contents License (DbCL),source-recorded; not independently label-verified,medium,
off-id-8997035563414,8997035563414,POCARI SWEAT 500 ml,POCARI SWEAT 500 ml,otsuka,en:beverages-and-beverages-preparations | en:beverages | en:artificially-sweetened-beverages | en:diet-beverages | id:Isotonik,"Air, gula, pengatur keasaman, natrium klorida, kalium klorida, kalsium laktat, magnesium karbonat, perisa sintetik, jus sitrus, dan antioksidan asam askorbat. Tanpa pengawet dan pemanis buatan. Minuman rasa sitrus",,,,en:indonesia,,500ml,1 serving (250 ml),,,,24,0,,6,5.6,,0,0.12,0.048,https://world.openfoodfacts.org/data,https://world.openfoodfacts.org/api/v2/search,2026-09-15T06:21:10.655304+00:00,community-contributed product label database,Open Database License (ODbL); individual contents under Database Contents License (DbCL),source-recorded; not independently label-verified,medium,missing_labels
off-id-3451790397622,3451790397622,Elle & vire desserts lactes fruits abricot,,Elle & Vire,en:dairies | en:fermented-foods | en:fermented-milk-products | en:desserts | en:dairy-desserts | en:fermented-dairy-desserts | en:fermented-dairy-desserts-with-fruits | en:yogurts | en:fruit-yogurts | en:Produit-laitier | fr:catégorie bien,"LAIT écrémé de vache, eau, sucre, abricot (6%), crème de LAIT de vache,
 fécule, additifs alimentaires : stabilisants : pectine, agar-agar, arômes naturels
 (goût abricot)",en:milk | en:Lait,en:made-in-france | fr:6 % de fruits | fr:Fabriqué en Normandie | fr:Lait frais,en:france | fr:Lait France,en:belgium | en:cote-d-ivoire | en:france | en:germany | en:indonesia | en:iraq | en:ireland | en:lebanon | en:luxembourg | en:morocco | en:spain | en:united-kingdom | en:world | en:Emirats Arabes Unis,en:fresh | en:pot-polymere-et-materiau-composite | fr:opercule-materiau-composite-et-etiquette-papier | fr:pot-en-plastique | fr:pot-plastique,4 x 125 g,125 g,Toutes enseignes GMS,"Condé-sur-Vire, France, Normandie",400,95,2.3,1.6,16.3,12.9,0,2.2,0.1,0.04,https://world.openfoodfacts.org/data,https://world.openfoodfacts.org/api/v2/search,2026-09-15T06:21:10.655304+00:00,community-contributed product label database,Open Database License (ODbL); individual contents under Database Contents License (DbCL),source-recorded; not independently label-verified,medium,
off-id-5010775204959,5010775204959,Cookie dough,,Nomo,,"Sugar, rice powder (dried rice syrup, rice starch, rice flour), cocoa butter*, vegetable oils (shea, coconut, sunflower, rapeseed), cocoa mass*, maize starch, inulin, rice flour, cocoa nibs*, emulsifier (lecithins), sea salt, raising agent (sodium bicarbonate), flavourings",en:eggs | en:gluten | en:peanuts,en:rainforest-alliance,,en:indonesia | en:united-kingdom,,,21.2 g,,,2341.98113207547,561.320754716981,34.9056603773585,20.7547169811321,59.9056603773585,27.8301886792453,,1.88679245283019,0.17688679245283,0.0707547169811321,https://world.openfoodfacts.org/data,https://world.openfoodfacts.org/api/v2/search,2026-09-15T06:21:10.655304+00:00,community-contributed product label database,Open Database License (ODbL); individual contents under Database Contents License (DbCL),source-recorded; not independently label-verified,medium,
off-id-8998866632287,8998866632287,Aquviva 600ml,Air Mineral Murni Alami,Aquviva,en:beverages-and-beverages-preparations | en:beverages | en:waters | en:spring-waters | en:mineral-waters,Air Mineral,,en:halal | en:SNI,en:indonesia,en:indonesia,,700ml,,,,,,,,,,,,,,https://world.openfoodfacts.org/data,https://world.openfoodfacts.org/api/v2/search,2026-09-15T06:21:10.655304+00:00,community-contributed product label database,Open Database License (ODbL); individual contents under Database Contents License (DbCL),source-recorded; not independently label-verified,medium,missing_core_nutrition
off-id-8996001440049,8996001440049,ENERGEN COKLAT 34g,ENERGEN COKLAT 34g,Energen,en:plant-based-foods-and-beverages | en:plant-based-foods | en:breakfasts | en:cereals-and-potatoes | en:cereals-and-their-products | en:breakfast-cereals,"naredients: Sugar, Non-dairy Creamer (Glucose Syrup, Hydrogenated Vegetable Fat (Coconut and/or P Oil), Sodium Caseinate, Stabilizer (Di-potassium Phosphate), Stabilizer (Sodium Polyphosphate Bulsifier (Sodium Stearoyl Lactate), Anticaking Agent (Silicon Dioxide)), Wheat Flour, Oats, Whey Po Cocoa Powder, Milk Powder, Corn, Calcium Carbonate, Chocolate Flavor, Salt, Emulsifier (Soy Lecitin Vitam remix (Vitamin A, B1, B2, B6, Folic Acid, B12, D and E), Egg Powder, Malt Extract. Alle formation: Contains Wheat, Milk, Oats, Soya, Egg, and Malt.",en:eggs | en:gluten | en:milk | en:soybeans,en:halal,en:indonesia,en:indonesia | en:philippines,,34g,1 serving (35 g),SM,Jakarta,1872.85714285714,428.571428571429,10,8.57142857142857,80,45.7142857142857,5.71428571428571,5.71428571428571,1.14285714285714,0,https://world.openfoodfacts.org/data,https://world.openfoodfacts.org/api/v2/search,2026-09-15T06:21:10.655304+00:00,community-contributed product label database,Open Database License (ODbL); individual contents under Database Contents License (DbCL),source-recorded; not independently label-verified,medium,
off-id-8992770094117,8992770094117,Saori Saos Tiram,SAORI Saus Tiram 23ml,Ajinomoto,en:condiments | en:sauces | en:oyster-sauces,,,,,en:indonesia,,23ml,,,,,,,,,,,,,,https://world.openfoodfacts.org/data,https://world.openfoodfacts.org/api/v2/search,2026-09-15T06:21:10.655304+00:00,community-contributed product label database,Open Database License (ODbL); individual contents under Database Contents License (DbCL),source-recorded; not independently label-verified,medium,missing_ingredients | missing_core_nutrition | missing_labels
off-id-3451790019685,3451790019685,Elle & vire desserts lactes mon grec myrtille,,Elle & Vire,en:dairies | en:fermented-foods | en:fermented-milk-products | en:desserts | en:dairy-desserts | en:fermented-dairy-desserts | en:fermented-dairy-desserts-with-fruits | en:yogurts | en:fruit-yogurts | en:Produit laitier,"LAIT écrémé de vache, crème (issue de LAIT de vache), sucre, eau, myrtille
 5,5%, protéines de LAIT, additifs alimentaires : stabilisants : pectine, agar-agar;
 fécule, arôme naturel (goût myrtille)",en:milk | en:Lait,en:pasteurized | en:made-in-france | fr:triman,,en:belgium | en:cote-d-ivoire | en:germany | en:indonesia | en:iraq | en:ireland | en:lebanon | en:luxembourg | en:martinique | en:spain | en:united-kingdom | en:Emirats Arabes Unis,en:pot-polymere-et-materiau-composite,4 x 125 g,125 g,,France,587,140,7.5,5.2,14.1,13.5,0,4.1,0.15,0.06,https://world.openfoodfacts.org/data,https://world.openfoodfacts.org/api/v2/search,2026-09-15T06:21:10.655304+00:00,community-contributed product label database,Open Database License (ODbL); individual contents under Database Contents License (DbCL),source-recorded; not independently label-verified,medium,
off-id-3451790019678,3451790019678,Elle & vire desserts lactes mon grec citron,,Elle & Vire,en:dairies | en:fermented-foods | en:fermented-milk-products | en:desserts | en:dairy-desserts | en:fermented-dairy-desserts | en:produit-laitier | fr:laticínios | fr:produtos-lácteos-fermentados | fr:sobremesas-de-laticínios,"Lait écrémé de vache, crème (issue de LAIT de vache), sucre, eau, citron 6%, protéines de LAIT, additifs alimentaires : stabilisant : pectine, agar-agar, fécule, arôme naturel (goût citron)",en:milk | en:Lait,,,en:belgium | en:cote-d-ivoire | en:germany | en:indonesia | en:iraq | en:ireland | en:lebanon | en:luxembourg | en:spain | en:united-kingdom | en:Emirats Arabes Unis,en:pot-polymere-et-materiau-composite,4 x 125 g,125 g,,France,582,139,7.5,5.2,13.8,13.2,0,4.1,0.24,0.096,https://world.openfoodfacts.org/data,https://world.openfoodfacts.org/api/v2/search,2026-09-15T06:21:10.655304+00:00,community-contributed product label database,Open Database License (ODbL); individual contents under Database Contents License (DbCL),source-recorded; not independently label-verified,medium,missing_labels
off-id-8997240602854,8997240602854,Creamy Classic Oat M*lk,Creamy Classic Oat M*lk,Nobo,en:beverages-and-beverages-preparations | en:plant-based-foods-and-beverages | en:beverages | en:plant-based-foods | en:cereals-and-potatoes | en:dairy-substitutes | en:cereals-and-their-products | en:milk-substitutes | en:plant-based-beverages | en:plant-based-milk-alternatives | en:cereal-based-drinks | en:oat-based-drinks | id:Plant based milk,"Oat Base (Air, Oat Bubuk), Minyak Nabati, Gula, Kalsium Karbonat, Penstabil Fosfat, Garam, Perisa Sintetik, Premiks Vitamin (Vitamin E, B1, B3, B6, B12), Vitamin D. Kandungan Oat Bubuk: 8%",en:gluten,en:halal | en:fsc | en:fsc-mix | id:BPOM RI,,en:indonesia,,200ml,180ml,,"Bandung, Indonesia",,,,,,,,,,,https://world.openfoodfacts.org/data,https://world.openfoodfacts.org/api/v2/search,2026-09-15T06:21:10.655304+00:00,community-contributed product label database,Open Database License (ODbL); individual contents under Database Contents License (DbCL),source-recorded; not independently label-verified,medium,missing_core_nutrition
off-id-8886467100017,8886467100017,Pringles original,Pringles Original 107gr,Pringles Salt & Seaweed,en:plant-based-foods-and-beverages | en:plant-based-foods | en:snacks | en:cereals-and-potatoes | en:salty-snacks | en:appetizers | en:chips-and-fries | en:potatoes-and-their-products | en:crisps | en:salty-snacks-made-from-potato | en:stacked-extruded-potato-crisps,RH.30,,,,en:hong-kong | en:indonesia | en:thailand,,134gr,25 g,,,,532,,,60,1.2,3.1,4.4,,,https://world.openfoodfacts.org/data,https://world.openfoodfacts.org/api/v2/search,2026-09-15T06:21:10.655304+00:00,community-contributed product label database,Open Database License (ODbL); individual contents under Database Contents License (DbCL),source-recorded; not independently label-verified,medium,missing_labels
off-id-8998866200301,8998866200301,Mi Sedaap,,Mi Sedaap,en:plant-based-foods-and-beverages | en:plant-based-foods | en:cereals-and-potatoes | en:cereals-and-their-products | en:dried-products | en:pastas | en:dried-products-to-be-rehydrated | en:noodles | en:instant-noodles,,,,en:indonesia,en:indonesia | en:philippines,en:aluminium-sachet,90g,1 pack (90 g),,Karunia Alam Segar (Gresik),2016.66666666667,466.666666666667,18.8888888888889,8.88888888888889,63.3333333333333,6.66666666666667,8.88888888888889,10,3.25,1.3,https://world.openfoodfacts.org/data,https://world.openfoodfacts.org/api/v2/search,2026-09-15T06:21:10.655304+00:00,community-contributed product label database,Open Database License (ODbL); individual contents under Database Contents License (DbCL),source-recorded; not independently label-verified,medium,missing_ingredients | missing_labels
off-id-8000500220412,8000500220412,NUTTELA 680g,NUTELLA HAZELNUT SPREAD JAR,Ferrero,en:breakfasts | en:spreads | en:sweet-spreads | fr:pates-a-tartiner | en:chocolate-spreads | en:hazelnut-spreads | en:cocoa-and-hazelnuts-spreads | en:Pâtes à tartiner,"Sugar, Vegetable Fat (Palm), Hazelnuts 13%, Skimmed Milk Powder 8.7%, Fat Reduced Cocoa Powder 7.4%, Lecithin (Soy), Flavouring (Vanillin)",en:milk | en:nuts | en:soybeans,en:halal,,en:indonesia | en:malaysia | en:singapore,en:jar-pete-4,680 g,15g,,Australia,2257,539,30.9,0,57.5,56.3,,6.3,0.105,0.042,https://world.openfoodfacts.org/data,https://world.openfoodfacts.org/api/v2/search,2026-09-15T06:21:10.655304+00:00,community-contributed product label database,Open Database License (ODbL); individual contents under Database Contents License (DbCL),source-recorded; not independently label-verified,medium,
off-id-8886467100055,8886467100055,Pringles Hot & Spicy,Pringles Hot & Spicy,"Pringles, พริงเกิลส์",en:plant-based-foods-and-beverages | en:plant-based-foods | en:snacks | en:cereals-and-potatoes | en:salty-snacks | en:appetizers | en:chips-and-fries | en:potatoes-and-their-products | en:crisps | en:salty-snacks-made-from-potato | en:potato-fries | en:stacked-extruded-potato-crisps | en:Made,"Kentang kering 45%, minyak sawit olein, tepung jagung, _pati gandum_, bumbu pedas (gula, garam, penguat rasa (mononatrium L-glutamat, dinatrium 5'-guanilat, dinatrium 5'-inosinat), maltodekstrin, bawang, bawang putih, rempah-rempah (cabe 0.1%, merica, jahe, kayu manis, adas, adas bintang, cengkeh), ekstrak ragi, pengatur keasaman (asam sitrat, asam laktat), antikempal (silikon dioksida), penstabil (trikalsium fosfat), paprika oleoresin, ekstrak cabe, pemanis buatan aspartam), pengemulsi nabati, maltodekstrin, pengatur keasaman asam sitrat.",id:Pati gandum | id:pati gandum,en:halal,,en:indonesia | en:thailand,,107 g,110 g,,Malaysia,2158.8,516,27.7,12.1,61,4.1,,5.7,1.4125,0.565,https://world.openfoodfacts.org/data,https://world.openfoodfacts.org/api/v2/search,2026-09-15T06:21:10.655304+00:00,community-contributed product label database,Open Database License (ODbL); individual contents under Database Contents License (DbCL),source-recorded; not independently label-verified,medium,
off-id-8996001301142,8996001301142,Roma Biskuit Kelapa,Roma Biskuit Kelapa,"Mayora, Roma",en:snacks | en:sweet-snacks | en:biscuits-and-cakes | en:biscuits-and-crackers | en:biscuits | en:dry-biscuits,,,en:halal,,en:indonesia,en:plastic,300 g,23g,,Indonesia,2054.34782608696,478.260869565217,19.5652173913043,8.69565217391304,69.5652173913043,21.7391304347826,,8.69565217391304,0.347826086956522,0.139130434782609,https://world.openfoodfacts.org/data,https://world.openfoodfacts.org/api/v2/search,2026-09-15T06:21:10.655304+00:00,community-contributed product label database,Open Database License (ODbL); individual contents under Database Contents License (DbCL),source-recorded; not independently label-verified,medium,missing_ingredients
off-id-8999510785540,8999510785540,Pristine,,,en:beverages-and-beverages-preparations | en:beverages | en:waters,,,,,en:indonesia,,,,,,,,,,,,,,,,https://world.openfoodfacts.org/data,https://world.openfoodfacts.org/api/v2/search,2026-09-15T06:21:10.655304+00:00,community-contributed product label database,Open Database License (ODbL); individual contents under Database Contents License (DbCL),source-recorded; not independently label-verified,medium,missing_ingredients | missing_brand | missing_core_nutrition | missing_labels
off-id-8990044000000,8990044000000,Pocky chocolate,,Glico,en:snacks | en:sweet-snacks | en:biscuits-and-cakes | en:biscuits-and-crackers | en:biscuits | en:chocolate-biscuits,"Glaçage aromatisé au chocolate noir (sucre, huile de palme, émulsifiants (E492, E322 (SOJA)), cacao, LACTOSERUM en poudre (LATI), sel, arôme), farine de BLÉ (GLUTEN), sucre, agent épaississant (E1412), shortening (palmier, antioxydant (E307)), farine de BLE entier (GLUTEN), LAIT en poudre, extrait de MALT (GLUTEN), sel, arômes (beurre (antioxydant (E307)), lait), poudre à lever (E500), levure.",en:gluten | en:milk | en:soybeans | fi:BLE | fi:BLÉ | fi:LACTOSERUM | fi:LAIT | fi:MALT | fi:beurre | fi:lait,en:halal,en:indonesia,en:finland | en:indonesia,,47g,2,Noz,,2093,499.3694212766,18.297872340426,15.744680851064,72.765957446809,31.914893617021,0,8.936170212766,0.51063829787235,0.20425531914894,https://world.openfoodfacts.org/data,https://world.openfoodfacts.org/api/v2/search,2026-09-15T06:21:10.655304+00:00,community-contributed product label database,Open Database License (ODbL); individual contents under Database Contents License (DbCL),source-recorded; not independently label-verified,medium,
off-id-0899197910205,0899197910205,Sandwich rillettes du mans - Boulangerie Angr,,,,,,,,en:indonesia,,,260.0g,,,1026.14615384615,248.846153846154,9.93461538461538,3.37307692307692,30.8423076923077,0.730769230769231,0.0423076923076923,7.87692307692308,,,https://world.openfoodfacts.org/data,https://world.openfoodfacts.org/api/v2/search,2026-09-15T06:21:10.655304+00:00,community-contributed product label database,Open Database License (ODbL); individual contents under Database Contents License (DbCL),source-recorded; not independently label-verified,medium,missing_ingredients | missing_brand | missing_labels
off-id-8996129809131,8996129809131,Cleo,Cleo,Cleo,en:beverages-and-beverages-preparations | en:beverages | en:waters | id:Air mineral,Air,,,en:indonesia,en:indonesia,,220,,,,,,,,,,,,,,https://world.openfoodfacts.org/data,https://world.openfoodfacts.org/api/v2/search,2026-09-15T06:21:10.655304+00:00,community-contributed product label database,Open Database License (ODbL); individual contents under Database Contents License (DbCL),source-recorded; not independently label-verified,medium,missing_core_nutrition | missing_labels
off-id-0074410741860,0074410741860,Japanese Green Tea,,Pokka,en:beverages-and-beverages-preparations | en:plant-based-foods-and-beverages | en:beverages | en:hot-beverages | en:plant-based-beverages | en:beverage-preparations | en:teas | en:green-teas | en:herbal-teas | en:unsweetened-beverages | en:japanese-green-teas,"Wasser, frisch gebühter Grüntee (43%), ascorbinsäure (E300)",id:Asam askorbat,en:low-or-no-sugar | en:no-sugar | fr:Analyse des dangers et points critiques pour leur maîtrise | fr:BRC | fr:HACCCP,,en:australia | en:france | en:indonesia | en:malaysia | en:new-zealand | en:switzerland,en:metal | en:can | en:drink-can,"300 ml, 10.1 fl oz",33 cl,Paris Store,Singapour,0,0,0,0,0,0,0,0,0.02,0.008,https://world.openfoodfacts.org/data,https://world.openfoodfacts.org/api/v2/search,2026-09-15T06:21:10.655304+00:00,community-contributed product label database,Open Database License (ODbL); individual contents under Database Contents License (DbCL),source-recorded; not independently label-verified,medium,
off-id-8852756303056,8852756303056,Kelloggs Corn Flakes E-1B,Kellogg's Corn Flakes,"Kellogg's, เคลล็อกส์",en:plant-based-foods-and-beverages | en:plant-based-foods | en:breakfasts | en:cereals-and-potatoes | en:cereals-and-their-products | en:breakfast-cereals | en:flakes | en:cereal-flakes | en:extruded-cereals | en:extruded-flakes | en:corn-flakes,"Corn (90%), Sugar, Malt Extract, lodized Salt, Vitamins & Minerals (Vitamin C, Iron (Reduced Iron, Iron Salt), Vitamin B3, Zinc Oxide, Vitamin A, Vitamin B6, Vitamin B12, Vitamin B2, Vitamin B1, Folic Acid), Antioxidant (Mixed Tocopherol). Contains gluten and soybean. May contain traces of peanuts, tree nuts and milk.",en:gluten | en:soybeans | en:Ekstrak Malt,en:halal,,en:indonesia | en:thailand,,150 g,30 g,,Thailand,,365,0.8,0.2,85,9,2.6,7,1.6675,0.667,https://world.openfoodfacts.org/data,https://world.openfoodfacts.org/api/v2/search,2026-09-15T06:21:10.655304+00:00,community-contributed product label database,Open Database License (ODbL); individual contents under Database Contents License (DbCL),source-recorded; not independently label-verified,medium,
off-id-8886467100024,8886467100024,Pringles Sour Cream & Onion,Pringles Sour Cream & Onion,Pringles,en:plant-based-foods-and-beverages | en:plant-based-foods | en:snacks | en:cereals-and-potatoes | en:salty-snacks | en:appetizers | en:chips-and-fries | en:potatoes-and-their-products | en:crisps | en:salty-snacks-made-from-potato | en:stacked-extruded-potato-crisps | en:Snacks-salés | en:Tuiles-salées,"Serpihan kentang (42%), minyak sawit olein, tepung jagung, _pati gandum_, bumbu krim asam dan bawang (maltodekstrin, gula, garam, penguat rasa (mononatrium L-glutamat, dinatrium 5'-inosinat, dinatrium 5'-guanilat), perusa alami dan sintetik, bubuk bawang (0.16%), bubuk krim asam (mengandung _susu_) (0.05%), pengatur keasaman (asam sitrat, kalsium laktat, asam asetat), peterseli, penstabil (trikalsium fosfat), antikempal (silikon dioksida), minyak bunga matahari), pengemulsi nabati, maltodekstrin, pengatur keasaman asam sitrat",en:gluten | en:milk | en:soybeans | fr:pati gandum | fr:susu,en:halal,,en:france | en:indonesia | en:thailand,en:cardboard,107 g,25g,"Alfamart, Indomaret, Sup","Malaysia, Negeri Sembilan",2178.2,515,27.3,12.1,61.7,2.3,3,5.6,0.888,0.888,https://world.openfoodfacts.org/data,https://world.openfoodfacts.org/api/v2/search,2026-09-15T06:21:10.655304+00:00,community-contributed product label database,Open Database License (ODbL); individual contents under Database Contents License (DbCL),source-recorded; not independently label-verified,medium,
off-id-8996001600399,8996001600399,Le Minerale 1.5l,"Le Minerale 1,5 L",Le Minerale,en:beverages-and-beverages-preparations | en:beverages | en:waters | en:spring-waters | en:mineral-waters,RH 30,,,,en:france | en:indonesia,,1.5 L,,,,0,0,0,0,0,0,,0,0,0,https://world.openfoodfacts.org/data,https://world.openfoodfacts.org/api/v2/search,2026-09-15T06:21:10.655304+00:00,community-contributed product label database,Open Database License (ODbL); individual contents under Database Contents License (DbCL),source-recorded; not independently label-verified,medium,missing_labels
off-id-8997035563544,8997035563544,POCARI SWEAT 350ml,POCARI SWEAT 350ml,Otsuka,en:beverages-and-beverages-preparations | en:beverages | en:artificially-sweetened-beverages | en:diet-beverages | en:dietary-drink-for-sport | id:Isotonik,"Komposisi: Air, gula, pengatur keasaman, natrium klorida, kalium klorida, kalsium laktat, magnesium karbonat, antioksidan asam askorbat, perisa sintetik, dan jus sitrus. Tanpa pengawet dan pemanis buatan. Minuman rasa sitrus.",,en:halal,,en:indonesia,,350 ml,250ml,,,102,24,0,0,6,5.6,,0,0.048,0.0192,https://world.openfoodfacts.org/data,https://world.openfoodfacts.org/api/v2/search,2026-09-15T06:21:10.655304+00:00,community-contributed product label database,Open Database License (ODbL); individual contents under Database Contents License (DbCL),source-recorded; not independently label-verified,medium,
off-id-0733739012944,0733739012944,Magnesium Citrate,,,en:dietary-supplements,,,en:vegetarian | en:vegan,,en:indonesia,,,,,,,0,0,0,0,0,0,0,0,0,https://world.openfoodfacts.org/data,https://world.openfoodfacts.org/api/v2/search,2026-09-15T06:21:10.655304+00:00,community-contributed product label database,Open Database License (ODbL); individual contents under Database Contents License (DbCL),source-recorded; not independently label-verified,medium,missing_ingredients | missing_brand
off-id-0089686420036,0089686420036,صلصه صويا,,Indofood,en:condiments | en:sauces | en:soy-sauces,,,,,en:indonesia,,135ml,,,,1703.33333333333,446.66666666667,0,0,98,93.333333333333,4.6666666666667,0,2,0.8,https://world.openfoodfacts.org/data,https://world.openfoodfacts.org/api/v2/search,2026-09-15T06:21:10.655304+00:00,community-contributed product label database,Open Database License (ODbL); individual contents under Database Contents License (DbCL),source-recorded; not independently label-verified,medium,missing_ingredients | missing_labels
off-id-8996001302620,8996001302620,Malkist,,Mayora,en:snacks | en:sweet-snacks | en:biscuits-and-cakes | en:biscuits-and-crackers | en:biscuits | en:chocolate-biscuits,,,,,en:indonesia | en:philippines,,,24g,,,2129.16666666667,500,25,16.6666666666667,62.5,20.8333333333333,,8.33333333333333,1.19791666666667,0.479166666666667,https://world.openfoodfacts.org/data,https://world.openfoodfacts.org/api/v2/search,2026-09-15T06:21:10.655304+00:00,community-contributed product label database,Open Database License (ODbL); individual contents under Database Contents License (DbCL),source-recorded; not independently label-verified,medium,missing_ingredients | missing_labels
off-id-8710428019677,8710428019677,pediacomplete,,abbott,en:dietary-supplements | en:bodybuilding-supplements | en:protein-powders,,,,,en:germany | en:indonesia,en:plastic,400g,400,,,,,,,,,,,,,https://world.openfoodfacts.org/data,https://world.openfoodfacts.org/api/v2/search,2026-09-15T06:21:10.655304+00:00,community-contributed product label database,Open Database License (ODbL); individual contents under Database Contents License (DbCL),source-recorded; not independently label-verified,medium,missing_ingredients | missing_core_nutrition | missing_labels
off-id-0089686171907,0089686171907,Mi Goreng,,indomie,en:plant-based-foods-and-beverages | en:plant-based-foods | en:cereals-and-potatoes | en:cereals-and-their-products | en:dried-products | en:dried-products-to-be-rehydrated | en:pastas | en:noodles | en:instant-noodles,"NOODLES: Wheat flour (62%), refined palm oil (contains antioxidant 319), salt, acidity regulators (451, 501, 500)
SEASONING POWDER: sugar, salt, flavour enhancers (621, 631, 627), onion, artificial chicken flavour (soybean, wheat), garlic, colour (150a), white pepper, anti-caking agent (551)
SEASONING OIL: Refined palm oil (contains antioxidant 319), garlic, shallot
SWEET SOY SAUCE sugar, water, wheat, soybean, salt, spices, sesame oil
CHILLI SAUCE: Chilli, water, sugar, salt, tapioca starch, acidity regulators (260, 330), flavour enchancers (621, 631, 627), garlic flavour, preservatives (211,223)
FRIED SHALLOT: Shallot, refined palm oil.",en:gluten | en:soybeans,en:halal,,en:indonesia | en:new-zealand,,85 g,1 serving (85 g),,,1937.64705882353,220.571428571429,20,9.41176470588235,60,7.05882352941176,4.70588235294118,8.23529411764706,2.55882352941176,1.02352941176471,https://world.openfoodfacts.org/data,https://world.openfoodfacts.org/api/v2/search,2026-09-15T06:21:10.655304+00:00,community-contributed product label database,Open Database License (ODbL); individual contents under Database Contents License (DbCL),source-recorded; not independently label-verified,medium,
off-id-7622300442507,7622300442507,Oreo Blueberry Ice Cream,,"Oreo, Mondelez International",en:snacks | en:sweet-snacks | en:biscuits-and-cakes | en:biscuits-and-crackers | en:biscuits | en:filled-biscuits,"wheat flour, sugar, vegetable oil (palm), cocoa powder (3,9%), fructose syrup, raising agents (e500(ii), e503 (ii)), corn starch, dextrose, salt, emulsifier (soy lecithin), flavourings (ice-cream, blueberry, blackcurrant, vanilla), colour (e120), acidity regulator (e330)",en:gluten | en:soybeans,en:halal,en:indonesia,en:cambodia | en:france | en:indonesia | en:vietnam,,119.6g,100 g,"7-Eleven, Aeon Express, Franprix",,1970.2,471,18.1,0,72.5,39.9,0,4,1.25,0.5,https://world.openfoodfacts.org/data,https://world.openfoodfacts.org/api/v2/search,2026-09-15T06:21:10.655304+00:00,community-contributed product label database,Open Database License (ODbL); individual contents under Database Contents License (DbCL),source-recorded; not independently label-verified,medium,
off-id-8852756304299,8852756304299,Special K,,Kellogg's,en:plant-based-foods-and-beverages | en:plant-based-foods | en:breakfasts | en:cereals-and-potatoes | en:cereals-and-their-products | en:breakfast-cereals | en:flakes | en:cereal-flakes,"Beras (51%), Gandum (19%), Gula, Tepung Gandum (11%), Kulit Gandum (3%), Pati Gandum (1%), Garam, Ekstrak Malt, Premiks Vitamin dan Mineral (Vitamin (A, B1 (Tiamin), B2 (Riboflavin), B3 (Niasin), B6 (Piridoksin), B9 (Asam Folat), B12 (Sianokobalamin), C (Asam Askorbat))) dan Mineral Zat Besi, Antioksidan Tokoferol.",,,,en:indonesia,,,,,,,382,2.3,0.5,79.2,16.9,,8,0.4,0.16,https://world.openfoodfacts.org/data,https://world.openfoodfacts.org/api/v2/search,2026-09-15T06:21:10.655304+00:00,community-contributed product label database,Open Database License (ODbL); individual contents under Database Contents License (DbCL),source-recorded; not independently label-verified,medium,missing_labels
off-id-4023300857507,4023300857507,Langnese Ginseng w/ honey 2yrs prod,,Langnese,en:breakfasts | en:spreads | en:sweet-spreads | en:bee-products | en:farming-products | en:sweeteners | en:honeys,,,,,en:indonesia,,375g,,,,,,,,,,,,,,https://world.openfoodfacts.org/data,https://world.openfoodfacts.org/api/v2/search,2026-09-15T06:21:10.655304+00:00,community-contributed product label database,Open Database License (ODbL); individual contents under Database Contents License (DbCL),source-recorded; not independently label-verified,medium,missing_ingredients | missing_core_nutrition | missing_labels
off-id-8996006858030,8996006858030,Teh botol less sugar,,,,,,,,en:indonesia,,,225.0g,,,,20,,,4.88888888888889,4.88888888888889,,,0.05,0.02,https://world.openfoodfacts.org/data,https://world.openfoodfacts.org/api/v2/search,2026-09-15T06:21:10.655304+00:00,community-contributed product label database,Open Database License (ODbL); individual contents under Database Contents License (DbCL),source-recorded; not independently label-verified,medium,missing_ingredients | missing_brand | missing_labels
off-id-8888166606395,8888166606395,Salcheese combo,,KHONG GUAN,en:snacks | en:sweet-snacks | en:biscuits-and-cakes | en:biscuits-and-crackers | en:biscuits,,,en:halal,,en:indonesia,,,1 portion (17 g),,,2226.47058823529,529.411764705882,26.4705882352941,11.7647058823529,64.7058823529412,23.5294117647059,5.88235294117647,5.88235294117647,0.661764705882353,0.264705882352941,https://world.openfoodfacts.org/data,https://world.openfoodfacts.org/api/v2/search,2026-09-15T06:21:10.655304+00:00,community-contributed product label database,Open Database License (ODbL); individual contents under Database Contents License (DbCL),source-recorded; not independently label-verified,medium,missing_ingredients
off-id-8997020180961,8997020180961,3 In 1 Oats Vanilla,,Quacker,en:plant-based-foods-and-beverages | en:plant-based-foods | en:breakfasts | en:cereals-and-potatoes | en:cereals-and-their-products | en:breakfast-cereals,,,en:halal,,en:indonesia,,,28 g,,,1755.35714285714,392.857142857143,8.92857142857143,5.35714285714286,75,25,3.57142857142857,7.14285714285714,0.294642857142857,0.117857142857143,https://world.openfoodfacts.org/data,https://world.openfoodfacts.org/api/v2/search,2026-09-15T06:21:10.655304+00:00,community-contributed product label database,Open Database License (ODbL); individual contents under Database Contents License (DbCL),source-recorded; not independently label-verified,medium,missing_ingredients
off-id-8993004789083,8993004789083,Mr potato original,,,,,,en:halal,,en:indonesia,,,,,,,,,,,,,,,,https://world.openfoodfacts.org/data,https://world.openfoodfacts.org/api/v2/search,2026-09-15T06:21:10.655304+00:00,community-contributed product label database,Open Database License (ODbL); individual contents under Database Contents License (DbCL),source-recorded; not independently label-verified,medium,missing_ingredients | missing_brand | missing_core_nutrition
off-id-0089686010015,0089686010015,Indomie Ayam Bawang,Rasa Ayam Bawang,indomie,en:plant-based-foods-and-beverages | en:plant-based-foods | en:dried-products | en:dried-products-to-be-rehydrated | en:pastas | en:noodles | en:instant-noodles,"palm oil (contains antioxidant: E319),tapiocastarch, solasauspoe Âtodextrin, flavour enhancers: E621, E631 E627, shrimp, creamer voedingszuu hydrogenated palm kernel oil, milk protein, acidity regulator: E340, verdikkings emvìtul,anti-caking agent: E551), vegetables (garlic, spring onion), corn Ditproduct sps(chllli, pepper, ginger), acidity regulators: E500, E452, E451, soy Ingré sauce glucose syrup, maltodextrin, colour: E150c, acidi E330, amidon de palm ojl), dehydrated seaweed, flavouring, thickener: E466, yeast E627, cre hydrogéné extract —zutaters Wilnehl, Palmôl (enthâlt Antioxidationsmittel: E319), poivre, gi antiagglon CONOtraces offish, sesame, celeryand sulphjte. Tapiokastârke, Maltodextrin, Geschmacksverstàrker: E621, E631, poudre ki E627, Garnelem (Glukosesirup, gehàrtetes Palmkernôl, MilcheiweiB, 830, hi gureregulabrt E 341Erfihator E471, Trennmittel: E551), Gemüse (Knoblauch, extralit würze (Chili, Pfeffer, Ingwer), saureregulatoren•. Ce pro Frühlingszwiebel)",en:crustaceans | en:milk | en:sesame-seeds,en:halal | en:BPOM | en:SNI,en:indonesia,en:france | en:indonesia,,69g,69 g,,,1409.3,447,11.4,5.2,49.4,3.1,2.1,7.7,3,1.2,https://world.openfoodfacts.org/data,https://world.openfoodfacts.org/api/v2/search,2026-09-15T06:21:10.655304+00:00,community-contributed product label database,Open Database License (ODbL); individual contents under Database Contents License (DbCL),source-recorded; not independently label-verified,medium,
off-id-0089686010527,0089686010527,Indomie Kari Ayam,Indomie Mi Instan Kari Ayam 70 gr,indomie,en:plant-based-foods-and-beverages | en:plant-based-foods | en:cereals-and-potatoes | en:cereals-and-their-products | en:dried-products | en:pastas | en:dried-products-to-be-rehydrated | en:noodles | en:instant-noodles | en:instant-noodle-soups,RH 60,,,,en:indonesia | en:spain,,72g,1 serving (72 g),,,1933.33333333333,458.333333333333,19.4444444444444,9.72222222222222,59.7222222222222,2.77777777777778,4.16666666666667,9.72222222222222,1.69444444444444,1.69444444444444,https://world.openfoodfacts.org/data,https://world.openfoodfacts.org/api/v2/search,2026-09-15T06:21:10.655304+00:00,community-contributed product label database,Open Database License (ODbL); individual contents under Database Contents License (DbCL),source-recorded; not independently label-verified,medium,missing_labels
off-id-9319133333574,9319133333574,"Carman's Super Berry Muesli Bars (Cranberry, Blueberry & Goji)",,Carman's,en:snacks | en:sweet-snacks | en:bars | en:cereal-bars,"Carman's Muesli Blend 80% (Whole Grain _Oats_ 46%, Seeds 16% [Pepitas, _Sesame_ Seeds, Sunflower Seeds], Fruit 14% [Berries (Cranberries 4.3%, Goji Berries 2.9%, Blueberries 1.4%), Currants, Coconut 2.7%], Sunflower Oil, Nuts 6% [_Almonds_, _Pecans_], Golden Syrup, _Oat_ Flour, Cinnamon), Glucose, Natural Vanilla Flavour.",en:gluten | en:nuts | en:sesame-seeds,en:vegetarian | en:halal | en:kosher | en:vegan | en:australian-made | en:health-star-rating | en:health-star-rating-4 | en:FODMAP Friendly,en:Made in Australia from at least 52% Australian ingredients,en:australia | en:indonesia | en:malaysia | en:singapore,en:box | en:cardboard,270g,1 serving (45 g),"Coles, Woolworths",,1847.33333333333,442.222222222222,19.3333333333333,3.55555555555556,53.7777777777778,15.1111111111111,6.44444444444444,9.77777777777778,0.0611111111111111,0.0244444444444444,https://world.openfoodfacts.org/data,https://world.openfoodfacts.org/api/v2/search,2026-09-15T06:21:10.655304+00:00,community-contributed product label database,Open Database License (ODbL); individual contents under Database Contents License (DbCL),source-recorded; not independently label-verified,medium,
off-id-0648436101283,0648436101283,VOLCANO CHICKEN NOODLE,,paldo,en:plant-based-foods-and-beverages | en:plant-based-foods | en:cereals-and-potatoes | en:cereals-and-their-products | en:dried-products | en:pastas | en:dried-products-to-be-rehydrated | en:noodles | en:instant-noodles,"NOODLES (WHEAT FLOUR, POTATO STARCH, MODIFIED POTATO STARCH, PALM OIL, SALT, EMULSIFIED OIL[SUNFLOWER SEED OIL, LECITHIN(SOY)], WHEAT GLUTEN, VEGETABLE EXTRACT(GARLIC,ONION), YEAST EXTRACT, ALKALINE AGENT(POTASSIUM CARBONATE, SODIUM CARBONATE, SODIUM PHOSPHATE), GUAR GUM, RIBOFLAVIN, GREEN TEA EXTRACT)

SAUCE (SPICY SAUCE[RED PEPPER POWDER, RED PEPPER EXTRACT, SOY SAUCE(SOY,WHEAT,SALT), MONOSODIUM GLUTAMATE, CAPSICUM], WATER, FRUCTOSE SUGAR, SOY SAUCE(SOY,WHEAT,SALT), YEAST EXTRACT, RED PEPPER POWDER, MALTODEXTRIN, GLUCOSE, SALT, FLAVOUR ENHANCER(MALTODEXTRIN, SUGAR, SODIUM LIBONUCLEOTIDE), ARTIFICIAL BEEF FLAVOUR, ARTIFICIAL CHICKEN FLAVOUR, GARLIC, CURRY POWDER(TURMERIC, MONOSODIUM GLUTAMATE, MUSTARD), SOYBEAN OIL, PAPRIKA, CARAMEL SYRUP, GINGER EXTRACT, MODIFIED TAPIOCA STARCH)

FLAKE (ROASTED SESAME, SEAWEED)",en:gluten | en:mustard | en:sesame-seeds | en:soybeans,,,en:indonesia,en:plastic | en:pp-5-polypropylene,4 x 140 g,140g,Mango Supermarked,"Gangnam-daero, Korea, Seocho-gu, Seoul, South-Korea",1548,371.42857142857,10,5,62.857142857143,9.2857142857143,2.1428571428571,7.1428571428571,2.25,0.9,https://world.openfoodfacts.org/data,https://world.openfoodfacts.org/api/v2/search,2026-09-15T06:21:10.655304+00:00,community-contributed product label database,Open Database License (ODbL); individual contents under Database Contents License (DbCL),source-recorded; not independently label-verified,medium,missing_labels
off-id-0089686060027,0089686060027,Pop Mie Rasa Ayam,Pop Mie Rasa Ayam,indomie,en:plant-based-foods-and-beverages | en:plant-based-foods | en:dried-products | en:dried-products-to-be-rehydrated | en:pastas | en:noodles | en:instant-noodles,RH-30,,,,en:indonesia,,75 g,60g,,,1951.66666666667,451.666666666667,18.3333333333333,8.33333333333333,65,3.33333333333333,3.33333333333333,8.33333333333333,4.325,1.73,https://world.openfoodfacts.org/data,https://world.openfoodfacts.org/api/v2/search,2026-09-15T06:21:10.655304+00:00,community-contributed product label database,Open Database License (ODbL); individual contents under Database Contents License (DbCL),source-recorded; not independently label-verified,medium,missing_labels
off-id-8888166603431,8888166603431,Superco (Malkist dengan Krim Rasa Cokelat),Superco (Malkist dengan Krim Rasa Cokelat),Khong Guan,en:snacks | en:sweet-snacks | en:biscuits-and-cakes | en:biscuits-and-crackers | en:biscuits,"Tepung Terigu, Gula, Lemak Nabati (mengandung antioksidan tokoferol), Cokelat Bubuk (3.7%), Tapioka, Susu Bubuk, Dekstrosa, Garam, Ekstrak Malt, Ragi, Pengembang (Amonium Bikarbonat dan Natrium Bikarbonat), Pengemulsi Lesitin Kedelai, Perisa Sintetik Vanilla.",en:milk,en:halal,,en:indonesia,,22g,18g,,,,444.444444444444,16.6666666666667,8.33333333333333,72.2222222222222,22.2222222222222,,5.55555555555556,0.444444444444444,0.177777777777778,https://world.openfoodfacts.org/data,https://world.openfoodfacts.org/api/v2/search,2026-09-15T06:21:10.655304+00:00,community-contributed product label database,Open Database License (ODbL); individual contents under Database Contents License (DbCL),source-recorded; not independently label-verified,medium,
off-id-8992775311615,8992775311615,Chocolatos 24Pcs,,Garudafood,en:Wafer roll,,,en:halal,,en:indonesia,,24 x 6.5g,,,,,,,,,,,,,,https://world.openfoodfacts.org/data,https://world.openfoodfacts.org/api/v2/search,2026-09-15T06:21:10.655304+00:00,community-contributed product label database,Open Database License (ODbL); individual contents under Database Contents License (DbCL),source-recorded; not independently label-verified,medium,missing_ingredients | missing_core_nutrition
off-id-8852756707045,8852756707045,Froot Loops,,Kellogg's,en:breakfasts,"Sereal 66.29% (Mengandung Tepung Jagung 36.95%, Tepung Gandum 21.90%, Tepung Barley 7.44%, Gula, Minyak Goreng Kelapa Sawit, Garam, Pewarna Alami (Ekstrak Cochineal Cl. No.75470, Antosianin, Karamel IV Amonia Sulfit Proses, Kurkumin Cl. No. &5300), Premiks Vitamin dan Mineral (Vitamin (A, B1 (Tiamin), B2 (Riboflavin), B3 (Niasin), B6 (Piridoksin), B9 (Asam Folat), B12 (Sianokobalamin), C (Asam Askorbat)) dan Mineral Zat Besi), Pengatuh Keasaman Asam Sitrat, Antioksidan Tokoferol, Perisa Alami",en:gluten,id:Kellogg’s,en:indonesia,en:indonesia | en:philippines,,55 g,27 g,,,1655,390,2,0.6,88,33,,5,1.075,0.43,https://world.openfoodfacts.org/data,https://world.openfoodfacts.org/api/v2/search,2026-09-15T06:21:10.655304+00:00,community-contributed product label database,Open Database License (ODbL); individual contents under Database Contents License (DbCL),source-recorded; not independently label-verified,medium,
off-id-8996001308059,8996001308059,Sari Gandum,,Roma,en:150,,,en:halal | en:Hijau,,en:indonesia,en:plastick,"38,5 g",4 pieces (27 g),,,2155.55555555556,518.518518518518,25.9259259259259,18.5185185185185,62.962962962963,22.2222222222222,,7.40740740740741,0.740740740740741,0.296296296296296,https://world.openfoodfacts.org/data,https://world.openfoodfacts.org/api/v2/search,2026-09-15T06:21:10.655304+00:00,community-contributed product label database,Open Database License (ODbL); individual contents under Database Contents License (DbCL),source-recorded; not independently label-verified,medium,missing_ingredients
off-id-8992858527308,8992858527308,Hydro Coco - Original 250ml,Hydro Coco - Original 250ml,Kalbe,en:beverages-and-beverages-preparations | en:plant-based-foods-and-beverages | en:beverages | en:plant-based-foods | en:fruit-based-foods-and-beverages | en:fruits-and-vegetables-based-foods | en:fruit-based-foods | en:plant-based-beverages | en:fruit-based-beverages | en:coconuts-and-their-products | en:coconut-waters,RH 60,,en:halal | en:no-preservatives,,en:indonesia,,250ml,250 ml,,,127.6,24,0,0,6,2.8,3.2,0,0.041,0.0164,https://world.openfoodfacts.org/data,https://world.openfoodfacts.org/api/v2/search,2026-09-15T06:21:10.655304+00:00,community-contributed product label database,Open Database License (ODbL); individual contents under Database Contents License (DbCL),source-recorded; not independently label-verified,medium,
off-id-9556001288561,9556001288561,Nescafe Caramel Macchiato,Nescafe Caramel Macchiato,NESCAFE,en:beverages-and-beverages-preparations | en:plant-based-foods-and-beverages | en:plant-based-foods | en:dairies | en:beverage-preparations | en:instant-beverages | en:coffees | en:instant-coffees,RH-60,,en:halal,en:indonesia,en:indonesia,,220ml,220ml,,,209.545454545455,50,1.36363636363636,1.36363636363636,9.09090909090909,7.27272727272727,,1.36363636363636,0.0522727272727273,0.0209090909090909,https://world.openfoodfacts.org/data,https://world.openfoodfacts.org/api/v2/search,2026-09-15T06:21:10.655304+00:00,community-contributed product label database,Open Database License (ODbL); individual contents under Database Contents License (DbCL),source-recorded; not independently label-verified,medium,
off-id-8998866202732,8998866202732,milku stroberi 200ml,milku stroberi 200ml,wings food,id:Milk beverage,Rh 30,,,,en:indonesia,,200ml,200ml,,,314,75,2,1.5,11,5.5,,3,0.0065,0.0026,https://world.openfoodfacts.org/data,https://world.openfoodfacts.org/api/v2/search,2026-09-15T06:21:10.655304+00:00,community-contributed product label database,Open Database License (ODbL); individual contents under Database Contents License (DbCL),source-recorded; not independently label-verified,medium,missing_labels
off-id-8995102703091,8995102703091,Bumbu Kuah Bakso,Bumbu Kuah Bakso,Mama Suka,en:condiments | id:Bumbu Kuah Bakso Rasa Sapi,"Garam, bumbu rasa sapi (mengandung kedelai), penguat rasa ( mengandung mononatrium Gulmat, Dinatrium 5-Ribonukleotida), Rempah, Gula.",,en:nutriscore,en:indonesia,en:indonesia,,8 g,,,,,,,,,,,,,,https://world.openfoodfacts.org/data,https://world.openfoodfacts.org/api/v2/search,2026-09-15T06:21:10.655304+00:00,community-contributed product label database,Open Database License (ODbL); individual contents under Database Contents License (DbCL),source-recorded; not independently label-verified,medium,missing_core_nutrition
off-id-3451790019739,3451790019739,Elle & vire desserts lactes fruits peche,,Elle & Vire,en:beverages-and-beverages-preparations | en:beverages | en:dairies | en:fermented-foods | en:fermented-milk-products | en:desserts | en:dairy-desserts | en:dairy-drinks | en:fermented-dairy-desserts | en:fermented-drinks | en:fermented-dairy-desserts-with-fruits | en:fermented-milk-drinks | en:yogurts | en:fruit-yogurts | en:fermented-milk-drinks-with-fruits | en:Produit laitier,"LAIT écrémé de vache, eau, sucre, pêche (5,6%), crème de LAIT de vache,
 fécule, additifs alimentaires : stabilisant : pectine, agar-agar, arômes naturels
 (goût pêche)",en:milk | en:Lait,,,en:belgium | en:cote-d-ivoire | en:france | en:germany | en:indonesia | en:iraq | en:ireland | en:lebanon | en:luxembourg | en:spain | en:united-arab-emirates | en:united-kingdom,en:pot-polymere-et-materiau-composite,4 x 125 g,125 g,,France,400,95,2.3,1.6,16.3,12.8,0,2.2,0.09,0.036,https://world.openfoodfacts.org/data,https://world.openfoodfacts.org/api/v2/search,2026-09-15T06:21:10.655304+00:00,community-contributed product label database,Open Database License (ODbL); individual contents under Database Contents License (DbCL),source-recorded; not independently label-verified,medium,missing_labels
off-id-8996001354124,8996001354124,beng-beng extra chocolate&caramel,beng-beng extra chocolate&caramel,beng-beng,en:snacks | en:sweet-snacks | en:biscuits-and-cakes | en:biscuits-and-crackers | en:biscuits | en:bars | en:dietary-supplements | en:wafers,"Glukosa, Gula, _Terigu_, _Susu Bubuk_, Sereal (9,2%), Lemak Nabati (mengandung Antioksidan BHA), Lemak Kakao (7,06%), Kakao Massa (7%), Maltodekstrin, Lemak Susu, Pemanis Alami Sorbitol, Krimer Nabati, Pengemulsi (Lesitin Kedelai), Garam, Pengembang, _Telur Bubuk_, Perisa Sintetik.",en:milk | en:soybeans | id:Susu Bubuk | id:Telur Bubuk | id:Terigu,en:halal | en:Dairy | id:BPOM,en:indonesia,en:indonesia,en:plastic,25 g,20 g,,"Indonesia, Jakarta, PT Mayora Indah Tbk.",,500,25,17.5,65,35,,5,0.125,0.05,https://world.openfoodfacts.org/data,https://world.openfoodfacts.org/api/v2/search,2026-09-15T06:21:10.655304+00:00,community-contributed product label database,Open Database License (ODbL); individual contents under Database Contents License (DbCL),source-recorded; not independently label-verified,medium,
off-id-8993351121307,8993351121307,GreenFields Full Cream Milk,GreenFields Full Cream Milk,Greenfields,en:dairies | en:milks-liquid-and-powder | en:milks | en:homogenized-milks | en:pasteurised-products | en:uht-milks | en:whole-milks | en:whole-milk-uht,Susu Segar 100%,en:milk | id:Alergen,en:halal | en:Dairy,en:indonesia,en:indonesia,en:composite-material | en:cardboard | en:tetra-pak | en:brick | en:paperboard | en:tetra-brik-aseptic,950ml,250ml,"Alfamart, Indomaret","Indonesia, Malang, PT Greenfields Indonesia",247.6,60,3.2,2.4,4.4,4.4,0,3.2,0.034,0.034,https://world.openfoodfacts.org/data,https://world.openfoodfacts.org/api/v2/search,2026-09-15T06:21:10.655304+00:00,community-contributed product label database,Open Database License (ODbL); individual contents under Database Contents License (DbCL),source-recorded; not independently label-verified,medium,
off-id-8995102708591,8995102708591,Gimbori rumput laut kering tabur,,Mamasuka,,,,,,en:indonesia,,30g,5 g,,,,500,30,0,40,20,20,20,2.6,1.04,https://world.openfoodfacts.org/data,https://world.openfoodfacts.org/api/v2/search,2026-09-15T06:21:10.655304+00:00,community-contributed product label database,Open Database License (ODbL); individual contents under Database Contents License (DbCL),source-recorded; not independently label-verified,medium,missing_ingredients | missing_labels
off-id-8994834000218,8994834000218,Deo Goriorio vanilla,Deo Goriorio vanilla,Siantar top,en:snacks | en:sweet-snacks | en:confectioneries,,,,,en:indonesia,,10g,,,,,,,,,,,,,,https://world.openfoodfacts.org/data,https://world.openfoodfacts.org/api/v2/search,2026-09-15T06:21:10.655304+00:00,community-contributed product label database,Open Database License (ODbL); individual contents under Database Contents License (DbCL),source-recorded; not independently label-verified,medium,missing_ingredients | missing_core_nutrition | missing_labels
off-id-8996001526231,8996001526231,WOW Spaghetti - Bolognese,WOW Spaghetti - Bolognese,Mayora,en:plant-based-foods-and-beverages | en:plant-based-foods | en:pastas,,,en:halal,,en:indonesia,,84gr,1 portion (84 g),,,1841.66666666667,428.571428571429,14.2857142857143,7.14285714285714,61.9047619047619,8.33333333333333,4.76190476190476,13.0952380952381,3.03571428571429,1.21428571428571,https://world.openfoodfacts.org/data,https://world.openfoodfacts.org/api/v2/search,2026-09-15T06:21:10.655304+00:00,community-contributed product label database,Open Database License (ODbL); individual contents under Database Contents License (DbCL),source-recorded; not independently label-verified,medium,missing_ingredients
off-id-8996001600726,8996001600726,,,,en:beverages-and-beverages-preparations | en:beverages | en:waters | en:spring-waters | en:mineral-waters,Water,,en:halal,en:indonesia,en:indonesia,,,330ml,,,0,0,0,0,0,0,0,0,0.00454545454545455,0.00181818181818182,https://world.openfoodfacts.org/data,https://world.openfoodfacts.org/api/v2/search,2026-09-15T06:21:10.655304+00:00,community-contributed product label database,Open Database License (ODbL); individual contents under Database Contents License (DbCL),source-recorded; not independently label-verified,medium,missing_product_name | missing_brand
off-id-8852756304145,8852756304145,Honey Crunch Corn Flakes,,Kellogg's,en:plant-based-foods-and-beverages | en:plant-based-foods | en:breakfasts | en:cereals-and-potatoes | en:cereals-and-their-products | en:breakfast-cereals | en:flakes | en:cereal-flakes | en:extruded-cereals | en:extruded-flakes | en:corn-flakes,"Corn (69.3%), Sugar, Peanut (4.3%), Honey (2.2%), lodized Salt, Vitamins (C, B3, A, B6, B12, B2, B1, Folic Acid), Minerals (Ferric Phosphate, Reduced Iron, Zinc Oxide), Antioxidant (Mixed Tocopherol), Cereal Extract.",en:peanuts,,,en:indonesia,,,30 g,,,395,120,5,0.5,83.5,27,2,6,0.3375,0.135,https://world.openfoodfacts.org/data,https://world.openfoodfacts.org/api/v2/search,2026-09-15T06:21:10.655304+00:00,community-contributed product label database,Open Database License (ODbL); individual contents under Database Contents License (DbCL),source-recorded; not independently label-verified,medium,missing_labels
off-id-8996006000019,8996006000019,Sosro Tea Original 300Ml,,Sosro,en:beverages-and-beverages-preparations | en:beverages,,,en:halal,,en:indonesia,,300ml,200ml,,,63,15,0,0,0,3.75,0,0,6.25,2.5,https://world.openfoodfacts.org/data,https://world.openfoodfacts.org/api/v2/search,2026-09-15T06:21:10.655304+00:00,community-contributed product label database,Open Database License (ODbL); individual contents under Database Contents License (DbCL),source-recorded; not independently label-verified,medium,missing_ingredients
off-id-0089686180633,0089686180633,Indo mie Fried noodles,,indomie,en:plant-based-foods-and-beverages | en:plant-based-foods | en:dried-products | en:dried-products-to-be-rehydrated | en:pastas | en:noodles | en:instant-noodles,"Noodles wheat flour (contains gluten), palm olein (contains permitted antioxidant TBHQ), salt, guar gum, contains acidity regulators (potassium carbonate, sodium polyphosphate, sodium carbonate) as permitted food conditioners and contains permitted colouring (tartrazine) Seasoning Powder: Sugar, salt, contains monosodium glutamate, disodium inosinate, disodium guanylate and yeast extract as permitted flavour enhancers, garlic powder, onion powder, artificial chicken flavour, pepper, caramel. Seasoning Oll: Refined palm oil (contains permitted antioxidant TSHQ onion Sweet Soy Sauce: Sugar, water, soy bean, wheat, salt, herbs and spices, sesame oil. Chilli Sauce: Chilli, water, sugar, salt, tapioca starch, contains acidity regulators (acetic acid and citric acid) as permitted food conditioner, herbs, contains monosodium glutamate, disodium inosinate and disodium guanylate as permitted flavour enhancers, flavours, contains permitted preservatives (sodium benzoate and sodium metabisulphite). Fried Onion: Shallot,palm olein (contains permitted antioxidant TBHQ). All additives used are of plant and synthetic origin. Contains: Wheat, soy bean and sesame.",en:gluten | en:sesame-seeds | en:soybeans,,,en:france | en:indonesia,,,1 serving (85 g),,,1956.94117647059,465.882352941176,20.1176470588235,,59.8823529411765,8,2.82352941176471,10.1176470588235,2.45,0.98,https://world.openfoodfacts.org/data,https://world.openfoodfacts.org/api/v2/search,2026-09-15T06:21:10.655304+00:00,community-contributed product label database,Open Database License (ODbL); individual contents under Database Contents License (DbCL),source-recorded; not independently label-verified,medium,missing_labels
off-id-8993175535885,8993175535885,Nabati Wafer Cokelat,Nabati Wafer Cokelat,Richoco,en:snacks | en:sweet-snacks | en:biscuits-and-cakes | en:biscuits-and-crackers | en:biscuits | en:wafers | en:chocolate-biscuits,"Wheat Floour, Sugar, Vegetable Oil (Contain Antioxidant TBHQ), Cocoa Powder 17,9%, Whey Powder, Emulsifier Soy Lecithin, Leavening Agent Sodium Bicarbonate, Vitamin (A, B2, B12, E)",en:milk | en:soybeans,en:halal | en:Snack Food Association,en:indonesia,en:indonesia,en:plastic,37 g,15g,"Carrefour, Giant","Indonesia, Sumedang",2100,466.666666666667,20,6.66666666666667,73.3333333333333,33.3333333333333,,6.66666666666667,0.423333333333333,0.169333333333333,https://world.openfoodfacts.org/data,https://world.openfoodfacts.org/api/v2/search,2026-09-15T06:21:10.655304+00:00,community-contributed product label database,Open Database License (ODbL); individual contents under Database Contents License (DbCL),source-recorded; not independently label-verified,medium,
off-id-8997009510017,8997009510017,12001004 You C1000 Vitamin Lemon,12001004 You C1000 Vitamin Lemon,You C1000,en:beverages-and-beverages-preparations | en:beverages | en:waters | en:vitamin-waters,"Gula, Fruktosa, Sari Buah Kurang Dari 10% Yang Berasal Dari Jus Buah Lemon Segar, Vitamin C (Ascorbic Acid, Sodium Ascorbate), Vitamin B1 (Dibenzoil Thiamine HCL), Vitamin E (d-α-tocopherol dari kedelai), Niacin (Niacinamide), Lemon Flavour, Pengatur Keasaman, Pewarna Kuning Benibana (Safflower), Air sampai dengan 140 ml",en:soybeans,en:halal,en:japan,en:indonesia,en:bottle-or-vial | en:bottle,140 ml,140ml,,"Indonesia, Sukabumi",194.285714285714,50,0,0,11.4285714285714,11.4285714285714,0,0,0.178571428571429,0.0714285714285714,https://world.openfoodfacts.org/data,https://world.openfoodfacts.org/api/v2/search,2026-09-15T06:21:10.655304+00:00,community-contributed product label database,Open Database License (ODbL); individual contents under Database Contents License (DbCL),source-recorded; not independently label-verified,medium,
off-id-8999999002503,8999999002503,Kecap Manis,Kecap Manis,Bango,en:condiments | en:sauces | en:soy-sauces | en:groceries,"Extrait de soja noir, eau. sucre,  sel",en:soybeans,en:halal,en:indonesia,en:france | en:indonesia,en:plastic | es:botella-de-plastico,275 ml,15 ml,,Indonesia,1331.1,312,0,0,76,74,,2.3,11.25,4.5,https://world.openfoodfacts.org/data,https://world.openfoodfacts.org/api/v2/search,2026-09-15T06:21:10.655304+00:00,community-contributed product label database,Open Database License (ODbL); individual contents under Database Contents License (DbCL),source-recorded; not independently label-verified,medium,
off-id-8993175538572,8993175538572,Nabati Bites: Rasa keju,Nabati Bites: Rasa keju,Pt. Kaldu Sari Nabati Indonesia,en:snacks,"Tepung Terigu, Gula, Minyak Nabati (mengandung Antioksidan TBHQ), Whey Bubuk, Keju Bubuk 3% (mengandung Penguat Rasa Mononatrium Glutamat dan Dinatrium-5'ribonukleotida, Pewarna Sintetik (Ponceau 4R Cl 16255 dan Kuning FCF Cl 15985)), Pati Jagung, Garam, Pengemulsi Lesitin Kedelai, Pengembang, Penguat Rasa Mononatrium Glutamat, Vitamin (A, B1, B2, B6, B12), Pewarna Sintetik Kuning FCF CI 15985.",en:milk,en:halal,,en:indonesia,,112 gram,15 gram,,,293,70,2.5,1,11,5,,1,0.065,0.026,https://world.openfoodfacts.org/data,https://world.openfoodfacts.org/api/v2/search,2026-09-15T06:21:10.655304+00:00,community-contributed product label database,Open Database License (ODbL); individual contents under Database Contents License (DbCL),source-recorded; not independently label-verified,medium,
off-id-8998866500708,8998866500708,Floridina Orange 350ML,,wings food,en:beverages-and-beverages-preparations | en:plant-based-foods-and-beverages | en:beverages | en:fruit-based-foods-and-beverages | en:plant-based-beverages | en:fruit-based-beverages | en:juices-and-nectars | en:fruit-juices | en:fruit-juices-from-concentrate | en:orange-juices | en:orange-juices-from-concentrate,"Air, gule, bulir i sirup fruktosa, konsentrat jeruk (2%) gandung sari buah 11%), pengatur keasaman, min C, perisa sintetik jeruk (mengandung antioksidan tokoferol), penstabil nabati, pewarna alam Beta-karoten (sintetik) CL No. 40800 Gmengandung antioksidan tokoferol)",,,,en:french-polynesia | en:indonesia,,350ml,175ml,,,204,45.7142857142857,0,0,12,10.8571428571429,,0,0.0142857142857143,0.00571428571428571,https://world.openfoodfacts.org/data,https://world.openfoodfacts.org/api/v2/search,2026-09-15T06:21:10.655304+00:00,community-contributed product label database,Open Database License (ODbL); individual contents under Database Contents License (DbCL),source-recorded; not independently label-verified,medium,missing_labels
off-id-8998009010248,8998009010248,Ultra Milk Stroberi 250 ml E-1B,,Ultra Jaya,,RH 30,,,,en:indonesia,,4,1 serving (250 g),,,826.8,56,17.2,,8.8,6.8,,2.4,,,https://world.openfoodfacts.org/data,https://world.openfoodfacts.org/api/v2/search,2026-09-15T06:21:10.655304+00:00,community-contributed product label database,Open Database License (ODbL); individual contents under Database Contents License (DbCL),source-recorded; not independently label-verified,medium,missing_labels
off-id-8998009020216,8998009020216,Buavita Lychee 245ml,,,,RH 30,,,,en:indonesia,,1,250.0g,,,,52,,,12,,50,,,,https://world.openfoodfacts.org/data,https://world.openfoodfacts.org/api/v2/search,2026-09-15T06:21:10.655304+00:00,community-contributed product label database,Open Database License (ODbL); individual contents under Database Contents License (DbCL),source-recorded; not independently label-verified,medium,missing_brand | missing_labels
off-id-8996006858016,8996006858016,Tehbotol sosro original,Tehbotol Sosro btl,teh botol sosro,en:Dirinks,"INFORMASI NILAI GRAINNI Takaran Sa 250ml/Serving Se 250 Junlah Saan per Botal Serving Stepr JUMLAN PER SAJAN/AMUNT P Enerd Total 80 Calories Lenank Total/Total Fot Protein/Protein Karbohidrat Total/Ttal Car Gua/Suors Natrum/Sod Persen ANG bendesarn n energi anda mungkin lebilb tig e Percent Daily Values are based on 2150 de volues may be higher or lower depending on o Kamposicic Air,Gula, Teh Melati, dan Antiksidan (sam Ackarta) Ingredients: nd Antiondat",,en:Drinks,en:tea,en:indonesia,en:bottle,350 ml,350ml,,indonesia,,80,0,0,19,18,,,,,https://world.openfoodfacts.org/data,https://world.openfoodfacts.org/api/v2/search,2026-09-15T06:21:10.655304+00:00,community-contributed product label database,Open Database License (ODbL); individual contents under Database Contents License (DbCL),source-recorded; not independently label-verified,medium,
off-id-8998666001726,8998666001726,kopiko twin (w) blanca 40g,,PT Torabika Eka Semesta,en:beverages-and-beverages-preparations | en:plant-based-foods-and-beverages | en:beverages | en:plant-based-foods | en:dairy-substitutes | en:coffees | en:creamer | en:sweetened-beverages,"Non-dairy Creamer (Glucose Syrup, Hydrogenated Vegetable Fat (Coconut Oil), Sodium caseinate, Stabilizer (Dipotassium phosphate), Stabilier (Sodium Polyphosphate), Emulsifier (Sodium Stearoyl Lactylate), Anticaking Agent (Silicon Dioxide), Sugar, Instant coffee, Artificial flavor, Skim milk powder, Cocoa powder, Malt extract powder, Sucralose",en:gluten | en:milk,en:halal,en:indonesia,en:indonesia | en:philippines,en:pt-torabika-eka-semesta,52g,1 sachet (26g),,jakarta-indonesia,,,,,,,,,,,https://world.openfoodfacts.org/data,https://world.openfoodfacts.org/api/v2/search,2026-09-15T06:21:10.655304+00:00,community-contributed product label database,Open Database License (ODbL); individual contents under Database Contents License (DbCL),source-recorded; not independently label-verified,medium,missing_core_nutrition
off-id-8997014450421,8997014450421,Gold slices,,Prochiz,en:dairies | en:fermented-foods | en:fermented-milk-products | en:cheeses,,,,,en:indonesia,,,1 portion (24 g),,,1350,333.333333333333,25,10.4166666666667,20.8333333333333,,,4.16666666666667,3.64583333333333,1.45833333333333,https://world.openfoodfacts.org/data,https://world.openfoodfacts.org/api/v2/search,2026-09-15T06:21:10.655304+00:00,community-contributed product label database,Open Database License (ODbL); individual contents under Database Contents License (DbCL),source-recorded; not independently label-verified,medium,missing_ingredients | missing_labels
off-id-8993007000680,8993007000680,Indomilk UHT Full Cream Plain,Indomilk Uht Full Cream 1LT,Indofood Nutrition,en:dairies | en:milks-liquid-and-powder | en:milks | en:homogenized-milks | en:pasteurised-products | en:uht-milks,"_Fresh Milk_-70%,
water,
_skim milk powder_,
_full cream milk powder_,
plant origin stabilizer.",en:milk | en:Fresh Milk | en:full cream milk powder | en:skim milk powder,en:fsc | en:halal | en:fsc-mix,en:indonesia,en:indonesia,,1L,250 g,,,,60,3.2,1.4,5.2,4.4,,3.2,0.052,0.0208,https://world.openfoodfacts.org/data,https://world.openfoodfacts.org/api/v2/search,2026-09-15T06:21:10.655304+00:00,community-contributed product label database,Open Database License (ODbL); individual contents under Database Contents License (DbCL),source-recorded; not independently label-verified,medium,
off-id-8997009781110,8997009781110,Hydro Coco ori,,Kalbe,en:beverages-and-beverages-preparations | en:plant-based-foods-and-beverages | en:beverages | en:plant-based-foods | en:fruit-based-foods-and-beverages | en:fruits-and-vegetables-based-foods | en:fruit-based-foods | en:plant-based-beverages | en:fruit-based-beverages | en:coconuts-and-their-products | en:coconut-waters,"Coconut Water (97%), Cane Sugar, Synthetic Flavour, Vegetable Stabilizer, Acidity Regulator",,en:halal | en:no-preservatives,en:Coconut from indonesia,en:indonesia,en:tetra-pak | en:box-carton,500ml,1 portion (250 ml),,Indonesia,319,60,0,0,15,7,8,0,0,0,https://world.openfoodfacts.org/data,https://world.openfoodfacts.org/api/v2/search,2026-09-15T06:21:10.655304+00:00,community-contributed product label database,Open Database License (ODbL); individual contents under Database Contents License (DbCL),source-recorded; not independently label-verified,medium,
off-id-8992696420557,8992696420557,Nescafe Original,,Nestlé,en:beverages-and-beverages-preparations | en:plant-based-foods-and-beverages | en:beverages | en:plant-based-foods | en:beverage-preparations | en:instant-beverages | en:coffees | en:instant-coffees | en:Kopi,"energi total, energi dari lemak, lemak total, lemak jenuh, protein, karbohidrat total, gula, garam",,en:Natrional compass,en:blBandar Lampung,en:indonesia,en:plastic,"17,5",17.5g,,PT. Nestle Indonesia,,,,,,,,,,,https://world.openfoodfacts.org/data,https://world.openfoodfacts.org/api/v2/search,2026-09-15T06:21:10.655304+00:00,community-contributed product label database,Open Database License (ODbL); individual contents under Database Contents License (DbCL),source-recorded; not independently label-verified,medium,missing_core_nutrition
off-id-8998009020186,8998009020186,Buavita Juice Jambu 245ml,,Uniliver,en:Juice,"KOMPOSISI Air, Sari Buah Jambu (30.6%), Sari Buah Pir (8.02%), Sukrosa, Maltodekstrin, Penstabil Nabati, Perisa Sintetik Jambu, Garam, Vitamin C, Pengatur Keasaman Asam Sitrat, Pewarna Alami Karmin Cl. No. 75470, Pemanis Alami Glikosida Steviol, Vitamin A (Mengandung Antioksidan Alfa Tokoferol), dan Vitamin B1
Tanpa Pengawet, Tanpa Pewarna Sintetik, Tanpa Pemanis Buatan.",,en:halal | en:no-preservatives,en:indonesia,en:indonesia,en:plastic | en:container | en:other-plastics | en:sig,RH. 30,250ml,,,,120,0,0,30,23,,0,0.065,0.026,https://world.openfoodfacts.org/data,https://world.openfoodfacts.org/api/v2/search,2026-09-15T06:21:10.655304+00:00,community-contributed product label database,Open Database License (ODbL); individual contents under Database Contents License (DbCL),source-recorded; not independently label-verified,medium,
off-id-8904071700918,8904071700918,Mix Farsan,Mix Farsan,,,,,,,en:indonesia,,5,,,,,590,42.3,19,38.7,2.3,7.4,13.6,0,0,https://world.openfoodfacts.org/data,https://world.openfoodfacts.org/api/v2/search,2026-09-15T06:21:10.655304+00:00,community-contributed product label database,Open Database License (ODbL); individual contents under Database Contents License (DbCL),source-recorded; not independently label-verified,medium,missing_ingredients | missing_brand | missing_labels
off-id-8904071702462,8904071702462,Behel Mix,,,,,,,,en:indonesia,,400,,,,,,,,,,,,,,https://world.openfoodfacts.org/data,https://world.openfoodfacts.org/api/v2/search,2026-09-15T06:21:10.655304+00:00,community-contributed product label database,Open Database License (ODbL); individual contents under Database Contents License (DbCL),source-recorded; not independently label-verified,medium,missing_ingredients | missing_brand | missing_core_nutrition | missing_labels
off-id-8904198800133,8904198800133,Chips - Tingling Tomato,Chips - Tingling Tomato,,,,,,,en:indonesia,,40,,,,,,,,,,,,,,https://world.openfoodfacts.org/data,https://world.openfoodfacts.org/api/v2/search,2026-09-15T06:21:10.655304+00:00,community-contributed product label database,Open Database License (ODbL); individual contents under Database Contents License (DbCL),source-recorded; not independently label-verified,medium,missing_ingredients | missing_brand | missing_core_nutrition | missing_labels
off-id-8904071700864,8904071700864,Nylon Sev,,Chheda's,en:snacks,"Gram Flour 65%, Palm Oil 27.2 %, Edible Starch 6%, Salt 1.8% INGRÉDIENTS: Farine de pois chiches 65%, Huile de palme 27.2%, midon comestible 6%, Sel 1.8% ٦٥% زيت نخيل ٢٧,٢ ، نشا طعام ٦ المكونات: دقيق حمص ، ملح %١,٨",,,,en:indonesia,,170g,,,,90,540,350,18,37,0,3,10,0,0,https://world.openfoodfacts.org/data,https://world.openfoodfacts.org/api/v2/search,2026-09-15T06:21:10.655304+00:00,community-contributed product label database,Open Database License (ODbL); individual contents under Database Contents License (DbCL),source-recorded; not independently label-verified,medium,missing_labels
off-id-8998009010231,8998009010231,SUSU ULTRA MILK  COKLAT 250ML,UHT Rasa Cokelat,Ultra jaya,en:beverages-and-beverages-preparations | en:beverages | en:dairies | en:dairy-drinks,"Fresh Milk (90%), Sugar, Whole Milk Powder, Skim Milk Powder, Cocoa Powder (0,75%), Vegetable Stabilizer, Chocolate Synthetic Flavor (Contains Natural Color Caramel Class MV, Salt. Contains No Preservatives, No Artificial Sweetener, No Synthetic Color.",en:milk,en:fsc | en:halal | en:no-artificial-sweeteners | en:no-preservatives | en:fsc-mix,,en:indonesia,,250ml,200 ml,,,,80,2,1.5,12,9.5,,3,0.05625,0.0225,https://world.openfoodfacts.org/data,https://world.openfoodfacts.org/api/v2/search,2026-09-15T06:21:10.655304+00:00,community-contributed product label database,Open Database License (ODbL); individual contents under Database Contents License (DbCL),source-recorded; not independently label-verified,medium,
off-id-8994834000331,8994834000331,Go potato,Go potato,,,,,en:halal,,en:indonesia,,,,,,,,,,,,,,,,https://world.openfoodfacts.org/data,https://world.openfoodfacts.org/api/v2/search,2026-09-15T06:21:10.655304+00:00,community-contributed product label database,Open Database License (ODbL); individual contents under Database Contents License (DbCL),source-recorded; not independently label-verified,medium,missing_ingredients | missing_brand | missing_core_nutrition
off-id-0089686180626,0089686180626,Indomie Mi Goreng Original,,indomie,en:plant-based-foods-and-beverages | en:plant-based-foods | en:dried-products | en:dried-products-to-be-rehydrated | en:pastas | en:noodles | en:instant-noodles,,,en:halal,,en:indonesia | en:malaysia,,80 g,,,,,,,,,,,,,,https://world.openfoodfacts.org/data,https://world.openfoodfacts.org/api/v2/search,2026-09-15T06:21:10.655304+00:00,community-contributed product label database,Open Database License (ODbL); individual contents under Database Contents License (DbCL),source-recorded; not independently label-verified,medium,missing_ingredients | missing_core_nutrition
off-id-8997225200051,8997225200051,Greensand lime apple,Greensand lime apple,green sands,en:beverages-and-beverages-preparations | en:beverages | en:non-alcoholic-beverages | en:carbonated-drinks | en:soft-drinks | en:sodas,"air berkarbonasi 
gula 
perisa alami malt (mengandung pewarna alami karamel kelas IV)
SARI BUAH jeruk nipis (0,56%)
sari buah apel (0,43%)
perisa sintetik apel jeruk nipis",,,,en:indonesia,,1,250 ml,,,147.024,36,0,0,8.8,8.4,0,0,0.004,0.0016,https://world.openfoodfacts.org/data,https://world.openfoodfacts.org/api/v2/search,2026-09-15T06:21:10.655304+00:00,community-contributed product label database,Open Database License (ODbL); individual contents under Database Contents License (DbCL),source-recorded; not independently label-verified,medium,missing_labels
off-id-9556001295248,9556001295248,Nescafee ice black 220ml,Nescafee ice black 220ml,,,RH-30,,,,en:indonesia,,1,,,,,,,,,,,,,,https://world.openfoodfacts.org/data,https://world.openfoodfacts.org/api/v2/search,2026-09-15T06:21:10.655304+00:00,community-contributed product label database,Open Database License (ODbL); individual contents under Database Contents License (DbCL),source-recorded; not independently label-verified,medium,missing_brand | missing_core_nutrition | missing_labels
off-id-9556001288547,9556001288547,Nescafe cappucino 220ml,Nescafe cappucino 220ml,Nescafe,en:beverages-and-beverages-preparations | en:plant-based-foods-and-beverages | en:plant-based-foods | en:beverage-preparations | en:instant-beverages | en:coffees | en:instant-coffees,RH-30,,,,en:indonesia,,220ml,220 ml,,,237.272727272727,54.5454545454545,1.81818181818182,1.59090909090909,9.09090909090909,6.36363636363636,,0.909090909090909,0.119318181818182,0.0477272727272727,https://world.openfoodfacts.org/data,https://world.openfoodfacts.org/api/v2/search,2026-09-15T06:21:10.655304+00:00,community-contributed product label database,Open Database License (ODbL); individual contents under Database Contents License (DbCL),source-recorded; not independently label-verified,medium,missing_labels
off-id-0089686043204,0089686043204,Indomie Mi Goreng Aceh,Indomie Mi Goreng Aceh,"indomie, Indofood",en:plant-based-foods-and-beverages | en:plant-based-foods | en:dried-products | en:dried-products-to-be-rehydrated | en:pastas | en:noodles | en:instant-noodles,"Mi (_Tepung Terigu_, Minyak Nabati, Tepung Tapioka, Pati Termodifikasi, Penstabil Nabati, Penstabil Fosfat, Garam, Mineral (Zat Besi), Pengatur Keasaman, Antioksidan TBHQ, Pewarna Sintetik Tartrazin CI 19140), Bumbu (Gula, Garam, Penguat Rasa (Mononatrium Glutamat, Dinatrium Inosinat, Dinatrium Guanilat), Bawang Merah Bubuk, Kari Bubuk, Bawang Putih Bubuk, Perisa Sintetik Sapi (_Udang_, _Ikan_, _Telur_, _Susu_), Tomat Bubuk, Ekstrak Ragi, Pewarna Alami Karamel I, Vitamin A, Vitamin B1, Vitamin B6, Vitamin B12, Niasin, Asama Folat, Pantotenat), Minyak (Minyak Nabati, Bumbu 2.7%), Bawang Goreng, Kecap Manis (Gula, Air, _Kedelai_, _Gandum_, Garam, Rempah-rempah, Minyak Nabati (Wijen)), Saus Cabe (Cabe, Air, Gula, Pengental, Pengatur Keasaman, Bumbu, Penguat Rasa (Mononatrium Glutamat, Dinatrium Inosinat, Dinatrium Guanilat), Perisa Alami, Perisa Sintetik, Pengawet (Natrium Benzoat, Natrium Metabisulfit))",en:crustaceans | en:eggs | en:fish | en:gluten | en:milk | en:sesame-seeds | en:soybeans | id:Kedelai | id:Tepung Terigu,en:halal | en:Standar Nasional Indonesia (SNI),,en:indonesia,,90g,90g,,"Deli Serdang, Indonesia",2043.33333333333,477.777777777778,21.1111111111111,10,61.1111111111111,6.66666666666667,6.66666666666667,10,0.877777777777778,0.877777777777778,https://world.openfoodfacts.org/data,https://world.openfoodfacts.org/api/v2/search,2026-09-15T06:21:10.655304+00:00,community-contributed product label database,Open Database License (ODbL); individual contents under Database Contents License (DbCL),source-recorded; not independently label-verified,medium,
off-id-9556174802212,9556174802212,Instant Oatmeal,Quaker Instant Oatmeal 800g,Quaker,en:plant-based-foods-and-beverages | en:plant-based-foods | en:breakfasts | en:cereals-and-potatoes | en:cereals-and-their-products | en:breakfast-cereals | en:flakes | en:cereal-flakes | en:rolled-flakes | en:rolled-oats,RH 30,,,,en:indonesia,,1,35,,,,,,,,,,,,,https://world.openfoodfacts.org/data,https://world.openfoodfacts.org/api/v2/search,2026-09-15T06:21:10.655304+00:00,community-contributed product label database,Open Database License (ODbL); individual contents under Database Contents License (DbCL),source-recorded; not independently label-verified,medium,missing_core_nutrition | missing_labels
off-id-8996001600849,8996001600849,Nipis Madu Smooth Soda Lime,Nipis Madu,Mayora,en:beverages-and-beverages-preparations | en:beverages | en:non-alcoholic-beverages | en:carbonated-drinks | en:soft-drinks | en:sodas | en:Smooth Soda,"Carbonated Water, Sugar, Mix Fruit Concentrate and Honey (contains Lime Concentrate), Acidity Regulator, Synthetic Flavor (contains Lime Oil), Salt, Preservative Potassium Sorbate, Artificial Sweetener (Acesulfame - K)",,en:halal,,en:indonesia,,330ml,240 ml,"Alfamart, Indomaret",,177.083333333333,41.6666666666667,0,0,10.4166666666667,9.16666666666667,,0,0.025,0.025,https://world.openfoodfacts.org/data,https://world.openfoodfacts.org/api/v2/search,2026-09-15T06:21:10.655304+00:00,community-contributed product label database,Open Database License (ODbL); individual contents under Database Contents License (DbCL),source-recorded; not independently label-verified,medium,
off-id-8996006852045,8996006852045,,,,en:beverages-and-beverages-preparations | en:beverages | en:waters | en:spring-waters | en:mineral-waters | id:air mineral,,,,,en:indonesia,,,,,,,,,,,,,,,,https://world.openfoodfacts.org/data,https://world.openfoodfacts.org/api/v2/search,2026-09-15T06:21:10.655304+00:00,community-contributed product label database,Open Database License (ODbL); individual contents under Database Contents License (DbCL),source-recorded; not independently label-verified,medium,missing_product_name | missing_ingredients | missing_brand | missing_core_nutrition | missing_labels
off-id-0089686170924,0089686170924,Mi goreng Fried Noodles,Indomie Goreng,indomie,en:plant-based-foods-and-beverages | en:plant-based-foods | en:cereals-and-potatoes | en:cereals-and-their-products | en:dried-products | en:dried-products-to-be-rehydrated | en:pastas | en:noodles | en:instant-noodles,"Noodles : Wheat Flour (62%), Refined Palm Oil (contains Antioxidant 319), Salt, acidity Regulators (451, 501, 500), Thickener (412), Colour (101). Seasoning Powder: Salt, Sugar, Flavour Enhancers (621, 631, 627), Garlic Powder, Onion Powder, Yeast Extract, Artificial Flavour, Pepper, Anticaking Agent (551). Seasoning Oil: Refined Palm Oil (contains Antioxidant 319), Onion. Sweet Soy Sauce: Sugar, Water, Salt, Wheat, Soy Bean, Spices, Sesame Oil. Chilli Sauce: Chilli, Water, Sugar, Salt, Tapioca Starch, Acidity Regulators (260, 330), Herbs, Flavour Enhancers (621, 627, 631), Flavours, Preservatives (211, 223). Fried Onion: Onion, Refined Palm Oil (contains Antioxidant 319). Allergen: Contains Wheat, Contains Sesame, Contains Soy",en:gluten | en:sesame-seeds | en:soybeans,en:halal,en:indonesia,en:australia | en:indonesia | en:new-zealand,en:plastic,5 x 85g,1 serving (175 g),"Coles, Woolworths",Indonesia,1000,226,4.5,4.8,29.371428571429,3.4,,4.5,0.92714285714285,0.444,https://world.openfoodfacts.org/data,https://world.openfoodfacts.org/api/v2/search,2026-09-15T06:21:10.655304+00:00,community-contributed product label database,Open Database License (ODbL); individual contents under Database Contents License (DbCL),source-recorded; not independently label-verified,medium,
off-id-8992696521797,8992696521797,Milo,Milo,Nestlé,en:beverages-and-beverages-preparations | en:cocoa-and-its-products | en:beverage-preparations | en:cocoa-and-chocolate-powders | en:instant-beverages,"Ekstrak Malt 36% (_Barli_) Padatan _Susu_ 19% (_Susu_ Bubuk Skim, Bubuk _Whey_), Gula, Minyak Nabati, Bubuk Kakao 6.8%, 4 Mineral, Serat Pangan Larut, Premiks Vitamin.",en:gluten | en:milk | id:Barli,en:halal,,en:indonesia,,22g,"22g, 1sachet",,"Gresik, Indonesia, Karawang",1847.72727272727,409.090909090909,11.3636363636364,6.81818181818182,72.7272727272727,40.9090909090909,4.54545454545455,9.09090909090909,0.204545454545455,0.204545454545455,https://world.openfoodfacts.org/data,https://world.openfoodfacts.org/api/v2/search,2026-09-15T06:21:10.655304+00:00,community-contributed product label database,Open Database License (ODbL); individual contents under Database Contents License (DbCL),source-recorded; not independently label-verified,medium,
off-id-8992982206001,8992982206001,Npl 600 ml,Npl 600 ml,Nestlé,,RH 30,,,,en:indonesia,,,,,,,,,,,,,,,,https://world.openfoodfacts.org/data,https://world.openfoodfacts.org/api/v2/search,2026-09-15T06:21:10.655304+00:00,community-contributed product label database,Open Database License (ODbL); individual contents under Database Contents License (DbCL),source-recorded; not independently label-verified,medium,missing_core_nutrition | missing_labels
off-id-8996001305119,8996001305119,Arden tender bite cookies choco Splendid,,Roma,en:snacks | en:sweet-snacks | en:biscuits-and-cakes | en:biscuits-and-crackers | en:biscuits | en:biscuit-cookie-snack-w-chocolate-filling,,,,,en:indonesia,,30gr,20g,,,461,110,3e-05,22.5,60,25,,5,0.4,0.16,https://world.openfoodfacts.org/data,https://world.openfoodfacts.org/api/v2/search,2026-09-15T06:21:10.655304+00:00,community-contributed product label database,Open Database License (ODbL); individual contents under Database Contents License (DbCL),source-recorded; not independently label-verified,medium,missing_ingredients | missing_labels
off-id-8997225840134,8997225840134,aoka susu,,aoka,id:roti,"Tepung Terigu(Mengandung Artioksidan Asam Askorbat), Isian Rasa Vanila(23%) Kristal Susu UHT Campuran Margarin dan Mentega (Mengandung Turunan Susu Antioksidan Tokoferol Campuran Pekat Pewarna Alami Bela-Karoten (Sintetik)Ct.No.40800)) Ragi Pemanis Alami Sorbitol Sirup Humektan Nabati Gliserol,Garam Pengemulst Nabati(Mengandung Antioksidan Asam Askorbat),Pengawet Kalsium Propionato Pengatur Keasaman Asam Laktat, Perisa Sintetik Susu, Pengawet Natrium Diasetat Informasi Alergen Mengandung alergen lihat daftar bahan yang dicetak tebal Peringatan Konsumsi bedebian mempunyai efek laksan INFORMASI NILAI GIZI",en:milk,en:halal,,en:indonesia,,65g,65g,,,24,240,9,4.5,34,9,0,5,0.18,0.072,https://world.openfoodfacts.org/data,https://world.openfoodfacts.org/api/v2/search,2026-09-15T06:21:10.655304+00:00,community-contributed product label database,Open Database License (ODbL); individual contents under Database Contents License (DbCL),source-recorded; not independently label-verified,medium,
off-id-8992775204054,8992775204054,garuda kacang atom,,garuda,,,,,,en:indonesia,,33g,,,,,,,,,,,,,,https://world.openfoodfacts.org/data,https://world.openfoodfacts.org/api/v2/search,2026-09-15T06:21:10.655304+00:00,community-contributed product label database,Open Database License (ODbL); individual contents under Database Contents License (DbCL),source-recorded; not independently label-verified,medium,missing_ingredients | missing_core_nutrition | missing_labels
off-id-8992772586030,8992772586030,Adem Sari - Herbal Lemon - kaleng sparkling,Adem Sari Sparkling 330ml,"Adem Sari, Enesis",en:beverages-and-beverages-preparations | en:beverages | en:carbonated-drinks,,,,,en:indonesia,,320ml,1.5,,,,,,,,,,,,,https://world.openfoodfacts.org/data,https://world.openfoodfacts.org/api/v2/search,2026-09-15T06:21:10.655304+00:00,community-contributed product label database,Open Database License (ODbL); individual contents under Database Contents License (DbCL),source-recorded; not independently label-verified,medium,missing_ingredients | missing_core_nutrition | missing_labels
off-id-8997240600393,8997240600393,Oatside Oat Milk Barista Blend,,Oatside,en:plant-based-foods-and-beverages | en:dairy-substitutes | en:milk-substitutes,,,en:halal,,en:indonesia,,,200 ml,,,243,65,4.5,2.5,4,2.5,0,0.5,0.1125,0.045,https://world.openfoodfacts.org/data,https://world.openfoodfacts.org/api/v2/search,2026-09-15T06:21:10.655304+00:00,community-contributed product label database,Open Database License (ODbL); individual contents under Database Contents License (DbCL),source-recorded; not independently label-verified,medium,missing_ingredients
off-id-8906069405102,8906069405102,Cheesy Melt,,Veeba,en:dairies | en:fermented-foods | en:fermented-milk-products | en:cheeses,,,,,en:indonesia,,,,,,1628.6,394.2,37.4,,11.8,5.5,,2.6,,,https://world.openfoodfacts.org/data,https://world.openfoodfacts.org/api/v2/search,2026-09-15T06:21:10.655304+00:00,community-contributed product label database,Open Database License (ODbL); individual contents under Database Contents License (DbCL),source-recorded; not independently label-verified,medium,missing_ingredients | missing_labels
off-id-8992752112013,8992752112013,mizone activ lychee lemon,mizone activ lychee lemon,mizone,en:beverages-and-beverages-preparations | en:beverages | en:sweetened-beverages | id:minunan,"Air, Gula, Pengatur Keasaman, Perisa Sintetik, Natrium Klorida, Kalium Karbonat, Pengawet (Natrium Benzoat, Kalium Sorbat), Pemanis Buatan (Asesulfam-K, Sukralosa), Penstabil Nabati, Sekuestran, Premiks Vitamin (B1, B3, B6, B12) Mengandung pemanis buatan, disarankan tidak dikonsumsi oleh anak di bawah 5 (lima) tahun, ibu hamil, dan ibu menyusuiיו",,,,en:indonesia,,500 ml,250 ml,,,,35,0,0,8,8,0,0,0.065,0.026,https://world.openfoodfacts.org/data,https://world.openfoodfacts.org/api/v2/search,2026-09-15T06:21:10.655304+00:00,community-contributed product label database,Open Database License (ODbL); individual contents under Database Contents License (DbCL),source-recorded; not independently label-verified,medium,missing_labels
off-id-8992696419162,8992696419162,Nescafe Classic 60x2gr,,,en:beverages-and-beverages-preparations | en:plant-based-foods-and-beverages | en:plant-based-foods | en:beverage-preparations | en:coffees | en:instant-beverages | en:instant-coffees,,,,,en:indonesia,,120gr,,,,,,,,,,,,,,https://world.openfoodfacts.org/data,https://world.openfoodfacts.org/api/v2/search,2026-09-15T06:21:10.655304+00:00,community-contributed product label database,Open Database License (ODbL); individual contents under Database Contents License (DbCL),source-recorded; not independently label-verified,medium,missing_ingredients | missing_brand | missing_core_nutrition | missing_labels
off-id-5740900832305,5740900832305,Lurpak salted lactic butter 82%,,,en:dairies | en:fats | en:spreads | en:spreadable-fats | en:animal-fats | en:dairy-spreads | en:milkfat | en:butters,,,,,en:indonesia,,200gr,,,,,,,,,,,,,,https://world.openfoodfacts.org/data,https://world.openfoodfacts.org/api/v2/search,2026-09-15T06:21:10.655304+00:00,community-contributed product label database,Open Database License (ODbL); individual contents under Database Contents License (DbCL),source-recorded; not independently label-verified,medium,missing_ingredients | missing_brand | missing_core_nutrition | missing_labels
off-id-8992761136161,8992761136161,Coca-Cola 1 lt,Coca cola 1Lt,Coca-Cola,en:beverages-and-beverages-preparations | en:beverages | en:carbonated-drinks | en:sodas | en:colas | en:sweetened-beverages,,,,,en:indonesia,,,,,,,,,,,,,,,,https://world.openfoodfacts.org/data,https://world.openfoodfacts.org/api/v2/search,2026-09-15T06:21:10.655304+00:00,community-contributed product label database,Open Database License (ODbL); individual contents under Database Contents License (DbCL),source-recorded; not independently label-verified,medium,missing_ingredients | missing_core_nutrition | missing_labels
off-id-8996001600375,8996001600375,Le Minerale Mini 330 ml,,,en:beverages-and-beverages-preparations | en:beverages | en:waters | en:spring-waters | en:mineral-waters,,,,,en:indonesia,,,,,,,,,,,,,,,,https://world.openfoodfacts.org/data,https://world.openfoodfacts.org/api/v2/search,2026-09-15T06:21:10.655304+00:00,community-contributed product label database,Open Database License (ODbL); individual contents under Database Contents License (DbCL),source-recorded; not independently label-verified,medium,missing_ingredients | missing_brand | missing_core_nutrition | missing_labels
off-id-8992775211465,8992775211465,Garuda Pilus - Abon Sapi,Garuda Pilus - Abon Sapi,Garuda Food,,,,en:halal,,en:indonesia,,10 x 7g,,,,,,,,,,,,,,https://world.openfoodfacts.org/data,https://world.openfoodfacts.org/api/v2/search,2026-09-15T06:21:10.655304+00:00,community-contributed product label database,Open Database License (ODbL); individual contents under Database Contents License (DbCL),source-recorded; not independently label-verified,medium,missing_ingredients | missing_core_nutrition
off-id-8996001370032,8996001370032,Choki Choki - Chococashew,Choki Choki - Chococashew,,en:snacks | en:sweet-snacks | en:confectioneries,,,en:halal,,en:indonesia,,36g,,,,,,,,,,,,,,https://world.openfoodfacts.org/data,https://world.openfoodfacts.org/api/v2/search,2026-09-15T06:21:10.655304+00:00,community-contributed product label database,Open Database License (ODbL); individual contents under Database Contents License (DbCL),source-recorded; not independently label-verified,medium,missing_ingredients | missing_brand | missing_core_nutrition
off-id-8991002103436,8991002103436,Good Day - Coolin',Good Day - Coolin',Kapal Api Group,,,,en:halal,,en:indonesia,,10 x 20g,,,,,,,,,,,,,,https://world.openfoodfacts.org/data,https://world.openfoodfacts.org/api/v2/search,2026-09-15T06:21:10.655304+00:00,community-contributed product label database,Open Database License (ODbL); individual contents under Database Contents License (DbCL),source-recorded; not independently label-verified,medium,missing_ingredients | missing_core_nutrition
off-id-8850291108518,8850291108518,Creamy Peanutbutter,,Tong Garden,en:plant-based-foods-and-beverages | en:plant-based-foods | en:legumes-and-their-products | en:spreads | en:plant-based-spreads | en:nuts-and-their-products | en:oilseed-purees | en:legume-butters | en:peanut-butters | en:nut-butters,,,,,en:indonesia,,,1 portion (30 g),,,2685,630,49,5,23,10,7,25,0.45,0.18,https://world.openfoodfacts.org/data,https://world.openfoodfacts.org/api/v2/search,2026-09-15T06:21:10.655304+00:00,community-contributed product label database,Open Database License (ODbL); individual contents under Database Contents License (DbCL),source-recorded; not independently label-verified,medium,missing_ingredients | missing_labels
off-id-8997240600935,8997240600935,Oatside choco malt 200ml,Oatside choco malt 200ml,Oatside,,,,,,en:indonesia,,,1 portion (200 ml),,,413.5,95,3.5,0.5,15,8,1.5,1,0.1,0.04,https://world.openfoodfacts.org/data,https://world.openfoodfacts.org/api/v2/search,2026-09-15T06:21:10.655304+00:00,community-contributed product label database,Open Database License (ODbL); individual contents under Database Contents License (DbCL),source-recorded; not independently label-verified,medium,missing_ingredients | missing_labels
off-id-8992775305034,8992775305034,saluut Malkist Sweet Cheese,,Gery,,,,,,en:indonesia,,,1 portion (15 g),,,,466.666666666667,20,10,66.6666666666667,13.3333333333333,,6.66666666666667,0.5,0.2,https://world.openfoodfacts.org/data,https://world.openfoodfacts.org/api/v2/search,2026-09-15T06:21:10.655304+00:00,community-contributed product label database,Open Database License (ODbL); individual contents under Database Contents License (DbCL),source-recorded; not independently label-verified,medium,missing_ingredients | missing_labels
off-id-8991818030070,8991818030070,Uleg - Sambal Pedas Serbaguna,Uleg - Sambal Pedas Serbaguna,Uleg,,,,,,en:indonesia,,190g,,,,,,,,,,,,,,https://world.openfoodfacts.org/data,https://world.openfoodfacts.org/api/v2/search,2026-09-15T06:21:10.655304+00:00,community-contributed product label database,Open Database License (ODbL); individual contents under Database Contents License (DbCL),source-recorded; not independently label-verified,medium,missing_ingredients | missing_core_nutrition | missing_labels
off-id-8991001503664,8991001503664,Chic Choc Mini,Chic Choc Mini,Delfi,en:snacks | en:sweet-snacks | en:cocoa-and-its-products | en:confectioneries | en:chocolate-candies,,,,,en:indonesia,,20g,,,,,,,,,,,,,,https://world.openfoodfacts.org/data,https://world.openfoodfacts.org/api/v2/search,2026-09-15T06:21:10.655304+00:00,community-contributed product label database,Open Database License (ODbL); individual contents under Database Contents License (DbCL),source-recorded; not independently label-verified,medium,missing_ingredients | missing_core_nutrition | missing_labels
off-id-0896867700326,0896867700326,Club Air Mineral,Club Air Mineral,Club Air Mineral,en:beverages-and-beverages-preparations | en:beverages | en:waters | en:spring-waters | en:mineral-waters,,,,,en:indonesia,,600,,,,,,,,,,,,,,https://world.openfoodfacts.org/data,https://world.openfoodfacts.org/api/v2/search,2026-09-15T06:21:10.655304+00:00,community-contributed product label database,Open Database License (ODbL); individual contents under Database Contents License (DbCL),source-recorded; not independently label-verified,medium,missing_ingredients | missing_core_nutrition | missing_labels
off-id-3760128640133,3760128640133,Lait demi-écrémé,,Promess,en:beverages-and-beverages-preparations | en:beverages | en:dairies | en:milks-liquid-and-powder | en:milks | en:homogenized-milks | en:pasteurised-products | en:semi-skimmed-milks | en:uht-milks,_Lait_ demi-écrémé stérilisé.,en:milk,en:fsc | en:calcium-source | en:french-milk | en:fsc-mix | en:green-dot | en:made-in-france | en:Fsc-c014047,en:france,en:equatorial-guinea | en:france | en:hong-kong | en:indonesia | en:malaysia | en:philippines,en:brick | en:cardboard,1 l,,HK golden mart enterprises limited,France,187,44.7,1.5,1,4.7,4.7,,3.1,0.13,0.052,https://world.openfoodfacts.org/data,https://world.openfoodfacts.org/api/v2/search,2026-09-15T06:21:10.655304+00:00,community-contributed product label database,Open Database License (ODbL); individual contents under Database Contents License (DbCL),source-recorded; not independently label-verified,medium,
off-id-8886007811410,8886007811410,Teh poci celup wangi teh asli 25's,,Poci,en:beverages-and-beverages-preparations | en:plant-based-foods-and-beverages | en:beverages | en:hot-beverages | en:plant-based-beverages | en:teas | en:green-teas,,,,,en:indonesia,,25 teabags,,,,,,,,,,,,,,https://world.openfoodfacts.org/data,https://world.openfoodfacts.org/api/v2/search,2026-09-15T06:21:10.655304+00:00,community-contributed product label database,Open Database License (ODbL); individual contents under Database Contents License (DbCL),source-recorded; not independently label-verified,medium,missing_ingredients | missing_core_nutrition | missing_labels
off-id-8992761002015,8992761002015,Coca Cola btl 390ml,Coca-cola 390ml,Coca-cola,en:beverages-and-beverages-preparations | en:beverages | en:non-alcoholic-beverages | en:carbonated-drinks | en:soft-drinks | en:sodas | en:colas | en:sweetened-beverages,,,,,en:indonesia,,390ml,350 ml,,,170,40,0,0,10,10,,0,0.0145142857142857,0.00580571428571429,https://world.openfoodfacts.org/data,https://world.openfoodfacts.org/api/v2/search,2026-09-15T06:21:10.655304+00:00,community-contributed product label database,Open Database License (ODbL); individual contents under Database Contents License (DbCL),source-recorded; not independently label-verified,medium,missing_ingredients | missing_labels
off-id-8997009510116,8997009510116,Lemon Water 500ml,,,en:beverages-and-beverages-preparations | en:beverages | en:sweetened-beverages,"Water, Sugar, Fructose, Vitamin C, Fresh Lemon Juice, Flavoring, Calcium Lactate, Magnesium Chloride, Sodium Chloride, Potassium Phosphate, Acid (Citric Acid), Color (Benibana Safflower Yellow)",,,,en:france | en:indonesia,,1,,,,125.8,30,0,0,7.4,7.4,,0,12,4.8,https://world.openfoodfacts.org/data,https://world.openfoodfacts.org/api/v2/search,2026-09-15T06:21:10.655304+00:00,community-contributed product label database,Open Database License (ODbL); individual contents under Database Contents License (DbCL),source-recorded; not independently label-verified,medium,missing_brand | missing_labels
off-id-8998009010552,8998009010552,Ultra Milk Full Cream,Ultra Milk Full Cream,Ultrajaya,en:dairies | en:milks-liquid-and-powder | en:milks | en:homogenized-milks | en:pasteurised-products | en:uht-milks,Cow's Milk-100%,en:milk,en:halal,en:indonesia,en:indonesia,,200mL,200mL,,,251,60,3,1.5,5,4,0.5,3,0.02,0.008,https://world.openfoodfacts.org/data,https://world.openfoodfacts.org/api/v2/search,2026-09-15T06:21:10.655304+00:00,community-contributed product label database,Open Database License (ODbL); individual contents under Database Contents License (DbCL),source-recorded; not independently label-verified,medium,
off-id-8999898971221,8999898971221,Biokul Greek yogurt plain,GREEK,Bio Kul,en:dairies | en:fermented-foods | en:desserts | en:fermented-milk-products | en:dairy-desserts | en:fermented-dairy-desserts | en:yogurts | en:greek-style-yogurts,"Air, Konsentrat Susu, Krim Susu Buttermilk Bubuk, Kultur Yogurt S.thermophilus. Libugaricus leacidophilus, Bifidobacterium INGREDIENTWater k Cncik Cteam, Buttermilk Powder Yogurt Cuilture (S thermophius. Lbulgaricus, Lacidophilus, Biidobacterium)",,en:organic | en:halal,en:indonesia,en:indonesia,en:pot,473g,100 g,,,548,130,7,5,11,4,,6,0.1875,0.075,https://world.openfoodfacts.org/data,https://world.openfoodfacts.org/api/v2/search,2026-09-15T06:21:10.655304+00:00,community-contributed product label database,Open Database License (ODbL); individual contents under Database Contents License (DbCL),source-recorded; not independently label-verified,medium,
off-id-0089686599077,0089686599077,Mi goreng Fried Noodles Flavour,,Chitato,en:plant-based-foods-and-beverages | en:plant-based-foods | en:snacks | en:cereals-and-potatoes | en:salty-snacks | en:appetizers | en:chips-and-fries | en:potatoes-and-their-products | en:crisps | en:salty-snacks-made-from-potato | en:potato-crisps,"Potato, Palm oil, Seasoning (Soybean, milk, wheat, peanut, sesame, Flavour enhancers (E621, E631, E627), Salt, Onion powder, Garlic powder, Color (E150a), Antioxidant (E307b))",en:gluten | en:milk | en:peanuts | en:sesame-seeds | en:soybeans,en:halal,en:indonesia,en:cambodia | en:indonesia,,55 g,20g,,,2280,545,33.5,14.5,54,7,3.5,6.5,1.1875,0.475,https://world.openfoodfacts.org/data,https://world.openfoodfacts.org/api/v2/search,2026-09-15T06:21:10.655304+00:00,community-contributed product label database,Open Database License (ODbL); individual contents under Database Contents License (DbCL),source-recorded; not independently label-verified,medium,
off-id-9323795000187,9323795000187,Monster Tropical Muesli,,Monster Health Food Co.,en:plant-based-foods-and-beverages | en:plant-based-foods | en:breakfasts | en:cereals-and-potatoes | en:cereals-and-their-products | en:breakfast-cereals | en:cereals-with-fruits | en:mueslis | en:mueslis-with-fruits | en:cereals-with-nuts | en:mueslis-with-nuts,,,en:health-star-rating | en:health-star-rating-4 | en:without-addition-of-dairy-products,en:australia,en:australia | en:france | en:indonesia,en:plastic,700 g,45g,Pepito,Australia,1480,355,8.2,2.3,62,18.7,10.4,9,0.1125,0.045,https://world.openfoodfacts.org/data,https://world.openfoodfacts.org/api/v2/search,2026-09-15T06:21:10.655304+00:00,community-contributed product label database,Open Database License (ODbL); individual contents under Database Contents License (DbCL),source-recorded; not independently label-verified,medium,missing_ingredients
off-id-8992696404441,8992696404441,Bear Brand milk susu steril,Bear Brand milk susu steril,Nestlé,en:dairies | en:milks-liquid-and-powder | en:milks,susu sapi steril,,,en:indonesia,en:indonesia,en:metal,189ml,189ml,aéroport,Indonésie,271.957671957672,63.4920634920635,3.7037037037037,2.64550264550265,4.76190476190476,4.76190476190476,,3.17460317460317,0.0502645502645503,0.0201058201058201,https://world.openfoodfacts.org/data,https://world.openfoodfacts.org/api/v2/search,2026-09-15T06:21:10.655304+00:00,community-contributed product label database,Open Database License (ODbL); individual contents under Database Contents License (DbCL),source-recorded; not independently label-verified,medium,missing_labels
off-id-0089686041705,0089686041705,Indomie - Mi Goreng Jumbo,Indomie - Mi Goreng Jumbo,"indomie, Indofood",en:plant-based-foods-and-beverages | en:plant-based-foods | en:cereals-and-potatoes | en:cereals-and-their-products | en:dried-products | en:pastas | en:dried-products-to-be-rehydrated | en:noodles | en:instant-noodles,"noodles : wheat flour (62%), refined palm oil (contains antioxidant 319), salt, acidity regulators (451, 501, 500), thickener (412), colour (101), seasoning powder: salt, sugar, flavour enhancers (621, 631, 627), garlic powder, onion powder, yeast extract, artificial flavour, pepper, anticaking agent (551), seasoning oil: refined palm oil (contains antioxidant 319), onion, sweet soy sauce: sugar, water, salt, wheat, soy bean, spices, sesame oil, chilli sauce: chilli, water, sugar, salt, tapioca starch, acidity regulators (260, 330), herbs, flavour enhancers (621, 627,e631), flavours, preservatives (211, 223), fried onion: onion, refined palm oil (contains antioxidant 319),
allergen:

contains wheat, contains sesame, contains soy",en:gluten | en:sesame-seeds | en:soybeans,en:halal,en:indonesia,en:indonesia | en:united-states,,129g,129.0g,,,2016,482,22,9,63,8,10,10,2.3,0.92,https://world.openfoodfacts.org/data,https://world.openfoodfacts.org/api/v2/search,2026-09-15T06:21:10.655304+00:00,community-contributed product label database,Open Database License (ODbL); individual contents under Database Contents License (DbCL),source-recorded; not independently label-verified,medium,
off-id-8691216090446,8691216090446,Haribo happy cola,Haribo Happy Cola,Haribo,en:beverages-and-beverages-preparations | en:beverages | en:snacks | en:sweet-snacks | en:confectioneries | en:non-alcoholic-beverages | en:carbonated-drinks | en:soft-drinks | en:sodas | en:candies | en:gummi-candies | en:gummy-cola-bottles | en:Gummies,"sirup glukosa, gula, gelatin kulit sapi, dekstrosa, asam sitrat, sirup gula karamel, perisa identik alami, minyak nabati, lilin karnauba, malam",,en:halal,,en:indonesia | en:turkey,en:plastic,80g,30g,,"Istanbul, Turkey",,366.666666666667,0,0,83.3333333333333,46.6666666666667,3.33333333333333,6.66666666666667,0,0,https://world.openfoodfacts.org/data,https://world.openfoodfacts.org/api/v2/search,2026-09-15T06:21:10.655304+00:00,community-contributed product label database,Open Database License (ODbL); individual contents under Database Contents License (DbCL),source-recorded; not independently label-verified,medium,
off-id-8993351120416,8993351120416,Strawberry Yogurt Drink,,Greenfields,,,,en:halal,,en:indonesia,,,190.0g,,,,100,2.63157894736842,2.63157894736842,16.3157894736842,14.2105263157895,1.57894736842105,2.63157894736842,,,https://world.openfoodfacts.org/data,https://world.openfoodfacts.org/api/v2/search,2026-09-15T06:21:10.655304+00:00,community-contributed product label database,Open Database License (ODbL); individual contents under Database Contents License (DbCL),source-recorded; not independently label-verified,medium,missing_ingredients
off-id-8996001524008,8996001524008,Super bubur ayam,,SUPER BUBUR,,"Rice, Crackers (contains Flavor Enhancer Monosodium L-glutamate, Raising Agent, Synthetic Color Sunset Yellow FCF CI. No. 15985), Chili Sauce (contains Preservative Sodium Benzoate, Potassium Sorbate, Synthetic Color Ponceau 4R Cl. No. 16255 and Synthetic Color Sunset Yellow FCF CI. No. 15985), Tapioca Starch, Salty Soy Sauce (contains Preservative Sodium Benzoate, Flavor Enhancer Monosodium L-glutamate, Disodium 5'-ribonucleotide), Maltodextrin, Fried Onion, Texturized Vegetable Protein, Salt, Flavor Enhancer (Monosodium L-glutamate, Disodium 5'-ribonucleotide), Yeast Extract, Synthetic Chicken Flavor, Vegetable Oil (contains TBHQ Antioxidant), Dried Vegetable (Leek), Garlic Powder, Pepper Powder, Vitamin (A, B1, B2, B6, B12). Allergen information: Contains Soy.",en:soybeans,,,en:indonesia,,2,1 serving (45 g),,,1568.88888888889,377.777777777778,6.66666666666667,3.33333333333333,71.1111111111111,4.44444444444444,,6.66666666666667,4.66666666666667,1.86666666666667,https://world.openfoodfacts.org/data,https://world.openfoodfacts.org/api/v2/search,2026-09-15T06:21:10.655304+00:00,community-contributed product label database,Open Database License (ODbL); individual contents under Database Contents License (DbCL),source-recorded; not independently label-verified,medium,missing_labels
off-id-0089686041767,0089686041767,Indomie Mie Goreng Jumbo panggang,Indomie Goreng Jumbo Ayam Panggang,indomie,en:plant-based-foods-and-beverages | en:plant-based-foods | en:cereals-and-potatoes | en:cereals-and-their-products | en:dried-products | en:pastas | en:dried-products-to-be-rehydrated | en:noodles | en:instant-noodles,,,en:halal,,en:france | en:indonesia,,127 g,127g,,,1974.8031496063,448.818897637795,19.6850393700787,9.44881889763779,59.0551181102362,10.2362204724409,2.36220472440945,11.0236220472441,0.937007874015748,0.374803149606299,https://world.openfoodfacts.org/data,https://world.openfoodfacts.org/api/v2/search,2026-09-15T06:21:10.655304+00:00,community-contributed product label database,Open Database License (ODbL); individual contents under Database Contents License (DbCL),source-recorded; not independently label-verified,medium,missing_ingredients
off-id-8992761111298,8992761111298,CocaCola Zero,CocaCola Zero,Coca Cola,en:beverages-and-beverages-preparations | en:beverages | en:non-alcoholic-beverages | en:soft-drinks,INFORMASI NILAI GIZI :330 ml : 1 Takaran Saji Jumlah Saji per Kemasan JUMLAH PER SAJIAN Energi Total Energi dari Lemak :0 kkal :0kkal %AKG* 0% 0% 0% 0% Lemak Total 0 Lemak Jenuh Protein O g O g 0 g 30 mg Karbohidrat Total Gula Natrium 2% Persen AKG berdasarkan kebutuhan energi 2150 kkal. Kebutuhan energi Anda mungkin lebih tinggi atau lebih rendah. NOMPOSI AS IM,,es:Refresco,,en:indonesia,en:can,330ml,,,,,,,,,,,,,,https://world.openfoodfacts.org/data,https://world.openfoodfacts.org/api/v2/search,2026-09-15T06:21:10.655304+00:00,community-contributed product label database,Open Database License (ODbL); individual contents under Database Contents License (DbCL),source-recorded; not independently label-verified,medium,missing_core_nutrition
off-id-8996129803504,8996129803504,Cleo,,Cleo,,Water Petunjuk Penyimpanan / Storage instruction Simpan di tempat bersih dan sek/ lemari pendingin 28 C - Keep in clean and cool place/ *refrigerator t 8°C Hindarkan dari nar matahari langsung - dan benda-benda berbau tajam Do not store in direct sunlight and strong odours,,,,en:indonesia,,,,,,,,,,,,,,,,https://world.openfoodfacts.org/data,https://world.openfoodfacts.org/api/v2/search,2026-09-15T06:21:10.655304+00:00,community-contributed product label database,Open Database License (ODbL); individual contents under Database Contents License (DbCL),source-recorded; not independently label-verified,medium,missing_core_nutrition | missing_labels
off-id-8886008101336,8886008101336,aqua botol kecil,,Danone,en:beverages-and-beverages-preparations | en:beverages | en:waters | en:spring-waters | en:Sehat minum aqua,,,en:AQUA,,en:indonesia,en:kakka,330 ml,,,,,0,0,0,0,0,0,0,0,0,https://world.openfoodfacts.org/data,https://world.openfoodfacts.org/api/v2/search,2026-09-15T06:21:10.655304+00:00,community-contributed product label database,Open Database License (ODbL); individual contents under Database Contents License (DbCL),source-recorded; not independently label-verified,medium,missing_ingredients
off-id-8992753004010,8992753004010,Frisian flag INDONESIA,FRISIAN FLAG Kental Manis Putih 535 g,Frisian Flag,en:plant-based-foods-and-beverages | en:dairy-substitutes | en:milk-substitutes | en:creamer,"Sugar, Water, Milk (Whey Powder, Skim Milk Powder, Buttermilk Powder, Lactose, Full Cream Milk Powder) (10%), Vegetable Oil (10%), Maltodextrin, 3 Vegetable Stabilizers, Flavorings (Natural, Synthetic), Acidity Regulator, 9 Vitamins, and Fish Oil Powder (containing DHA).",en:fish | en:milk,en:halal | en:BPOM RI | en:NKV,en:indonesia,en:indonesia,en:plastic,535 g,30g,,,1393.33333333333,333.333333333333,10,5,60,50,,3.33333333333333,0.0666666666666667,0.0266666666666667,https://world.openfoodfacts.org/data,https://world.openfoodfacts.org/api/v2/search,2026-09-15T06:21:10.655304+00:00,community-contributed product label database,Open Database License (ODbL); individual contents under Database Contents License (DbCL),source-recorded; not independently label-verified,medium,
off-id-8007290334770,8007290334770,Penne rigate con Farina di Quinoa,,Granoro,en:plant-based-foods-and-beverages | en:plant-based-foods | en:specific-products | en:pastas | en:products-for-specific-diets | en:products-without-gluten | en:dry-pastas | en:gluten-free-pasta | en:gluten-free-dry-pasta,"farina di mais, farina di riso, farina di quinoa (3%), emulsionanti: mono - e digliceridi degli acidi grassi.",en:none,en:no-gluten,,en:indonesia | en:italy,,400 g,,Iperal,,1500,354,1.5,0.5,76.5,2.5,2,7.5,0.03,0.012,https://world.openfoodfacts.org/data,https://world.openfoodfacts.org/api/v2/search,2026-09-15T06:21:10.655304+00:00,community-contributed product label database,Open Database License (ODbL); individual contents under Database Contents License (DbCL),source-recorded; not independently label-verified,medium,
off-id-9556174802236,9556174802236,Instant Oatmeal,Queker oat 200g,Quaker,en:plant-based-foods-and-beverages | en:plant-based-foods | en:breakfasts | en:cereals-and-potatoes | en:cereals-and-their-products | en:breakfast-cereals | en:flakes | en:cereal-flakes | en:rolled-flakes | en:rolled-oats | fr:instant-oatmeal,100 % oat,,,en:australia,en:indonesia,en:plastic | en:alluminium,1,1 portion (35 g),,,,,,,,,,,,,https://world.openfoodfacts.org/data,https://world.openfoodfacts.org/api/v2/search,2026-09-15T06:21:10.655304+00:00,community-contributed product label database,Open Database License (ODbL); individual contents under Database Contents License (DbCL),source-recorded; not independently label-verified,medium,missing_core_nutrition | missing_labels
off-id-8852008300130,8852008300130,Koala’s March Strawberry,,Lotte,,,,,,en:indonesia | en:sweden,,37 g,37 g,,,2202.7027027027,540.540540540541,29.7297297297297,21.6216216216216,62.1621621621622,45.9459459459459,,2.7027027027027,0.216216216216216,0.0864864864864865,https://world.openfoodfacts.org/data,https://world.openfoodfacts.org/api/v2/search,2026-09-15T06:21:10.655304+00:00,community-contributed product label database,Open Database License (ODbL); individual contents under Database Contents License (DbCL),source-recorded; not independently label-verified,medium,missing_ingredients | missing_labels
off-id-9556085302726,9556085302726,Cream Crackers,,HUP SENG,,,,,,en:indonesia,,125g,31 g,,,,548.387096774194,29.0322580645161,14.5161290322581,58.0645161290323,9.67741935483871,3.2258064516129,9.67741935483871,1.37096774193548,0.548387096774194,https://world.openfoodfacts.org/data,https://world.openfoodfacts.org/api/v2/search,2026-09-15T06:21:10.655304+00:00,community-contributed product label database,Open Database License (ODbL); individual contents under Database Contents License (DbCL),source-recorded; not independently label-verified,medium,missing_ingredients | missing_labels
off-id-7610023053728,7610023053728,Swiss jungle crunch,,,en:plant-based-foods-and-beverages | en:plant-based-foods | en:breakfasts | en:cereals-and-potatoes | en:cereals-and-their-products | en:breakfast-cereals,,,,,en:indonesia,,,,,,1563.6,376,1,0.4,84,34,,5.8,0.56,0.224,https://world.openfoodfacts.org/data,https://world.openfoodfacts.org/api/v2/search,2026-09-15T06:21:10.655304+00:00,community-contributed product label database,Open Database License (ODbL); individual contents under Database Contents License (DbCL),source-recorded; not independently label-verified,medium,missing_ingredients | missing_brand | missing_labels
off-id-0089686910704,0089686910704,Indomie Goreng Rendang 5X91G,Indomie Goreng Rendang 5X91G,"indomie, Indo Mie, Indofood",en:plant-based-foods-and-beverages | en:plant-based-foods | en:cereals-and-potatoes | en:cereals-and-their-products | en:dried-products | en:pastas | en:dried-products-to-be-rehydrated | en:noodles | en:instant-noodles,"KOMPOSISI MI: Tepung terigu, minyak nabati, rung tapioka, garam, penstabil (nabati dan fosfat), gatur keasaman, mineral (zat besi), antioksidan HQ dan pewarna sintetik tartrazin CI 19140. glutamat, perisa sintetik sapi (mengandung susu); BUMBU: Gula, garam, penguat rasa mononatrium bawang Putih bubuk, lada bubuk, pewarna alami karamell dan vitamin (A, B1, B6, B12, Niasin, Asam Folat dan Pantotenat). CABE BUBUK MINYAK: Minyak nabati dan bumbu rendang (2%). ECAP MANIS: Gula, air, kedelai & gandum, gam, rempah-rempah, minyak nabati (mengandung WIR Mengandung alergen, lihat daftar bahan yang diceck tebal. Mungkin mengandung kacang tanah, udang, ikar danelur.",en:crustaceans | en:gluten | en:milk,en:halal,en:All ingredients from indonesia,en:france | en:indonesia,en:plastic,91g,1 serving (91 g),,,2062.63736263736,483.516483516484,21.978021978022,10.989010989011,62.6373626373626,6.59340659340659,4.3956043956044,8.79120879120879,2.91208791208791,0.912087912087912,https://world.openfoodfacts.org/data,https://world.openfoodfacts.org/api/v2/search,2026-09-15T06:21:10.655304+00:00,community-contributed product label database,Open Database License (ODbL); individual contents under Database Contents License (DbCL),source-recorded; not independently label-verified,medium,
off-id-8994171101289,8994171101289,Luwak white coffee rtg,Luwak White Koffie Original,luwak,en:plant-based-foods-and-beverages | en:plant-based-foods | en:coffees,"Sugar, Non Dairy Creamer (Contains Milk Protein), Instant Coffee 15%",en:milk,en:halal,,en:indonesia | en:somalia,,20 g,20 g,"indomaret, indonesia",,,450,7.5,7.5,,60,5,5,0.1875,0.075,https://world.openfoodfacts.org/data,https://world.openfoodfacts.org/api/v2/search,2026-09-15T06:21:10.655304+00:00,community-contributed product label database,Open Database License (ODbL); individual contents under Database Contents License (DbCL),source-recorded; not independently label-verified,medium,
off-id-8999999195649,8999999195649,Sari Wangi 100% Teh Asli,Sari Wangi 100% Teh Asli,"Sari Wangi, Unilever",en:beverages-and-beverages-preparations | en:plant-based-foods-and-beverages | en:beverages | en:hot-beverages | en:plant-based-beverages | en:teas,TEH HITAM,,en:halal,en:indonesia,en:indonesia,en:box | en:cardboard | da:20-pap | en:pockets | id:kotak-kardus,25 pockets,1.85g,,PT Unilever Indonesia Tbk,0,0,0,0,0,0,0,0,0,0,https://world.openfoodfacts.org/data,https://world.openfoodfacts.org/api/v2/search,2026-09-15T06:21:10.655304+00:00,community-contributed product label database,Open Database License (ODbL); individual contents under Database Contents License (DbCL),source-recorded; not independently label-verified,medium,
off-id-8996001354001,8996001354001,kalpa,kalpa,"Kalpa, คาลพา",en:snacks | en:sweet-snacks | en:bars,"ไขมันพืช 18.80%, เกล็ดมะพร้าว 16.27%, แป้งสาลี 15.63%, นำ้ตาล11.86%, นมผง 10.40%, มอลโทเดกซ์ทริน 7.00%, โกโก้ลิเคอร์ 6.29%, เดกซ์ฌโทรส 5.65%, แล็กโตส 3.80%, แต่งกลิ่นสังเคราะห์",,,,en:indonesia | en:thailand,en:plastic,เวเฟอร์ช็อกโกแลตและมะพร้าว,24 g,,,2329.16666666667,541.666666666667,33.3333333333333,29.1666666666667,54.1666666666667,25,4.16666666666667,8.33333333333333,0.260416666666667,0.104166666666667,https://world.openfoodfacts.org/data,https://world.openfoodfacts.org/api/v2/search,2026-09-15T06:21:10.655304+00:00,community-contributed product label database,Open Database License (ODbL); individual contents under Database Contents License (DbCL),source-recorded; not independently label-verified,medium,missing_labels
off-id-8990333166042,8990333166042,Lotte Xylitol Jeruk Nipis,Lotte Xylitol Jeruk Nipis,,en:sweeteners | en:food-additives | en:sugar-substitutes | en:natural-sugar-substitutes,RH-30,,,,en:indonesia,,1,,,,,,,,,,,,,,https://world.openfoodfacts.org/data,https://world.openfoodfacts.org/api/v2/search,2026-09-15T06:21:10.655304+00:00,community-contributed product label database,Open Database License (ODbL); individual contents under Database Contents License (DbCL),source-recorded; not independently label-verified,medium,missing_brand | missing_core_nutrition | missing_labels
off-id-8996001321188,8996001321188,Coffe Candy,Coffe Candy,Kopiko,,RH-30,,en:halal,,en:indonesia,,5,,,,1718.75,437.5,6.25,0,87.5,62.5,,0,0.3125,0.125,https://world.openfoodfacts.org/data,https://world.openfoodfacts.org/api/v2/search,2026-09-15T06:21:10.655304+00:00,community-contributed product label database,Open Database License (ODbL); individual contents under Database Contents License (DbCL),source-recorded; not independently label-verified,medium,
off-id-9556182023234,9556182023234,Cadbury Dairy Milk 30Gr,Cadbury Dairy Milk 30Gr,Cadbury,,RH-30,,,,en:indonesia,,3,,,,,,,,,,,,,,https://world.openfoodfacts.org/data,https://world.openfoodfacts.org/api/v2/search,2026-09-15T06:21:10.655304+00:00,community-contributed product label database,Open Database License (ODbL); individual contents under Database Contents License (DbCL),source-recorded; not independently label-verified,medium,missing_core_nutrition | missing_labels
off-id-10407080,10407080,,,,,"olycerdes of fatty acids, c tain traces of nuts. Bes troza, rižino brašna glukozno-fruktozstrup, emulgator: mono - braino, e od ufjane rep stoff). This product Jaja, plenkni na Čuvati ambalaže. suhom atrijum karbonati. (&quot;certificirano palmino utje). Proizvod može da s mjestu, čuvati dne IOS 218 10 M 90202 798006 S POTO28:411410 12.020 ST FO03534(1) JO",,,,en:indonesia,,12,,,,,,,,,,,,,,https://world.openfoodfacts.org/data,https://world.openfoodfacts.org/api/v2/search,2026-09-15T06:21:10.655304+00:00,community-contributed product label database,Open Database License (ODbL); individual contents under Database Contents License (DbCL),source-recorded; not independently label-verified,medium,missing_product_name | missing_brand | missing_core_nutrition | missing_labels
off-id-0089686598957,0089686598957,Chitato Rasa Keju,Chitato Keju Supreme 68gr,Chitato,en:snacks | en:salty-snacks | en:appetizers | en:chips-and-fries | en:crisps,"Potatoes (62%), Palm Olein Oil, Cheese Synthetic Flavour (contains Cheese Powder, Salt, Sugar, Flavour Enhancer Monosodium Glutamate, Disodium Guanylate, Disodium Inosinate, Food Coloring Annatto CI 75120, Milk), Cheese Powder (0.32%).",en:milk,en:halal,en:All ingredients from Indonesia,en:indonesia,en:plastic,1,20 g,,,,550,35,15,55,5,0,5,0.4,0.16,https://world.openfoodfacts.org/data,https://world.openfoodfacts.org/api/v2/search,2026-09-15T06:21:10.655304+00:00,community-contributed product label database,Open Database License (ODbL); individual contents under Database Contents License (DbCL),source-recorded; not independently label-verified,medium,
off-id-8996001431030,8996001431030,Drink beng-beng,Beng-beng Drink Minuman Serbuk Kakao 27g,Torabika Eka Semesta,en:beverages-and-beverages-preparations | en:beverages | en:dairies | en:dairy-drinks,,,,,en:indonesia,en:plastic,29g,,,,,,,,,,,,,,https://world.openfoodfacts.org/data,https://world.openfoodfacts.org/api/v2/search,2026-09-15T06:21:10.655304+00:00,community-contributed product label database,Open Database License (ODbL); individual contents under Database Contents License (DbCL),source-recorded; not independently label-verified,medium,missing_ingredients | missing_core_nutrition | missing_labels
off-id-8998898101416,8998898101416,tolak angin,,,id:obat herbal,"Komposisi:• 5.67 g ekstrak bahan:Oryza Sativa 20%, Foeniculum vulgare Fructus 10%, Helicteres isora Fructus 10%, Eugenia caryophyllata Folium 10%, Mentha arvensis Herba 10%, Zingiber officinale Rhizoma, Myristica_ fragrans Semen, Cinnamomum burmanni Cortex, Centella asiatica Herba, Parkiae roxburghii Semen, Amomum compactum Fructus, Usnea missaminensis Thallus Mel depuratum (Madu) dan bahan-bahan lain hingga 15 ml.",,en:halal,,en:indonesia,,,,,,,,,,,,,,,,https://world.openfoodfacts.org/data,https://world.openfoodfacts.org/api/v2/search,2026-09-15T06:21:10.655304+00:00,community-contributed product label database,Open Database License (ODbL); individual contents under Database Contents License (DbCL),source-recorded; not independently label-verified,medium,missing_brand | missing_core_nutrition
off-id-0733739009920,0733739009920,MK7 Vitamin K2,,Now,en:dietary-supplements | en:vitamin-supplements,,,en:vegetarian | en:vegan,en:hypromellose etc | en:rice flour,en:indonesia,en:plastic-bottle,60,1 capsule daily,,,,,,,,,,,,,https://world.openfoodfacts.org/data,https://world.openfoodfacts.org/api/v2/search,2026-09-15T06:21:10.655304+00:00,community-contributed product label database,Open Database License (ODbL); individual contents under Database Contents License (DbCL),source-recorded; not independently label-verified,medium,missing_ingredients | missing_core_nutrition
off-id-8993175532297,8993175532297,Ahh',,,,,,,,en:indonesia,,,5.0g,,,,500,40,,60,40,,,,,https://world.openfoodfacts.org/data,https://world.openfoodfacts.org/api/v2/search,2026-09-15T06:21:10.655304+00:00,community-contributed product label database,Open Database License (ODbL); individual contents under Database Contents License (DbCL),source-recorded; not independently label-verified,medium,missing_ingredients | missing_brand | missing_labels
off-id-8806435028839,8806435028839,ten ten chewable,,ten ten,en:dietary-supplements | en:vitamin-supplements | en:mineral-supplements | en:multivitamin-and-mineral-supplements,,,en:hanmi,,en:indonesia,,1 can,,,,,,,,,,,,,,https://world.openfoodfacts.org/data,https://world.openfoodfacts.org/api/v2/search,2026-09-15T06:21:10.655304+00:00,community-contributed product label database,Open Database License (ODbL); individual contents under Database Contents License (DbCL),source-recorded; not independently label-verified,medium,missing_ingredients | missing_core_nutrition
off-id-8992770096128,8992770096128,Saori saos tiram,SAORI Saus Oriental Saus Tiram 133 ml,Ajinomoto,en:plant-based-foods-and-beverages | en:plant-based-foods | en:condiments | en:herbs-and-spices | en:spices,"INORMASI NILAI GIZI Takaran s5.8 ml 23 Sajianer Kemasan JUMLAH PER SAJIAN Energi Total Energi dari lemak Energi dari lemak jenuh 5 kkal O kkal O kkal AJINO Lemak Totál Lemak Jenuh Protein Karbohidrat Total Gula Garam (natrium) Persen AKG berdasarkan kebutuhan energi 2150 kkal. Kebutuhan energi anda mungkin lebih tinggi atau lebih rendah. 0g 0g 0g 1 g 1 g 290 mg % AKG* 0 % 0 % 0% 0% 20 % KOMPOSISI: Air, gula, ekstrak tiram (12.8%), garam, penguat rasa (mononatium gluamat, oe 5 ribonukleotida), pengental (dipati adipat terasetilasi, gom xanthen kedelai terhidrolisa (mengandung penguat rasa dinatrium 5 nosra pengemulsi mono dan digliserida asam lemak, minyak kedelai antioksidan d-alfa tokoferol, askorbil palmitat). www.ajinomoto.co.id eig 688 ASA 8992770096128 KEBE",,,,en:indonesia,en:plastic,133 ml,133ml,,,,,,,,,,,,,https://world.openfoodfacts.org/data,https://world.openfoodfacts.org/api/v2/search,2026-09-15T06:21:10.655304+00:00,community-contributed product label database,Open Database License (ODbL); individual contents under Database Contents License (DbCL),source-recorded; not independently label-verified,medium,missing_core_nutrition | missing_labels
off-id-8992775001608,8992775001608,Chocolatos Cheese Flavor,,Chocolatos,en:snacks | en:sweet-snacks | en:biscuits-and-cakes | en:biscuits-and-crackers | en:biscuits,,,en:halal,,en:indonesia,,14g,,,,,,,,,,,,,,https://world.openfoodfacts.org/data,https://world.openfoodfacts.org/api/v2/search,2026-09-15T06:21:10.655304+00:00,community-contributed product label database,Open Database License (ODbL); individual contents under Database Contents License (DbCL),source-recorded; not independently label-verified,medium,missing_ingredients | missing_core_nutrition
off-id-9311931024036,9311931024036,Coffeemix 3 in 1,"Indocafe Coffemix 3in1 Minuman Serbuk Kopi, Krimer, Gula 20g",INDOCAFE,en:beverages-and-beverages-preparations | en:plant-based-foods-and-beverages | en:beverages | en:plant-based-foods | en:beverage-preparations | en:instant-beverages | en:coffees | en:instant-coffees,"Sugar, non-dairy creamer, instant coffee.",,en:halal | en:BPOM RI,en:indonesia,en:indonesia | en:thailand,en:plastic,20 g,20g,,"Indonesia, Semarang",1900,450,10,10,85,65,,5,0.05,0.02,https://world.openfoodfacts.org/data,https://world.openfoodfacts.org/api/v2/search,2026-09-15T06:21:10.655304+00:00,community-contributed product label database,Open Database License (ODbL); individual contents under Database Contents License (DbCL),source-recorded; not independently label-verified,medium,
off-id-8992753721597,8992753721597,FF SKM POUCH 280,FF SKM POUCH 280,Frisian Flag,,RH 30,,en:halal,,en:indonesia,en:plastic,280 g,40g,,,,130,4,1.5,23,19,0,1,0.025,0.01,https://world.openfoodfacts.org/data,https://world.openfoodfacts.org/api/v2/search,2026-09-15T06:21:10.655304+00:00,community-contributed product label database,Open Database License (ODbL); individual contents under Database Contents License (DbCL),source-recorded; not independently label-verified,medium,
off-id-8993058304201,8993058304201,Bejo,,BINTANG TOEDJOE,en:beverages-and-beverages-preparations | en:beverage-preparations | en:herbal-teas | en:dietary-supplements | en:bodybuilding-supplements | en:Jamu Herbal,"COMPOSITION Each sachet contains : 80 mg Zingiber officinale var. rubrum Rhizome Extract (Red Ginger), 25 mg Foeniculi vulgare Fructus (Fennel), 5 mg Menthae arvensis Folium Extract (Mint), 12.5 mg Piper retrofracti Fructus (Javanese Chili), 100 mg Phoenix dactylifera Fructus (Dates), 3750 mg Honey, Peppermint Oil, Potassium Sorbate, Sodium Benzoate (Preservative), Fructose, Sucrose, Sucralose (Sweetener), Caramel Color, Edicol Brown (Dye)",,en:halal | en:Herbal | en:Jamu,en:indonesia,en:indonesia,en:plastic,15 mL,,,PT BINTANG TOEDJOE,,,,,,,,,,,https://world.openfoodfacts.org/data,https://world.openfoodfacts.org/api/v2/search,2026-09-15T06:21:10.655304+00:00,community-contributed product label database,Open Database License (ODbL); individual contents under Database Contents License (DbCL),source-recorded; not independently label-verified,medium,missing_core_nutrition
off-id-8998888712295,8998888712295,Del Monte BBQ,Del Monte BBQ,Del Monte,en:condiments | en:sauces | en:groceries,"Air, Gula, Pasta Tomat, Mustard, Garam, Pengental Nabati, Bumbu dan Rempah, Pengatur Keasaman, Perisa Alami Asap, Pengental Gom Xanthan, Pengawet Natrium Benzoat, Pewarna Alami Karamel IV.",id:Gom Xanthan | id:Natrium Benzoat | id:Pengatur Keasaman | id:Pengental Nabati | id:Perisa Alami Asap | id:Pewarna Alami Karamel IV,en:halal,en:indonesia,en:indonesia,en:pouch-flask,250g,50g,,PT Lasallefood Indonesia,,60,0,0,14,14,,0,0.88,0.352,https://world.openfoodfacts.org/data,https://world.openfoodfacts.org/api/v2/search,2026-09-15T06:21:10.655304+00:00,community-contributed product label database,Open Database License (ODbL); individual contents under Database Contents License (DbCL),source-recorded; not independently label-verified,medium,
off-id-0753950002036,0753950002036,pure collagen types 1 and 3 powder,,,,Hydrolyzed Collagen Types 1 and 3,,,,en:indonesia,,,6.6g,,,,378.787878787879,,,,,,90.9090909090909,,,https://world.openfoodfacts.org/data,https://world.openfoodfacts.org/api/v2/search,2026-09-15T06:21:10.655304+00:00,community-contributed product label database,Open Database License (ODbL); individual contents under Database Contents License (DbCL),source-recorded; not independently label-verified,medium,missing_brand | missing_labels
off-id-8998009010590,8998009010590,ULTRA MILK MINI CHOCO,ULTRA MILK MINI CHOCO,ULTRAJAYA,en:dairies | en:milks-liquid-and-powder | en:milks | en:homogenized-milks | en:pasteurised-products | en:uht-milks,"Wheat flour 49%, sugar 20%, vegetable oil 10%, salt 1%, yeast 0.5%",en:gluten,en:susu-uht-rasa-cokelat | id:milk,id:Fresh Cow's Milk from Indonesia,en:indonesia,en:composite-material | en:tetra-pak,125,125ml,,,120,,,,,,,,,,https://world.openfoodfacts.org/data,https://world.openfoodfacts.org/api/v2/search,2026-09-15T06:21:10.655304+00:00,community-contributed product label database,Open Database License (ODbL); individual contents under Database Contents License (DbCL),source-recorded; not independently label-verified,medium,missing_core_nutrition
off-id-8992752011057,8992752011057,"Vit air 1,5 L","Vit air 1,5 L",Vit,en:beverages-and-beverages-preparations | en:beverages | en:waters | en:spring-waters | en:mineral-waters | en:Air mineral,RH 30,,en:Air minum dalam kemasan,en:indonesia | en:Air,en:indonesia,en:plastik,1,,,PT Tirta Mas Perkasa Depok,,,,,,,,,,,https://world.openfoodfacts.org/data,https://world.openfoodfacts.org/api/v2/search,2026-09-15T06:21:10.655304+00:00,community-contributed product label database,Open Database License (ODbL); individual contents under Database Contents License (DbCL),source-recorded; not independently label-verified,medium,missing_core_nutrition
off-id-4250262758249,4250262758249,Schlachtekraut,,,en:sauerkrauts,,,,,en:germany | en:indonesia,,400g,,,,215.6,58,1.6,0.7,7.9,6.3,,1.3,1.2,0.48,https://world.openfoodfacts.org/data,https://world.openfoodfacts.org/api/v2/search,2026-09-15T06:21:10.655304+00:00,community-contributed product label database,Open Database License (ODbL); individual contents under Database Contents License (DbCL),source-recorded; not independently label-verified,medium,missing_ingredients | missing_brand | missing_labels
off-id-8997035600133,8997035600133,Pocari Sweat Ion Supply Drink,,Otsuka Pharmaceutical,en:beverages-and-beverages-preparations | en:beverages | en:Isotonic drinks | en:Sports drinks,"Water, sugar, citric acid, sodium chloride, potassium chloride, calcium lactate, magnesium carbonate, flavoring, potassium phosphate, sodium citrate",,en:halal,,en:indonesia | en:japan | en:united-arab-emirates,en:can,330ml,330ml,,,374,26,0,0,22,22,0,0,0,0,https://world.openfoodfacts.org/data,https://world.openfoodfacts.org/api/v2/search,2026-09-15T06:21:10.655304+00:00,community-contributed product label database,Open Database License (ODbL); individual contents under Database Contents License (DbCL),source-recorded; not independently label-verified,medium,
off-id-8999898962694,8999898962694,Biokul set Yog plain,,Biokul,en:dairies | en:fermented-foods | en:desserts | en:fermented-milk-products | en:dairy-desserts | en:fermented-dairy-desserts | en:yogurts,,,en:halal,,en:indonesia,,500ml,100.0g,,,300,10,1,1.5,10,6,1,5,,,https://world.openfoodfacts.org/data,https://world.openfoodfacts.org/api/v2/search,2026-09-15T06:21:10.655304+00:00,community-contributed product label database,Open Database License (ODbL); individual contents under Database Contents License (DbCL),source-recorded; not independently label-verified,medium,missing_ingredients
off-id-8719200170995,8719200170995,Blue Band Serbaguna Sac 200g,Blue Band Serbaguna Margarin 200 g,Blue Band,en:plant-based-foods-and-beverages | en:plant-based-foods | en:spreads | en:fats | en:plant-based-spreads | en:salted-spreads | en:vegetable-fats | en:spreadable-fats | en:margarines,"RH-30
18/08/23",,en:halal,en:indonesia,en:indonesia | en:netherlands,,200g,20g,,,2590,600,73.3,46.7,0,0,0,0,0.75,0.3,https://world.openfoodfacts.org/data,https://world.openfoodfacts.org/api/v2/search,2026-09-15T06:21:10.655304+00:00,community-contributed product label database,Open Database License (ODbL); individual contents under Database Contents License (DbCL),source-recorded; not independently label-verified,medium,
off-id-8904071700970,8904071700970,Bhel Mix,,,,,,,,en:indonesia,,170g,,,,,567,37.2,15.1,48.4,,,,,,https://world.openfoodfacts.org/data,https://world.openfoodfacts.org/api/v2/search,2026-09-15T06:21:10.655304+00:00,community-contributed product label database,Open Database License (ODbL); individual contents under Database Contents License (DbCL),source-recorded; not independently label-verified,medium,missing_ingredients | missing_brand | missing_labels
off-id-8901719119279,8901719119279,Kaccha MANGO Bite (Bigger),,Parle,,,,,,en:indonesia,,198g,,,,,388,0,0,97,73,0,0,,,https://world.openfoodfacts.org/data,https://world.openfoodfacts.org/api/v2/search,2026-09-15T06:21:10.655304+00:00,community-contributed product label database,Open Database License (ODbL); individual contents under Database Contents License (DbCL),source-recorded; not independently label-verified,medium,missing_ingredients | missing_labels
off-id-8999898972303,8999898972303,Biokul Greek Yog strawberry,,Biokul,en:dairies | en:fermented-foods | en:fermented-milk-products | en:desserts | en:dairy-desserts | en:fermented-dairy-desserts | en:yogurts | en:greek-style-yogurts,,,,,en:indonesia,,80gr,1 portion (80 g),,,670,160,8,6,16,10,,6,0.171875,0.06875,https://world.openfoodfacts.org/data,https://world.openfoodfacts.org/api/v2/search,2026-09-15T06:21:10.655304+00:00,community-contributed product label database,Open Database License (ODbL); individual contents under Database Contents License (DbCL),source-recorded; not independently label-verified,medium,missing_ingredients | missing_labels
off-id-8997035600546,8997035600546,Ion Supply Drink 900ml,Ion Supply Drink 900ml,Pocari,en:beverages-and-beverages-preparations | en:beverages | en:artificially-sweetened-beverages | en:diet-beverages | en:dietary-drink-for-sport | en:Electrolyte drink,"Air, gula, pengatur keasaman, natrium klorida, kalium klorida, kalsium laktat, magnesium karbonat, antioksidan asam askorbat, perisa sintetik dan perisa alami sitrus.",,en:halal,,en:indonesia,en:plastic | en:bottle,900 ml,250 ml,,"Indonesia, Jawa Timur",,60,0,0,15,14,0,0,0,0,https://world.openfoodfacts.org/data,https://world.openfoodfacts.org/api/v2/search,2026-09-15T06:21:10.655304+00:00,community-contributed product label database,Open Database License (ODbL); individual contents under Database Contents License (DbCL),source-recorded; not independently label-verified,medium,
off-id-8994588342114,8994588342114,Air Mineral,Air Mineral,cheers,en:beverages-and-beverages-preparations | en:beverages | en:waters | en:Watter,water,,,,en:indonesia,,600ml,,,,,,,,,,,,,,https://world.openfoodfacts.org/data,https://world.openfoodfacts.org/api/v2/search,2026-09-15T06:21:10.655304+00:00,community-contributed product label database,Open Database License (ODbL); individual contents under Database Contents License (DbCL),source-recorded; not independently label-verified,medium,missing_core_nutrition | missing_labels
off-id-8992761002039,8992761002039,Fanta,Fanta Strawberry 390ml,Fanta,en:beverages-and-beverages-preparations | en:beverages | en:non-alcoholic-beverages | en:carbonated-drinks | en:soft-drinks | en:sodas | en:sweetened-beverages,,,en:halal,,en:indonesia,,,250 ml,,,408,50,0,0,12,11,,12,,,https://world.openfoodfacts.org/data,https://world.openfoodfacts.org/api/v2/search,2026-09-15T06:21:10.655304+00:00,community-contributed product label database,Open Database License (ODbL); individual contents under Database Contents License (DbCL),source-recorded; not independently label-verified,medium,missing_ingredients
off-id-0728177005207,0728177005207,,,,,"Vegetable cellulose, magnesium stearate, capsules",,,,en:indonesia,,,,,,,,,,,,,,,,https://world.openfoodfacts.org/data,https://world.openfoodfacts.org/api/v2/search,2026-09-15T06:21:10.655304+00:00,community-contributed product label database,Open Database License (ODbL); individual contents under Database Contents License (DbCL),source-recorded; not independently label-verified,medium,missing_product_name | missing_brand | missing_core_nutrition | missing_labels
off-id-8998009010224,8998009010224,Ultra milk full cream,Ultra milk full cream,"Ultrajaya, ultra milk",en:dairies | en:milks-liquid-and-powder | en:milks,"Susu sapi segar 100%, tanpa pengawet.",,en:fsc | en:no-preservatives | en:fsc-mix,id:Indonésie,en:indonesia,,250 ml,200 ml,"alphamart, indomart",,,60,3,1.5,,4,0.5,3,0.05,0.02,https://world.openfoodfacts.org/data,https://world.openfoodfacts.org/api/v2/search,2026-09-15T06:21:10.655304+00:00,community-contributed product label database,Open Database License (ODbL); individual contents under Database Contents License (DbCL),source-recorded; not independently label-verified,medium,
off-id-0711844162419,0711844162419,Abc sari kacang hijau,Abc sari kacang hijau,Abc,en:Mung Bean Drinks,RH 30,,,,en:indonesia,,1,200 ml,,,198.5,40,0,,9.5,7.5,2.5,1,0.0325,0.0175,https://world.openfoodfacts.org/data,https://world.openfoodfacts.org/api/v2/search,2026-09-15T06:21:10.655304+00:00,community-contributed product label database,Open Database License (ODbL); individual contents under Database Contents License (DbCL),source-recorded; not independently label-verified,medium,missing_labels
off-id-8993175537810,8993175537810,,,,,,,,,en:indonesia,,,,,,,,,,,,,,,,https://world.openfoodfacts.org/data,https://world.openfoodfacts.org/api/v2/search,2026-09-15T06:21:10.655304+00:00,community-contributed product label database,Open Database License (ODbL); individual contents under Database Contents License (DbCL),source-recorded; not independently label-verified,medium,missing_product_name | missing_ingredients | missing_brand | missing_core_nutrition | missing_labels
off-id-8992718853806,8992718853806,Cup noodles,,Nissin,,,,,,en:indonesia,,,67.0g,,,,447.761194029851,19.4029850746269,,4.47761194029851,,,11.9402985074627,,,https://world.openfoodfacts.org/data,https://world.openfoodfacts.org/api/v2/search,2026-09-15T06:21:10.655304+00:00,community-contributed product label database,Open Database License (ODbL); individual contents under Database Contents License (DbCL),source-recorded; not independently label-verified,medium,missing_ingredients | missing_labels
off-id-8997035600324,8997035600324,POCARI SWEET 2 L,POCARI SWEET 2 L,Otsuka,,RH 60,,,,en:indonesia,,7,250 ml,,,,24,0,,6,5.6,,0,0.12,0.048,https://world.openfoodfacts.org/data,https://world.openfoodfacts.org/api/v2/search,2026-09-15T06:21:10.655304+00:00,community-contributed product label database,Open Database License (ODbL); individual contents under Database Contents License (DbCL),source-recorded; not independently label-verified,medium,missing_labels
off-id-8999999005610,8999999005610,Almond ice cream,Magnum Almond,Magnum,en:desserts | en:frozen-foods | en:frozen-desserts | en:ice-creams-and-sorbets,,,,,en:indonesia,,,80 ml,,,1182.5,287.5,18.75,12.5,25,20,0,3.75,0.03125,0.0125,https://world.openfoodfacts.org/data,https://world.openfoodfacts.org/api/v2/search,2026-09-15T06:21:10.655304+00:00,community-contributed product label database,Open Database License (ODbL); individual contents under Database Contents License (DbCL),source-recorded; not independently label-verified,medium,missing_ingredients | missing_labels
off-id-8998866202893,8998866202893,Golda Coffee cappuchino,,Wingsfood,en:beverages-and-beverages-preparations | en:plant-based-foods-and-beverages | en:beverages | en:plant-based-foods | en:beverage-preparations | en:instant-beverages | en:coffees | en:instant-coffees,RH-30,,en:halal,en:indonesia,en:indonesia,,coffe,200ml,,,,90,2.5,2.5,15.5,9.5,,1,0.04,0.016,https://world.openfoodfacts.org/data,https://world.openfoodfacts.org/api/v2/search,2026-09-15T06:21:10.655304+00:00,community-contributed product label database,Open Database License (ODbL); individual contents under Database Contents License (DbCL),source-recorded; not independently label-verified,medium,
off-id-9556041604505,9556041604505,Tuna olive oil,,Ayam Brand,en:seafood | en:fishes-and-their-products | en:canned-foods | en:fishes | en:fatty-fishes | en:canned-fishes | en:tunas | en:canned-tunas | en:tunas-in-oil | en:tuna-in-olive-oil,,,,,en:indonesia,,,38 g,,,752.105263255263,178.94736842,7.63157895,,0,,,27.6315789473684,,,https://world.openfoodfacts.org/data,https://world.openfoodfacts.org/api/v2/search,2026-09-15T06:21:10.655304+00:00,community-contributed product label database,Open Database License (ODbL); individual contents under Database Contents License (DbCL),source-recorded; not independently label-verified,medium,missing_ingredients | missing_labels
off-id-69012877,69012877,,,,,,,,,en:indonesia,,,,,,,,,,,,,,,,https://world.openfoodfacts.org/data,https://world.openfoodfacts.org/api/v2/search,2026-09-15T06:21:10.655304+00:00,community-contributed product label database,Open Database License (ODbL); individual contents under Database Contents License (DbCL),source-recorded; not independently label-verified,medium,missing_product_name | missing_ingredients | missing_brand | missing_core_nutrition | missing_labels
off-id-8999908808905,8999908808905,Hemaviton C1000 Ls can,Hemaviton C1000 Ls can,,,RH 90,,,,en:indonesia,,330ml,,,,,,,,,,,,,,https://world.openfoodfacts.org/data,https://world.openfoodfacts.org/api/v2/search,2026-09-15T06:21:10.655304+00:00,community-contributed product label database,Open Database License (ODbL); individual contents under Database Contents License (DbCL),source-recorded; not independently label-verified,medium,missing_brand | missing_core_nutrition | missing_labels
off-id-8998009020193,8998009020193,Buavita Juice Mango 245ml,Buavita Juice Mango 245ml,,en:beverages-and-beverages-preparations | en:plant-based-foods-and-beverages | en:beverages | en:fruit-based-foods-and-beverages | en:plant-based-beverages | en:fruit-based-beverages | en:juices-and-nectars | en:fruit-juices | en:orange-juices,RH. 30,,,,en:indonesia,,1,,,,,,,,,,,,,,https://world.openfoodfacts.org/data,https://world.openfoodfacts.org/api/v2/search,2026-09-15T06:21:10.655304+00:00,community-contributed product label database,Open Database License (ODbL); individual contents under Database Contents License (DbCL),source-recorded; not independently label-verified,medium,missing_brand | missing_core_nutrition | missing_labels
off-id-8997009510369,8997009510369,You C1000 Vitamin Mango,You C1000 Vitamin Mango,,en:dietary-supplements,,,,,en:indonesia,,140 ml,,,,,,,,,,,,,,https://world.openfoodfacts.org/data,https://world.openfoodfacts.org/api/v2/search,2026-09-15T06:21:10.655304+00:00,community-contributed product label database,Open Database License (ODbL); individual contents under Database Contents License (DbCL),source-recorded; not independently label-verified,medium,missing_ingredients | missing_brand | missing_core_nutrition | missing_labels
off-id-8997035601222,8997035601222,Oranamin C Drink,Oranamin C Drink,"Oronamin, Otsuka",en:Health supplement,"Air berkarbonasi 120mL, gula, madu, perisa buah, perisa buah campuran, asam sitrat, vitamin mix (Asam Amino L-Treonin, L-Isoleusin, L-Fenilalanin), perisa kafein, ekstrak citrus",,en:halal,,en:indonesia,,120 ml,120ml,"Alfamart, Astro Indonesia, Indomaret","Indonesia, Sukabumi",,,,,,,,,,,https://world.openfoodfacts.org/data,https://world.openfoodfacts.org/api/v2/search,2026-09-15T06:21:10.655304+00:00,community-contributed product label database,Open Database License (ODbL); individual contents under Database Contents License (DbCL),source-recorded; not independently label-verified,medium,missing_core_nutrition
off-id-8998866610377,8998866610377,Iso plus 350 ml,Iso plus 350 ml,Wingsfood,,RH 30,,,,en:indonesia,,1,1 portion (175 ml),,,97.1428571428571,22.8571428571429,0,,5.71428571428571,5.71428571428571,,0,0.121428571428571,0.0485714285714286,https://world.openfoodfacts.org/data,https://world.openfoodfacts.org/api/v2/search,2026-09-15T06:21:10.655304+00:00,community-contributed product label database,Open Database License (ODbL); individual contents under Database Contents License (DbCL),source-recorded; not independently label-verified,medium,missing_labels
off-id-8885012290548,8885012290548,Ribena,Ribena,Ribena,en:beverages-and-beverages-preparations | en:plant-based-foods-and-beverages | en:beverages | en:fruit-based-foods-and-beverages | en:plant-based-beverages | en:fruit-based-beverages | en:juices-and-nectars | en:fruit-juices,Rh 30,,,,en:indonesia,,450 ml,,,,79.9,19,0,0,4.7,4.4,,0,0.015,0.006,https://world.openfoodfacts.org/data,https://world.openfoodfacts.org/api/v2/search,2026-09-15T06:21:10.655304+00:00,community-contributed product label database,Open Database License (ODbL); individual contents under Database Contents License (DbCL),source-recorded; not independently label-verified,medium,missing_labels
off-id-8886001012080,8886001012080,Biskuit Roma Kelapa,,Mayora,,,,,,en:indonesia,,450g,,,,,,,,,,,,,,https://world.openfoodfacts.org/data,https://world.openfoodfacts.org/api/v2/search,2026-09-15T06:21:10.655304+00:00,community-contributed product label database,Open Database License (ODbL); individual contents under Database Contents License (DbCL),source-recorded; not independently label-verified,medium,missing_ingredients | missing_core_nutrition | missing_labels
off-id-8993004785160,8993004785160,Smax Ring Cheese 40gr,Smax Ring Cheese 40gr,,,RH. 30,,,,en:indonesia,,1,,,,,,,,,,,,,,https://world.openfoodfacts.org/data,https://world.openfoodfacts.org/api/v2/search,2026-09-15T06:21:10.655304+00:00,community-contributed product label database,Open Database License (ODbL); individual contents under Database Contents License (DbCL),source-recorded; not independently label-verified,medium,missing_brand | missing_core_nutrition | missing_labels
off-id-9556001299154,9556001299154,Espresso Latte,Starbucks latte can,Starbucks Doubleshot,th:Canned latte coffee,"Water, Skimmed Milk Powder (5%) (Cow's Milk), Sugar, Milk Fat (Cow's Milk), Instant Coffee (1.2%), Stabilizer (Cellulose Gel, Cellulose Gum) Acidity Regulator (Potassium Carbonate), Emulsifier (Soya Lecithin) Allergen Information: Contains MILK, SOYA",en:milk | en:soybeans,en:halal,en:malaysia,en:indonesia | en:thailand,,220 ml,220 g,7-11,,229.090909090909,57.9545454545455,1.59090909090909,0.909090909090909,8.63636363636364,7.27272727272727,0.909090909090909,1.81818181818182,0.0681818181818182,0.0272727272727273,https://world.openfoodfacts.org/data,https://world.openfoodfacts.org/api/v2/search,2026-09-15T06:21:10.655304+00:00,community-contributed product label database,Open Database License (ODbL); individual contents under Database Contents License (DbCL),source-recorded; not independently label-verified,medium,
off-id-8991002121089,8991002121089,GOODDAY ORIGINAL,GOODDAY ORIGINAL,,,RH-90,,,,en:indonesia,,1,,,,,,,,,,,,,,https://world.openfoodfacts.org/data,https://world.openfoodfacts.org/api/v2/search,2026-09-15T06:21:10.655304+00:00,community-contributed product label database,Open Database License (ODbL); individual contents under Database Contents License (DbCL),source-recorded; not independently label-verified,medium,missing_brand | missing_core_nutrition | missing_labels
off-id-8993175537285,8993175537285,Nabati Wafer,Nabati Wafer,Richeese,en:snacks | en:sweet-snacks | en:biscuits-and-cakes | en:biscuits-and-crackers | en:biscuits | en:wafers | en:Cheese cream wafer | en:Food,"Wheat Flour, Sugar, Vegetable Oil (contains Antioxidant TBHQ), Whey Powder, Cheese Powder 3% contains Flavour Enhancer Monosodium Glutamate and Disodium-5'ribonucleotides, Synthetic Colour (Ponceau 4R 016255 and Sunset Yellow FCF CI 15985)), Corn Starch, Salt, Emulsifier Soy Lecithin, Raising Agent, Flavour Enhancer Monosodium Glutamate, Vitamin (A, B1, B2, B6, B12), Synthetic Colour Sunset Yellow FCF CI 15985.",en:gluten | en:milk | en:soybeans,en:halal | en:SNI,,en:indonesia,,110g,15g,,,1953.33333333333,466.666666666667,16.6666666666667,6.66666666666667,73.3333333333333,33.3333333333333,0,6.66666666666667,0.433333333333333,0.173333333333333,https://world.openfoodfacts.org/data,https://world.openfoodfacts.org/api/v2/search,2026-09-15T06:21:10.655304+00:00,community-contributed product label database,Open Database License (ODbL); individual contents under Database Contents License (DbCL),source-recorded; not independently label-verified,medium,
off-id-8886008101138,8886008101138,Aqua,,Danone,en:beverages-and-beverages-preparations | en:beverages | en:waters | en:spring-waters | en:mineral-waters | en:drinking-water,,,en:halal | en:SNI,en:indonesia,en:indonesia,,19L,,,,,,,,,,,,,,https://world.openfoodfacts.org/data,https://world.openfoodfacts.org/api/v2/search,2026-09-15T06:21:10.655304+00:00,community-contributed product label database,Open Database License (ODbL); individual contents under Database Contents License (DbCL),source-recorded; not independently label-verified,medium,missing_ingredients | missing_core_nutrition
off-id-8992718853158,8992718853158,Gekikara ramen jamur 109G,Gekikara ramen jamur 109G,Nissin,,RH 30,,,,en:indonesia,,108g,1 portion (108 g),,,1775.92592592593,425.925925925926,14.8148148148148,7.40740740740741,64.8148148148148,1.85185185185185,,7.40740740740741,4.21296296296296,1.68518518518519,https://world.openfoodfacts.org/data,https://world.openfoodfacts.org/api/v2/search,2026-09-15T06:21:10.655304+00:00,community-contributed product label database,Open Database License (ODbL); individual contents under Database Contents License (DbCL),source-recorded; not independently label-verified,medium,missing_labels
off-id-8992753005499,8992753005499,Ff full cream 1 L,Ff full cream 1 L,Frisian Flag,en:dairies | en:milks-liquid-and-powder | en:milks | en:whole-milks,RH 30,,en:vegetarian | en:halal,,en:indonesia,,946ml,225 ml,,,219.2,52,2.8,2,4,4.44444444444444,,2.8,0.1,0.04,https://world.openfoodfacts.org/data,https://world.openfoodfacts.org/api/v2/search,2026-09-15T06:21:10.655304+00:00,community-contributed product label database,Open Database License (ODbL); individual contents under Database Contents License (DbCL),source-recorded; not independently label-verified,medium,
off-id-8991002109377,8991002109377,- Fresco,,Fresco,,,,,,en:indonesia,,,25.0g,,,,110,2,2,22,16,,1,,,https://world.openfoodfacts.org/data,https://world.openfoodfacts.org/api/v2/search,2026-09-15T06:21:10.655304+00:00,community-contributed product label database,Open Database License (ODbL); individual contents under Database Contents License (DbCL),source-recorded; not independently label-verified,medium,missing_ingredients | missing_labels
off-id-8886007811113,8886007811113,Teh Cap Poci,,PT Gunung Slamat,en:beverages-and-beverages-preparations | en:plant-based-foods-and-beverages | en:beverages | en:hot-beverages | en:plant-based-beverages | en:beverage-preparations | en:teas | en:tea-leaves | en:tea-bags,,,,,en:indonesia,,50g,,,,,,,,,,,,,,https://world.openfoodfacts.org/data,https://world.openfoodfacts.org/api/v2/search,2026-09-15T06:21:10.655304+00:00,community-contributed product label database,Open Database License (ODbL); individual contents under Database Contents License (DbCL),source-recorded; not independently label-verified,medium,missing_ingredients | missing_core_nutrition | missing_labels
off-id-8992797260106,8992797260106,Kepala jenggot teh clp,Kepala jenggot teh clp,,en:beverages-and-beverages-preparations | en:plant-based-foods-and-beverages | en:beverages | en:hot-beverages | en:plant-based-beverages | en:teas,RH 90,,,,en:indonesia,,1,,,,,,,,,,,,,,https://world.openfoodfacts.org/data,https://world.openfoodfacts.org/api/v2/search,2026-09-15T06:21:10.655304+00:00,community-contributed product label database,Open Database License (ODbL); individual contents under Database Contents License (DbCL),source-recorded; not independently label-verified,medium,missing_brand | missing_core_nutrition | missing_labels
off-id-8992702005945,8992702005945,indomilk coklat btl 190ML,indomilk coklat btl 190ML,,id:Susu instan,RH 30,,,,en:indonesia,,1,,,,,,,,,,,,,,https://world.openfoodfacts.org/data,https://world.openfoodfacts.org/api/v2/search,2026-09-15T06:21:10.655304+00:00,community-contributed product label database,Open Database License (ODbL); individual contents under Database Contents License (DbCL),source-recorded; not independently label-verified,medium,missing_brand | missing_core_nutrition | missing_labels
off-id-8998009010927,8998009010927,ultra mimi kids stroberi 125ML,ultra mimi kids stroberi 125ML,,,RH 30,,,,en:indonesia,,7,,,,,,,,,,,,,,https://world.openfoodfacts.org/data,https://world.openfoodfacts.org/api/v2/search,2026-09-15T06:21:10.655304+00:00,community-contributed product label database,Open Database License (ODbL); individual contents under Database Contents License (DbCL),source-recorded; not independently label-verified,medium,missing_brand | missing_core_nutrition | missing_labels
off-id-8992772123068,8992772123068,ADEM SARI BOX 5S E-1B,ADEM SARI BOX 5S E-1B,Adem,,,,en:halal,,en:indonesia,,1,,,,,,,,,,,,,,https://world.openfoodfacts.org/data,https://world.openfoodfacts.org/api/v2/search,2026-09-15T06:21:10.655304+00:00,community-contributed product label database,Open Database License (ODbL); individual contents under Database Contents License (DbCL),source-recorded; not independently label-verified,medium,missing_ingredients | missing_core_nutrition
off-id-0089686010190,0089686010190,Indomie rasa Kari Ayam,Indomie rasa Kari Ayam,,id:makanan,". CARA PENYATA • Rebus mi dalam 400 cc (2 gelas) air mendidih selama 3 menit sambil diaduk. Sementara mi direbus, campurkan bumbu, minyak bumbu, dan cabe bubuk ke dalam mangkok. Tuangkan mi dan kuahnya ke dalam mangkok, aduk dengan bumbu hingga merata. Mi lezat sian din Indomi Selen... erigu, minyak nabati, garam, bu kari (2%), penguat rasa mat dinatrium inosinat dan toti Yam mengandung endale arnel dan antioksidan (asam okoferol)), cabe bubuk, gula, penstabil (nabati dan fosfat), ang putih bubuk, rempah-rempah, , B12, Niasin, Asam Folat dan (zat besi), antioksidan TBHQ dan trazin CI 19140. lihat daftar bahan yang dicetak tebal. g kacang tanah, udang, ikan dan susu. food MAKANAN BERMUTU 05 INFORMASI NILAI GIZI Lemak Total 15g Kolesterol 0 mg Lemak Jenuh 8g 72 g Protein 79 JUMLAH PER SAJIAN 12% AKG* JUMLAH PER SAJIAN Karbohidrat Total 4 Serat Pangan ANG 0 1% Garam (Natrium) m 22% 0% 38% Gula 12% Vitamin dan Mineral 330 kkal Vitamin A Energi dari Lemak 130 kkal Vitamin B1 Vitamin B6 Vitamin B12 189 50% Niasin 25% Asam Folat 25% Asam Pantotenat 15% Zat Besi Takaran saji 1 Sajian per Kemasan Energi Total *Persen AKG berdasarkan kebutuhan energi 2150 kkal. Kebutuhan energi anda mungkin lebih tinggih re 89686 01019 0 PP LAYANAN KONSUMEN Indofood Untuk Produk Mi Inst 0 800 181 888 (Bebas Pu Email: indomie@icbp.indofood.co Website: www.indomie.com",en:crustaceans | en:fish | en:milk,,,en:indonesia,,72 g,72 g,,,0,458.333333333333,20.8333333333333,11.1111111111111,59.7222222222222,2.77777777777778,2.77777777777778,9.72222222222222,1652.77777777778,661.111111111111,https://world.openfoodfacts.org/data,https://world.openfoodfacts.org/api/v2/search,2026-09-15T06:21:10.655304+00:00,community-contributed product label database,Open Database License (ODbL); individual contents under Database Contents License (DbCL),source-recorded; not independently label-verified,medium,missing_brand | missing_labels
off-id-8993200666836,8993200666836,CIMORY SUSU ALMOND,CIMORY SUSU ALMOND,,,,,,,en:indonesia,,250ml,,,,,,,,,,,,,,https://world.openfoodfacts.org/data,https://world.openfoodfacts.org/api/v2/search,2026-09-15T06:21:10.655304+00:00,community-contributed product label database,Open Database License (ODbL); individual contents under Database Contents License (DbCL),source-recorded; not independently label-verified,medium,missing_ingredients | missing_brand | missing_core_nutrition | missing_labels
off-id-8999099923739,8999099923739,SGM Eksplor 3+ Madu,SGM Eksplor 3+ Madu,,,RH 90,,,,en:indonesia,,,,,,,,,,,,,,,,https://world.openfoodfacts.org/data,https://world.openfoodfacts.org/api/v2/search,2026-09-15T06:21:10.655304+00:00,community-contributed product label database,Open Database License (ODbL); individual contents under Database Contents License (DbCL),source-recorded; not independently label-verified,medium,missing_brand | missing_core_nutrition | missing_labels
off-id-8992802315074,8992802315074,Milna biscuit original,Milna biscuit original,milna,,RH 90,,,,en:indonesia,,,,,,,,,,,,,,,,https://world.openfoodfacts.org/data,https://world.openfoodfacts.org/api/v2/search,2026-09-15T06:21:10.655304+00:00,community-contributed product label database,Open Database License (ODbL); individual contents under Database Contents License (DbCL),source-recorded; not independently label-verified,medium,missing_core_nutrition | missing_labels
off-id-8998888110114,8998888110114,Marjan,,,,,,,,en:indonesia,,460 ml,,,,,428.57142857143,0,0,100,100,0,0,0,0,https://world.openfoodfacts.org/data,https://world.openfoodfacts.org/api/v2/search,2026-09-15T06:21:10.655304+00:00,community-contributed product label database,Open Database License (ODbL); individual contents under Database Contents License (DbCL),source-recorded; not independently label-verified,medium,missing_ingredients | missing_brand | missing_labels
off-id-8995102707129,8995102707129,DELISAOS HOT LAVA 260ML 12,DELISAOS HOT LAVA 260ML 12,mamaasuka,,,,,,en:indonesia,,320g,,,,,,,,,,,,,,https://world.openfoodfacts.org/data,https://world.openfoodfacts.org/api/v2/search,2026-09-15T06:21:10.655304+00:00,community-contributed product label database,Open Database License (ODbL); individual contents under Database Contents License (DbCL),source-recorded; not independently label-verified,medium,missing_ingredients | missing_core_nutrition | missing_labels
off-id-8801045420509,8801045420509,FRYING MIX 1KG OT,FRYING MIX 1KG OT,,,,,,,en:indonesia,,,,,,,,,,,,,,,,https://world.openfoodfacts.org/data,https://world.openfoodfacts.org/api/v2/search,2026-09-15T06:21:10.655304+00:00,community-contributed product label database,Open Database License (ODbL); individual contents under Database Contents License (DbCL),source-recorded; not independently label-verified,medium,missing_ingredients | missing_brand | missing_core_nutrition | missing_labels
off-id-8888900415009,8888900415009,LaFonte Spaghetti -10 pasta,,La Fonte,,,,en:halal,,en:indonesia,,225g,60 g,,,1561.66666666667,366.666666666667,1.66666666666667,0.833333333333333,71.6666666666667,5,3.33333333333333,15,0.0416666666666667,0.0166666666666667,https://world.openfoodfacts.org/data,https://world.openfoodfacts.org/api/v2/search,2026-09-15T06:21:10.655304+00:00,community-contributed product label database,Open Database License (ODbL); individual contents under Database Contents License (DbCL),source-recorded; not independently label-verified,medium,missing_ingredients
off-id-8991002133327,8991002133327,Good Day Duet Moca Caramel,,Good Day,,,,,,en:indonesia,,22g,,,,,,,,,,,,,,https://world.openfoodfacts.org/data,https://world.openfoodfacts.org/api/v2/search,2026-09-15T06:21:10.655304+00:00,community-contributed product label database,Open Database License (ODbL); individual contents under Database Contents License (DbCL),source-recorded; not independently label-verified,medium,missing_ingredients | missing_core_nutrition | missing_labels
off-id-8991102222006,8991102222006,Teh Gelas Cup,,OT ( Orang Tua),en:beverages-and-beverages-preparations | en:plant-based-foods-and-beverages | en:beverages | en:hot-beverages | en:plant-based-beverages | en:teas | en:tea-based-beverages | id:Tea cup,"Air Gula, Down Teh Molati Daun Teh Dengan Bunge Mulat (494), Pengawet (Kalum Sorbat, Natrium Benzoat), Perisa (Sintetik, Alami), Garam, Pengatur Keasaman. D Tanpa Pemanis Buatan, Tanpa Pewarna Sintetis",,,,en:indonesia,,160ml,160ml,,,,28.125,0,0,6.875,5.625,,0,0.00625,0.0025,https://world.openfoodfacts.org/data,https://world.openfoodfacts.org/api/v2/search,2026-09-15T06:21:10.655304+00:00,community-contributed product label database,Open Database License (ODbL); individual contents under Database Contents License (DbCL),source-recorded; not independently label-verified,medium,missing_labels
off-id-4545593011447,4545593011447,SOP SUBARASHI,,AFC,en:dietary-supplements,,,,,en:indonesia,,,,,,,,,,,,,,,,https://world.openfoodfacts.org/data,https://world.openfoodfacts.org/api/v2/search,2026-09-15T06:21:10.655304+00:00,community-contributed product label database,Open Database License (ODbL); individual contents under Database Contents License (DbCL),source-recorded; not independently label-verified,medium,missing_ingredients | missing_core_nutrition | missing_labels
off-id-8991999112763,8991999112763,milk life,,,en:beverages-and-beverages-preparations | en:plant-based-foods-and-beverages | en:beverages | en:dairies | en:fruit-based-foods-and-beverages | en:dairy-drinks | en:milks-liquid-and-powder | en:plant-based-beverages | en:fruit-based-beverages | en:milks | en:fruit-and-milk-beverages,Fresh Milk (100%),en:milk,,,en:indonesia,,,,,,,,,,,,,,,,https://world.openfoodfacts.org/data,https://world.openfoodfacts.org/api/v2/search,2026-09-15T06:21:10.655304+00:00,community-contributed product label database,Open Database License (ODbL); individual contents under Database Contents License (DbCL),source-recorded; not independently label-verified,medium,missing_brand | missing_core_nutrition | missing_labels
off-id-8991199222194,8991199222194,Sambel Pecel Sedang,Sambel Pecel Sedang,Karangsari,en:condiments | en:sauces | en:peanut-sauces | en:satay-sauces,"Ingrediente: Peanut, Palm Sugar, Chili, Salt Garlic, Galingale, Citrus Leaves, amand.",en:peanuts,en:halal,,en:indonesia | en:netherlands,,200 gram,50g,,Indonesia,,460,28,6,36,28,6,18,2.9,1.16,https://world.openfoodfacts.org/data,https://world.openfoodfacts.org/api/v2/search,2026-09-15T06:21:10.655304+00:00,community-contributed product label database,Open Database License (ODbL); individual contents under Database Contents License (DbCL),source-recorded; not independently label-verified,medium,
off-id-0089686401721,0089686401721,Saus tomat,Saus Tomat,Indofood,,,,,,en:indonesia,,135ml,,,,,,,,,,,,,,https://world.openfoodfacts.org/data,https://world.openfoodfacts.org/api/v2/search,2026-09-15T06:21:10.655304+00:00,community-contributed product label database,Open Database License (ODbL); individual contents under Database Contents License (DbCL),source-recorded; not independently label-verified,medium,missing_ingredients | missing_core_nutrition | missing_labels
off-id-8991102387262,8991102387262,Tango Vanilla Delight,Tango Vanilla Delight,,,,,en:halal,,en:indonesia,,39 g,,,,,,,,,,,,,,https://world.openfoodfacts.org/data,https://world.openfoodfacts.org/api/v2/search,2026-09-15T06:21:10.655304+00:00,community-contributed product label database,Open Database License (ODbL); individual contents under Database Contents License (DbCL),source-recorded; not independently label-verified,medium,missing_ingredients | missing_brand | missing_core_nutrition
off-id-8996006857705,8996006857705,S-tee Jumbo Jasmine Tea,S-tee Jumbo Teh Melati,S-tee,en:beverages-and-beverages-preparations | en:beverages | en:tea-based-beverages | en:iced-teas | en:Jasmine Tea Drink,"Water, Sugar, Jasmine Tea 0.34%, Synthetic Jasmine Flavor, Black Tea Powder 0.003%, E300, E955",,en:halal | en:Bangga Buatan Indonesia,,en:indonesia,,"390ml, 13.3 FL.oz",195ml,,"Bekasi, Indonesia",69.7435897435897,15.3846153846154,0,0,4.1025641025641,4.1025641025641,,0,0.0128205128205128,0.00512820512820513,https://world.openfoodfacts.org/data,https://world.openfoodfacts.org/api/v2/search,2026-09-15T06:21:10.655304+00:00,community-contributed product label database,Open Database License (ODbL); individual contents under Database Contents License (DbCL),source-recorded; not independently label-verified,medium,
off-id-8993296201119,8993296201119,Tepung terigu segitiga biru,,,id:makanan,"bapia, pastel, INGREDIENTS Wheat Flour, Iron, Zinc, Vitamin B3, Vitamin B2, Vitamin B1, Folic Acid, Vitamin A, and Vitamin D3. Containing alergen, See bold printed ingredients list NUTRITION FACTS AMOUNT PER 100 g Total Energy 350 kkal Total Fat 1.5 g Saturated Fat 09 Protein 11 g yajian Total Carbohydrate 739 Sugar 09 Salt (sodium) 0 mg Iron Zinc Vitamin B1 6 mg 4 mg 1 mg Vitamin B2 0,42 mg Folic Acid 312 mcg Vitamin A Vitamin B3 65 mcg RE Vitamin D3 23 mg 3 mcg",,en:halal,,en:indonesia,,1 kg,,,,0,350,1.5,0,73,0,,11,0,0,https://world.openfoodfacts.org/data,https://world.openfoodfacts.org/api/v2/search,2026-09-15T06:21:10.655304+00:00,community-contributed product label database,Open Database License (ODbL); individual contents under Database Contents License (DbCL),source-recorded; not independently label-verified,medium,missing_brand
off-id-8994907001302,8994907001302,Sambal Terasi,Sambal Terasi,ABC,,,,,,en:indonesia,,,1 sachet (18 g),,,,250,8.33333333333333,2.77777777777778,38.8888888888889,27.7777777777778,,5.55555555555556,5.83333333333333,2.33333333333333,https://world.openfoodfacts.org/data,https://world.openfoodfacts.org/api/v2/search,2026-09-15T06:21:10.655304+00:00,community-contributed product label database,Open Database License (ODbL); individual contents under Database Contents License (DbCL),source-recorded; not independently label-verified,medium,missing_ingredients | missing_labels
off-id-8992752112518,8992752112518,Mizone,Mizone,Mood Up,id:Minuman,,,en:halal,,en:indonesia,,500 ml,,,,,,,,,,,,,,https://world.openfoodfacts.org/data,https://world.openfoodfacts.org/api/v2/search,2026-09-15T06:21:10.655304+00:00,community-contributed product label database,Open Database License (ODbL); individual contents under Database Contents License (DbCL),source-recorded; not independently label-verified,medium,missing_ingredients | missing_core_nutrition
off-id-8998009017810,8998009017810,Ultra Full Cream 125ml,,UltraMilk,en:dairies | id:Susu-uht,Susu sapi segar,,,en:indonesia,en:indonesia,,,125 ml,,,260.8,56,3.2,1.6,4.8,4,0.8,3.2,0.02,0.02,https://world.openfoodfacts.org/data,https://world.openfoodfacts.org/api/v2/search,2026-09-15T06:21:10.655304+00:00,community-contributed product label database,Open Database License (ODbL); individual contents under Database Contents License (DbCL),source-recorded; not independently label-verified,medium,missing_labels
off-id-8997225840035,8997225840035,,,,,,,en:halal,,en:indonesia,,,,,,,,,,,,,,,,https://world.openfoodfacts.org/data,https://world.openfoodfacts.org/api/v2/search,2026-09-15T06:21:10.655304+00:00,community-contributed product label database,Open Database License (ODbL); individual contents under Database Contents License (DbCL),source-recorded; not independently label-verified,medium,missing_product_name | missing_ingredients | missing_brand | missing_core_nutrition
off-id-8992907952136,8992907952136,SARI ROTI TAWAR KUPAS,,Sari Roti,,,,,,en:indonesia,,,40.0g,,,438,100,2,,17,2,3,3,,,https://world.openfoodfacts.org/data,https://world.openfoodfacts.org/api/v2/search,2026-09-15T06:21:10.655304+00:00,community-contributed product label database,Open Database License (ODbL); individual contents under Database Contents License (DbCL),source-recorded; not independently label-verified,medium,missing_ingredients | missing_labels
off-id-9556166058221,9556166058221,Dutch Lady Strawberry milk,,Dutch Lady,en:dairies | en:milks-liquid-and-powder | en:milks | en:602.62,"Milk solids non fat, sucrose, milk fat, fruct ase, tricalcium phosphate, cream extract, sucralose, vitamins (A, D3, B₂) and stevia. Contains permitted flavouring substances, colouring (E129), stabiliser (E460, E407, E466) and emulsifier (E471) of plant origin.",en:milk,en:halal | en:pefc,,en:indonesia | en:malaysia,en:box,200ml,1 box (200 ml),Lotus,,,51,1.3,,7.2,6.7,,2.6,0.105,0.042,https://world.openfoodfacts.org/data,https://world.openfoodfacts.org/api/v2/search,2026-09-15T06:21:10.655304+00:00,community-contributed product label database,Open Database License (ODbL); individual contents under Database Contents License (DbCL),source-recorded; not independently label-verified,medium,
off-id-8809260942189,8809260942189,PRETZEL,PRETZEL,SAMJIN,,,,,,en:indonesia,,85 g,,,,,,,,,,,,,,https://world.openfoodfacts.org/data,https://world.openfoodfacts.org/api/v2/search,2026-09-15T06:21:10.655304+00:00,community-contributed product label database,Open Database License (ODbL); individual contents under Database Contents License (DbCL),source-recorded; not independently label-verified,medium,missing_ingredients | missing_core_nutrition | missing_labels
off-id-8993007000239,8993007000239,Indomilk Kids Chocolate UHT Milk,,Indomilk,en:beverages-and-beverages-preparations | en:beverages | en:dairies | en:dairy-drinks | en:milks-liquid-and-powder | en:milks | en:flavoured-milks | en:homogenized-milks | en:pasteurised-products | en:chocolate-milks | en:uht-milks,"_Recombined milk_(water, _skimmed milk powder_-4.2%, _milk fat_),
_Fresh milk_-30%,
sugar,
cocoa powder-0.8%,
plant origin stabilizer,
synthetic flavour,",en:milk | en:Fresh milk | en:Recombined milk | en:milk fat | en:skimmed milk powder,en:halal,en:indonesia,en:indonesia,,115ml,115ml,,,291.304347826087,69.5652173913043,2.17391304347826,1.73913043478261,10.4347826086957,9.56521739130435,0,2.60869565217391,0.0347826086956522,0.0139130434782609,https://world.openfoodfacts.org/data,https://world.openfoodfacts.org/api/v2/search,2026-09-15T06:21:10.655304+00:00,community-contributed product label database,Open Database License (ODbL); individual contents under Database Contents License (DbCL),source-recorded; not independently label-verified,medium,
off-id-8809617944941,8809617944941,Garlic Bread Almond,,Hbaf,en:plant-based-foods-and-beverages | en:plant-based-foods | en:fruits-and-vegetables-based-foods | en:snacks | en:sweet-snacks | en:confectioneries | en:dried-products | en:fruits-based-foods | en:dried-plant-based-foods | en:dried-fruits,"HBAF TM ㅏ늘빵아몬드 GARLIC BREAD ALMOND Back Unter Schutzatmosphäre verpackt Zutaten: MANDELN 52% (USA), Crouton (Brot (WEIZEN, Emulgator. E471, E435), Satz, Helfe, MOLKE MILCH) Te E101 Zack Size 5.3% (Knoblaucharoma, Fruktose, MILCHfettpulver, Pulver mit Buttergeschmack (MILCH), verarbeitetes Satz, Samebutterpulver (MCH) Emulator E322 SBB 645 Splator: E262, E260), Verarbeitungshilfsstoff (SOJA, Säureregulator: E300), Margarine, (Antioxidationsmittel: E307, Fartstoff. E160), Zucker, Knoblaucher F SQUA PE SOJA, Kaleradrak. Mindestens haltbar bis: Siehe Rückseite. Herkunft: Südkorea. (NL) Amandelen met Knoflookbroodsmaak. Verpakt onder bescherme SOAL Puderzucks Knoblauchpule Knoblauchpulver, Trennmittel: E341, Süßungsmittel: E960, Aroma, Säureregulator: E330), dunkler Karamelsirup, ganz garantees Pand Ingredient AMACE Sten brood (TARWE, emulgator: E471; E435), zout, gist, WEI (MELK), deegontwikkelaar (stabilisator: E415; E466; E405), zuurteregelaar: 282 280 lectische p (SO antonidant E307, kleurstof. E160), suiker, knoflookpoeder, kleurstof. E101), suiker, zetmeelstroop, knoflookbroodkruiden 5,3% (knoflookaromate Emberpoeder (MELK, emulgator: E322 (SOJA)), poedersuiker, suiker, geroosterd knoflookpoeder, knoflookpoeder, antikontemiddel E3 st Earoma E area de LAIT i e re e gerende plantaardige olie (mais, SOJA), petersellepoeder, emulgator: E322 (SOJA), kruidenextract. Ten minste roubar Per Para A Conditioné sous atmosphère protectrice. Ingrédients: AMANDES 52% (USA), croûton (pain, (BLE, émulsifiant E471, 6435, ad ue ACTOSERUM LAIT). 15 64 645, corecteur d'acidité: E262; E260, auxiliaire technologique (SOJA, correcteur d'acidité: E300), margarine (antioxydant E307, corn (18), and damon, assement pour pain à fail 5,3% (arôme d'ail, fructose, poudre de matière grasse du LAIT, poudre aromatisée au beure (LAT) ESCUA sucre glace, sucre, poudre dal gile, al en poudre, antiagglomérant: E341, édulcorant: E960, arôme, correcteur d'acidité: E330), sirop de caramel fre A pesi en poudre, émulsient: ES22 (SOA), extrait d'herbes. A consommer de préférence avant le: Voir au dos. Origine: Corée du Sud (SE) and red ca MANDLAR 52% (USA), krutong (bröd, (VETE, emulgeringsmedel: E471; E435), salt, jäst VASSLE (MJÖLK), deguecare sa 555 22 E260 processiäpmedel (SOJA, surhetsreglerande medel: E300), margarin (antioxidationsmedel: E307, färgämne: E160), socker, due 5.3% visarom, fruktos, MJOLKlettpulver, pulver med smörsmak (MJOLK), bearbetat salt, gräddsmörpulver (MJOLK, emulgeringsmedel E320 nelygande mede: E341, sötningsmedel: E960, arom, surhetsreglerande medel: E330), mörk sockerkulörsirap, fulhärdad vegetabl Before: Se baksidan. Ursprung: Sydkorea. (FI) Mantelit Valkosipulileivän maulla. Pakattu suojakaasuun. Vainstar ES), suda, hive, HERA (MAITO), taikinan kehittäjä (stabilointiaine: Nährwerte / Voedingswaarde/Valeur nutritionelles/Näringsvärde Riv E262 E260, jalostuksen apuväline (SOIJA,| antioksidanti E307, väri: E160), sokeri, valkosipulijauhe. Pro/per/par/pr./na 100g NATO), käsiteltyä suola, kermavojauhe (MAITO, kuspulegamauste 5,3% (valkosipuliaromi, fruktoosi, Brennwert/Energie/Energie/Energi/Energia une se, paahdettu valkosipulijauhe, valkosipulijauhe, Fett/Vetten/Matières grasses/Felt/Rasva Be E960, aromi, happamuudensäätöaine: E330), tumma Davon gesättigte Fettsäuren/waarvan verzadigde veturen/dac mass SOJA, persijajauhe, emulgointiaine: E322 (SOIJA), varav mättat fett/josta tyydyttynyttä Auger Bled-Korea FR 207 OTHER Kohlenhydrate/Koolhydraten/Glucides/Kohydralyd Davon Zucker/waarvan suikers/dont sucres/varav sockerarter josta sokereita Eiweiss/Eiwitten/Protéines/Protein/Proteini Salz/Zout/Sel/Sat/Suola 2191 944941",en:soybeans,,,en:germany | en:indonesia,,120g,1 bag (120 g),,,1819.82,433.33,25.83,3.04,37.5,17.5,0,13.33,1.58,0.632,https://world.openfoodfacts.org/data,https://world.openfoodfacts.org/api/v2/search,2026-09-15T06:21:10.655304+00:00,community-contributed product label database,Open Database License (ODbL); individual contents under Database Contents License (DbCL),source-recorded; not independently label-verified,medium,missing_labels
off-id-8998866203531,8998866203531,Isoplus Coco 350ml,Isoplus Coco 350ml,Wings Food,en:beverages-and-beverages-preparations | en:plant-based-foods-and-beverages | en:beverages | en:plant-based-foods | en:fruit-based-foods-and-beverages | en:fruits-and-vegetables-based-foods | en:fruit-based-foods | en:plant-based-beverages | en:fruit-based-beverages | en:coconuts-and-their-products | en:coconut-waters,"Water, sugar, fructose syrup, coconut water (0.3%), acidity regulator, synthetic flavor, salt, vegetable stabilizer, potassium chloride, vegetable emulsifier (contains tocopherol antioxidant), magnesium lactate, calcium lactate, ascorbic acid",,,,en:indonesia,,350ml,175 ml,,,,28.5714285714286,0,0,6.85714285714286,6.85714285714286,0,0,0.0542857142857143,0.0217142857142857,https://world.openfoodfacts.org/data,https://world.openfoodfacts.org/api/v2/search,2026-09-15T06:21:10.655304+00:00,community-contributed product label database,Open Database License (ODbL); individual contents under Database Contents License (DbCL),source-recorded; not independently label-verified,medium,missing_labels
off-id-8992802063012,8992802063012,Fitbar multigrain fruits delight,,MultiGrain,en:plant-based-foods-and-beverages | en:plant-based-foods | en:fruits-and-vegetables-based-foods | en:snacks | en:sweet-snacks | en:fruits-based-foods | en:bars | en:dietary-supplements | en:bodybuilding-supplements | en:energy-bars | en:Rice crispies,"White Chocolate Compound Coating (Sugar, Vegetable Fat Milk Powder, Emulsiher (E322), Rice Crispy (19.7%), Oats (12%), Raisin (10.8%), Glucose Syrup Whole Wheat Flour (5.6%), Soy Puff, High Fructose Syrup, Margarine, Sucrose, Natural Sweetener Isomalt, Vegetable Humectant Glycerine, Natural Sweetener Maltitol, Quînoa Powder (1%), Inulin, Skim Mik Powder, Natural Identical Raspbery Flavor, Emulsifier Soy Lecithine, Salt, Antioxidant Tocopherol and Ascorbyl Palmitate, Calcium Carbonate, Sodium Ascorbate, Vitamin A, Vitamin B12.",en:gluten,en:halal | en:Transfat free,en:indonesia,en:indonesia,en:aluminum-foil,4,24 g,,,1693.75,375,10.4166666666667,8.33333333333333,62.5,16.6666666666667,4.16666666666667,12.5,0.364583333333333,0.145833333333333,https://world.openfoodfacts.org/data,https://world.openfoodfacts.org/api/v2/search,2026-09-15T06:21:10.655304+00:00,community-contributed product label database,Open Database License (ODbL); individual contents under Database Contents License (DbCL),source-recorded; not independently label-verified,medium,
off-id-8998009010637,8998009010637,Ultra Milk Low Fat,,Ultra,en:dairies | en:milks-liquid-and-powder | en:milks,"Fresh Milk (92.8%), Skim Milk Powder (7%) Vegetable Stabilizer, Salt",en:milk,en:halal | en:no-preservatives,,en:indonesia,,,250 g,,,,44,1.2,0.8,5.2,4.4,0.8,3.2,0.125,0.05,https://world.openfoodfacts.org/data,https://world.openfoodfacts.org/api/v2/search,2026-09-15T06:21:10.655304+00:00,community-contributed product label database,Open Database License (ODbL); individual contents under Database Contents License (DbCL),source-recorded; not independently label-verified,medium,
off-id-8999999000189,8999999000189,Taro Net Potato Bbq 32gr,Taro Net Potato Bbq 32gr,,id:cemilan,RH. 30,,,,en:indonesia,,1,,,,,,,,,,,,,,https://world.openfoodfacts.org/data,https://world.openfoodfacts.org/api/v2/search,2026-09-15T06:21:10.655304+00:00,community-contributed product label database,Open Database License (ODbL); individual contents under Database Contents License (DbCL),source-recorded; not independently label-verified,medium,missing_brand | missing_core_nutrition | missing_labels
off-id-0183405000025,0183405000025,Calm Original (Unflavored),,Natural Vitality,,Ionic magnesium citrate (created from a highly absorbable proprietary blend of citric acid and magnesium carbonate),,en:vegetarian | en:no-gmos | en:vegan | en:non-gmo-project,,en:indonesia | en:world,,16 oz,2 teaspoons (4 g),,,,,,,,,,,,,https://world.openfoodfacts.org/data,https://world.openfoodfacts.org/api/v2/search,2026-09-15T06:21:10.655304+00:00,community-contributed product label database,Open Database License (ODbL); individual contents under Database Contents License (DbCL),source-recorded; not independently label-verified,medium,missing_core_nutrition
off-id-8992696417922,8992696417922,Bear brand gold teh putih E-1B 140 ml,Bear brand gold teh putih E-1B 140 ml,Bear,,,,,,en:indonesia,,4,140 ml (140 ml),,,300,71.4285714285714,2.85714285714286,0.714285714285714,8.57142857142857,7.14285714285714,,2.85714285714286,0.205357142857143,0.0821428571428571,https://world.openfoodfacts.org/data,https://world.openfoodfacts.org/api/v2/search,2026-09-15T06:21:10.655304+00:00,community-contributed product label database,Open Database License (ODbL); individual contents under Database Contents License (DbCL),source-recorded; not independently label-verified,medium,missing_ingredients | missing_labels
off-id-8998866203920,8998866203920,Milku,Milku,Wings Food,en:dairies | en:milks-liquid-and-powder | en:milks,"Informasi Nilai Gizi 
Takaran Saji (1 Botol) 200 ml
—
1 Sajian per Kemasan 

JUMLAH PER SAJIAN 
Energi Total 100 kkal 
Energi dari Lemak 35 kkal Energi dari Lemak Jenuh 20 kkal %AKG* 
Lemak Total  4 g | 6%
 Kolesterol 15 mg | 4% 
Lemak Jenuh 2 g | 11% Protein 6 g | 9% 
Karbohidrat Total 11 g | 3% 
Gula 9 g
  Laktosa 9 g
  Sukrosa 0 g
Garam (Natrium) 130 mg | 6%",en:milk | id:Susu bubuk | id:Susu skim bubuk,en:halal | en:BPOM RI | en:NKV,en:indonesia,en:indonesia,,200 ml,200 ml,,"Indonesia, Pasuruan",219,52,2,1,5.5,4.5,,3,0.1625,0.065,https://world.openfoodfacts.org/data,https://world.openfoodfacts.org/api/v2/search,2026-09-15T06:21:10.655304+00:00,community-contributed product label database,Open Database License (ODbL); individual contents under Database Contents License (DbCL),source-recorded; not independently label-verified,medium,
off-id-4002309037219,4002309037219,Ceres choco hazelnut,Selai Coklat dengan Kacang Hazel,Ceres,id:Selai coklat,"Gula, Minyak Sawit. Minyak Rapa, Whey Bubuk, Kakao Bubuk (5%) Kacang Hazel (2%) Pengemulsi E322, Perisa Alami Vanila.",en:milk | en:nuts,en:halal,en:germany,en:indonesia,,180g,20g,,,2440,600,35,10,60,45,5,5,45,0.075,https://world.openfoodfacts.org/data,https://world.openfoodfacts.org/api/v2/search,2026-09-15T06:21:10.655304+00:00,community-contributed product label database,Open Database License (ODbL); individual contents under Database Contents License (DbCL),source-recorded; not independently label-verified,medium,
off-id-8996001301562,8996001301562,Malkist cokelat kelapa,,Roma,en:food,,,en:halal,,en:indonesia,,19g,,,,,,,,,,,,,,https://world.openfoodfacts.org/data,https://world.openfoodfacts.org/api/v2/search,2026-09-15T06:21:10.655304+00:00,community-contributed product label database,Open Database License (ODbL); individual contents under Database Contents License (DbCL),source-recorded; not independently label-verified,medium,missing_ingredients | missing_core_nutrition
off-id-0711844115057,0711844115057,ABC Kecap Asin,ABC Kecap Asin Botol 131 ml,ABC,en:condiments | en:sauces | en:soy-sauces,,,,,en:indonesia,,131ml,,,,,,,,,,,,,,https://world.openfoodfacts.org/data,https://world.openfoodfacts.org/api/v2/search,2026-09-15T06:21:10.655304+00:00,community-contributed product label database,Open Database License (ODbL); individual contents under Database Contents License (DbCL),source-recorded; not independently label-verified,medium,missing_ingredients | missing_core_nutrition | missing_labels
off-id-8993200666935,8993200666935,Cimory Squeeze Original,,Cimory Squeeze Original,en:dairies | en:fermented-foods | en:desserts | en:fermented-milk-products | en:dairy-desserts | en:fermented-dairy-desserts | en:yogurts,"Water, sugar, full cream powder, skim milk powder, stabilizer (animal vegetable base), Streptococcus thermophilus Lactobacillus delbrueckii subsp. bulgaricus preservative potassium sorbate.",en:milk,,,en:indonesia,en:plastic,1,100 g,,,419,100,3,2,17,10,3,3,0.1875,0.075,https://world.openfoodfacts.org/data,https://world.openfoodfacts.org/api/v2/search,2026-09-15T06:21:10.655304+00:00,community-contributed product label database,Open Database License (ODbL); individual contents under Database Contents License (DbCL),source-recorded; not independently label-verified,medium,missing_labels
off-id-8997240601154,8997240601154,Caramel Macchiato Oat Milk,,Oatside,en:plant-based-foods-and-beverages | en:dairy-substitutes | en:milk-substitutes,,,en:fsc | en:fsc-mix,,en:indonesia,,,1 serving (200 ml),,,357,80,3,0,13,7,1,1,0.1,0.04,https://world.openfoodfacts.org/data,https://world.openfoodfacts.org/api/v2/search,2026-09-15T06:21:10.655304+00:00,community-contributed product label database,Open Database License (ODbL); individual contents under Database Contents License (DbCL),source-recorded; not independently label-verified,medium,missing_ingredients
off-id-8997240600256,8997240600256,Oat Side Full Cream,Oat Side Full Cream,Oatside,en:plant-based-foods-and-beverages | en:dairy-substitutes | en:Grain-based Beverages,"Oat M⭑Ik Ingredients: Oat Base (Water, Oat (10%)), Canola Oil, Acidity Regulator (Dipotassium Phosphate), Calcium Carbonate, Sea Salt",,,,en:indonesia,,6,1 portion (200 ml),,,,65,3,0.25,8,3,1,0.5,0.11875,0.0475,https://world.openfoodfacts.org/data,https://world.openfoodfacts.org/api/v2/search,2026-09-15T06:21:10.655304+00:00,community-contributed product label database,Open Database License (ODbL); individual contents under Database Contents License (DbCL),source-recorded; not independently label-verified,medium,missing_labels
off-id-8992775311981,8992775311981,Chocolatos,,Garuda,en:snacks | en:sweet-snacks | en:confectioneries,,,en:halal,,en:indonesia,,,6 g,,,,500,25,,66.6666666666667,33.3333333333333,,,,,https://world.openfoodfacts.org/data,https://world.openfoodfacts.org/api/v2/search,2026-09-15T06:21:10.655304+00:00,community-contributed product label database,Open Database License (ODbL); individual contents under Database Contents License (DbCL),source-recorded; not independently label-verified,medium,missing_ingredients
off-id-4250593402620,4250593402620,,,,en:beverages-and-beverages-preparations | en:beverages | en:waters | fr:Graphic paper,,,,,en:austria | en:indonesia,,,,,,,,,,,,,,,,https://world.openfoodfacts.org/data,https://world.openfoodfacts.org/api/v2/search,2026-09-15T06:21:10.655304+00:00,community-contributed product label database,Open Database License (ODbL); individual contents under Database Contents License (DbCL),source-recorded; not independently label-verified,medium,missing_product_name | missing_ingredients | missing_brand | missing_core_nutrition | missing_labels
off-id-8997225840028,8997225840028,Aoka bread (chocolate,,,,,,en:halal,,en:indonesia,,,65.0g,,,,250,10,6,35,12,,5,0.525,0.21,https://world.openfoodfacts.org/data,https://world.openfoodfacts.org/api/v2/search,2026-09-15T06:21:10.655304+00:00,community-contributed product label database,Open Database License (ODbL); individual contents under Database Contents License (DbCL),source-recorded; not independently label-verified,medium,missing_ingredients | missing_brand
off-id-0089686605037,0089686605037,makanan,,Jets coklat,id:cemilan,"energi = 40kkal
per takaran saji = 18g",,en:halal,,en:indonesia,,,18 g,,,,,22.2222222222222,11.1111111111111,66.6666666666667,27.7777777777778,,,0.388888888888889,0.155555555555556,https://world.openfoodfacts.org/data,https://world.openfoodfacts.org/api/v2/search,2026-09-15T06:21:10.655304+00:00,community-contributed product label database,Open Database License (ODbL); individual contents under Database Contents License (DbCL),source-recorded; not independently label-verified,medium,
off-id-8992696525054,8992696525054,Susu Dancow Vanilla,Dancow Fortigro Susu Bubuk Instan Putih 26g,Dancow Nestle,,,,,,en:indonesia,,26g,1 sachet (26 g),,,1888.46153846154,461.538461538462,19.2307692307692,13.4615384615385,50,42.3076923076923,0,19.2307692307692,0.865384615384615,0.346153846153846,https://world.openfoodfacts.org/data,https://world.openfoodfacts.org/api/v2/search,2026-09-15T06:21:10.655304+00:00,community-contributed product label database,Open Database License (ODbL); individual contents under Database Contents License (DbCL),source-recorded; not independently label-verified,medium,missing_ingredients | missing_labels
off-id-8996001526224,8996001526224,WOW Spaghetti Carbonara,Wow Spageti Instan Carbonara 80 g,mayora,,,,,,en:indonesia,,88gr,1 portion (80 g),,,1712.5,400,11.25,7.5,63.75,8.75,,12.5,1.303125,0.52125,https://world.openfoodfacts.org/data,https://world.openfoodfacts.org/api/v2/search,2026-09-15T06:21:10.655304+00:00,community-contributed product label database,Open Database License (ODbL); individual contents under Database Contents License (DbCL),source-recorded; not independently label-verified,medium,missing_ingredients | missing_labels
off-id-8995227500261,8995227500261,Larutan Penyegar,,Cap Kaki Tiga,,"Each 500 ml contains: Gypsum Fibrosum Calcitum 450 mg,
Calcium 225 mg,
Water up to 500 ml.",,,,en:indonesia,,500ml,,,,,,,,,,,,,,https://world.openfoodfacts.org/data,https://world.openfoodfacts.org/api/v2/search,2026-09-15T06:21:10.655304+00:00,community-contributed product label database,Open Database License (ODbL); individual contents under Database Contents License (DbCL),source-recorded; not independently label-verified,medium,missing_core_nutrition | missing_labels
off-id-8934804044415,8934804044415,Instant Coffee Strong Black,,Nescafé,en:càe,,,,,en:indonesia,,,1 portion (16 g),,,1508.75,350,0,,75,68.75,,13.75,1,0.4,https://world.openfoodfacts.org/data,https://world.openfoodfacts.org/api/v2/search,2026-09-15T06:21:10.655304+00:00,community-contributed product label database,Open Database License (ODbL); individual contents under Database Contents License (DbCL),source-recorded; not independently label-verified,medium,missing_ingredients | missing_labels
off-id-8998866202626,8998866202626,Top Coffee Palm sugar,Kopi Top Gula Aren,Top Coffee,en:beverages-and-beverages-preparations | en:plant-based-foods-and-beverages | en:beverages | en:plant-based-foods | en:beverage-preparations | en:coffees | en:instant-beverages | en:coffee-drinks | en:instant-coffees,"Komposisig Gula, Krimer Nabati, Kopi Bubuk Instan (9,6%) Susu Skim Bubuk, Perisa Sintetik, Garam, Pemanis Buatan (Asesulfam K, Sukralosa) Mengandung alergen lihat daftar bahan yang dicetak tebal",en:milk,en:halal,en:indonesia,en:indonesia,,22g,22g,,,1888.63636363636,454.545454545455,11.3636363636364,11.3636363636364,81.8181818181818,63.6363636363636,0,4.54545454545455,0.159090909090909,0.0636363636363636,https://world.openfoodfacts.org/data,https://world.openfoodfacts.org/api/v2/search,2026-09-15T06:21:10.655304+00:00,community-contributed product label database,Open Database License (ODbL); individual contents under Database Contents License (DbCL),source-recorded; not independently label-verified,medium,
off-id-8996001601051,8996001601051,Collagena,Collagena,,en:beverages-and-beverages-preparations | en:beverages,"Susu Sapi Rekombinasi (53,26%), Air, Kolagen Sapi, Pengemulsi Nabati, Penstabil Nabati, Vitamin A",,en:halal,,en:indonesia,,189ml,189 ml,,,,68.7830687830688,3.17460317460317,2.11640211640212,5.82010582010582,4.23280423280423,1.05820105820106,4.23280423280423,0.105820105820106,0.0423280423280423,https://world.openfoodfacts.org/data,https://world.openfoodfacts.org/api/v2/search,2026-09-15T06:21:10.655304+00:00,community-contributed product label database,Open Database License (ODbL); individual contents under Database Contents License (DbCL),source-recorded; not independently label-verified,medium,missing_brand
off-id-8997003110176,8997003110176,,,,en:snacks | en:sweet-snacks | en:confectioneries,,,,,en:indonesia,,,,,,,,,,,,,,,,https://world.openfoodfacts.org/data,https://world.openfoodfacts.org/api/v2/search,2026-09-15T06:21:10.655304+00:00,community-contributed product label database,Open Database License (ODbL); individual contents under Database Contents License (DbCL),source-recorded; not independently label-verified,medium,missing_product_name | missing_ingredients | missing_brand | missing_core_nutrition | missing_labels
off-id-8995899215159,8995899215159,BonCabe level 50 Max End,BonCabe level 50 Max End,"Boncabe, Kobe",en:plant-based-foods-and-beverages | en:plant-based-foods | en:condiments | en:herbs-and-spices | en:spices | en:chili-peppers | en:chili-flakes | id:Cabai,"Cabai Kering 54.42%, Garam, Bawang Merah Goreng, Ekstrak Cabai 5.3%, Penguat Rasa (E621), Minyak Nabati, Perisa Alami, Penguat Rasa (E631, E627).",,en:halal,en:indonesia,en:indonesia,,30 gram,1.8 gram,Astro Indonesia,"Indonesia, Tangerang",,,,,,,,,,,https://world.openfoodfacts.org/data,https://world.openfoodfacts.org/api/v2/search,2026-09-15T06:21:10.655304+00:00,community-contributed product label database,Open Database License (ODbL); individual contents under Database Contents License (DbCL),source-recorded; not independently label-verified,medium,missing_core_nutrition
off-id-8996001350522,8996001350522,wafer dengan krim cokelat,wafer dengan krim cokelat,,en:snacks,lemak total,,en:halal,,en:indonesia,,17 g,17,,,,90,,2.5,11,3,,1,45,18,https://world.openfoodfacts.org/data,https://world.openfoodfacts.org/api/v2/search,2026-09-15T06:21:10.655304+00:00,community-contributed product label database,Open Database License (ODbL); individual contents under Database Contents License (DbCL),source-recorded; not independently label-verified,medium,missing_brand
off-id-0711844130128,0711844130128,ABC Saus Tomat 275ml,,ABC,,,,,,en:indonesia,,,1 portion (15 ml),,,,166.666666666667,0,0,40,33.3333333333333,,0,4.16666666666667,1.66666666666667,https://world.openfoodfacts.org/data,https://world.openfoodfacts.org/api/v2/search,2026-09-15T06:21:10.655304+00:00,community-contributed product label database,Open Database License (ODbL); individual contents under Database Contents License (DbCL),source-recorded; not independently label-verified,medium,missing_ingredients | missing_labels
off-id-8992903113203,8992903113203,Sambal Asli Cap Ibu Jari Jempol,Sambal Asli Cap Ibu Jari Jempol,Cap Ibu Jari Jempol,en:condiments | en:sauces | en:hot-sauces | en:sambal,,,en:halal,en:indonesia,en:indonesia,,320ml,,,,,,,,,,,,,,https://world.openfoodfacts.org/data,https://world.openfoodfacts.org/api/v2/search,2026-09-15T06:21:10.655304+00:00,community-contributed product label database,Open Database License (ODbL); individual contents under Database Contents License (DbCL),source-recorded; not independently label-verified,medium,missing_ingredients | missing_core_nutrition
off-id-8997226414020,8997226414020,mozA,Emina Mozza Cheese Slice,Emina,en:dairies | en:fermented-foods | en:fermented-milk-products | en:cheeses | en:cheese-preparations | en:processed-cheeses | en:processed-cheese-in-slices,"KEJU MOZZARELLA (38.3%), AIR, MINYAK NABATI, KEJU CHEDDAR (11%), PENSTABIL NABATI, GARAM, MALTODEKSTRIN, PENGEMULSI (GARAM FOSFAT, MONOGLISERIDA), PASTA KEJU (0.5%), PENGATUR KEASAMAN ASAM LAKTAT, EKSTRAK RAGI, PENGAWET (KALIUM SORBAT, NISIN), VITAMIN D (MENGANDUNG ANTIOKSIDAN TOKOFEROL)",,en:halal | en:Halal Indonesia,en:indonesia,en:indonesia,,"75gr ,5 lembar",15g,,,0,333.333333333333,26.6666666666667,16.6666666666667,13.3333333333333,0,6.66666666666667,13.3333333333333,0,0,https://world.openfoodfacts.org/data,https://world.openfoodfacts.org/api/v2/search,2026-09-15T06:21:10.655304+00:00,community-contributed product label database,Open Database License (ODbL); individual contents under Database Contents License (DbCL),source-recorded; not independently label-verified,medium,
off-id-8888166989832,8888166989832,Genji Soft Pie biscuits,,,en:snacks,"Wheat Flour, Margarine (Contain Antioxidant BHA and Natural Colour Beta Carotene Cl. 75130), Baker's Fat (Contain Antioxidant BHA), Sugar, Salt, Strawberry Powder (0.51%), Thickener Pectin, Acidity Regulator Citric Acid, Artificial Strawberry Flavour, Synthetic Colour Ponceau 4R CI. 16255, Preservative Sorbic Acid. Contain allergen, see ingredients in bold. Manufactured on equipment that also processes products containing Egg and Cheese.",en:gluten | en:milk,en:halal,,en:indonesia,,85 g,,,,,,,,,,,,,,https://world.openfoodfacts.org/data,https://world.openfoodfacts.org/api/v2/search,2026-09-15T06:21:10.655304+00:00,community-contributed product label database,Open Database License (ODbL); individual contents under Database Contents License (DbCL),source-recorded; not independently label-verified,medium,missing_brand | missing_core_nutrition
off-id-8992761131012,8992761131012,Coca Cola Zero,Coca Cola Zero,Coca cola,en:beverages-and-beverages-preparations | en:beverages | en:non-alcoholic-beverages | en:carbonated-drinks | en:soft-drinks | en:artificially-sweetened-beverages | en:sodas | en:diet-beverages | en:colas | en:diet-sodas,"AIR BERKARBONAS, KARAMEL PEWARNA ALAMI (KELAS IV), PENGATUR KEASAMAN (ASAM FOSFAT, TRINATRUM SITRAT), PEMANIS BUATAN (SUKRALOSA, ASESULFAM-K), PENGAWET (NATRIUM BENZOAT), KONSENTRAT KOLA, KAFEIN.",,,,en:indonesia,,1l,250ml,,,0,0,0,0,0,0,0,0,0.008,0.0032,https://world.openfoodfacts.org/data,https://world.openfoodfacts.org/api/v2/search,2026-09-15T06:21:10.655304+00:00,community-contributed product label database,Open Database License (ODbL); individual contents under Database Contents License (DbCL),source-recorded; not independently label-verified,medium,missing_labels
off-id-8993175542241,8993175542241,Nabati Wafer Pink Lava 37 gr,,,,,,en:halal,,en:indonesia,,,,,,,,,,,,,,,,https://world.openfoodfacts.org/data,https://world.openfoodfacts.org/api/v2/search,2026-09-15T06:21:10.655304+00:00,community-contributed product label database,Open Database License (ODbL); individual contents under Database Contents License (DbCL),source-recorded; not independently label-verified,medium,missing_ingredients | missing_brand | missing_core_nutrition
off-id-0089686611236,0089686611236,Qtela tempe orek,,,,,,,,en:indonesia,,100 g,,,,,,,,,,,,,,https://world.openfoodfacts.org/data,https://world.openfoodfacts.org/api/v2/search,2026-09-15T06:21:10.655304+00:00,community-contributed product label database,Open Database License (ODbL); individual contents under Database Contents License (DbCL),source-recorded; not independently label-verified,medium,missing_ingredients | missing_brand | missing_core_nutrition | missing_labels
off-id-16289178,16289178,,,,,,,,,en:indonesia,,,,,,,,,,,,,,,,https://world.openfoodfacts.org/data,https://world.openfoodfacts.org/api/v2/search,2026-09-15T06:21:10.655304+00:00,community-contributed product label database,Open Database License (ODbL); individual contents under Database Contents License (DbCL),source-recorded; not independently label-verified,medium,missing_product_name | missing_ingredients | missing_brand | missing_core_nutrition | missing_labels
off-id-8993838990044,8993838990044,YOA LADA HTM BBK 35 GR 1C12P,YOA LADA HTM BBK 35 GR 1C12P,yoa food,,,,en:halal,,en:indonesia,,35gr,,,,,,,,,,,,,,https://world.openfoodfacts.org/data,https://world.openfoodfacts.org/api/v2/search,2026-09-15T06:21:10.655304+00:00,community-contributed product label database,Open Database License (ODbL); individual contents under Database Contents License (DbCL),source-recorded; not independently label-verified,medium,missing_ingredients | missing_core_nutrition
off-id-8993492102395,8993492102395,Peanut Butter,,Noccio,en:plant-based-foods-and-beverages | en:plant-based-foods | en:legumes-and-their-products | en:spreads | en:plant-based-spreads | en:oilseed-purees | en:legume-butters | en:peanut-butters,,,en:halal,,en:indonesia,,,1 portion (20 g),,,2635,600,45,7.5,30,10,15,20,0.8125,0.325,https://world.openfoodfacts.org/data,https://world.openfoodfacts.org/api/v2/search,2026-09-15T06:21:10.655304+00:00,community-contributed product label database,Open Database License (ODbL); individual contents under Database Contents License (DbCL),source-recorded; not independently label-verified,medium,missing_ingredients
off-id-8993175536912,8993175536912,NABATI SIIP BITE RICHEESE 21G,,,en:dairies | en:fermented-foods | en:fermented-milk-products | en:desserts | en:dairy-desserts | en:fermented-dairy-desserts,,,en:halal,,en:indonesia,,,,,,,,,,,,,,,,https://world.openfoodfacts.org/data,https://world.openfoodfacts.org/api/v2/search,2026-09-15T06:21:10.655304+00:00,community-contributed product label database,Open Database License (ODbL); individual contents under Database Contents License (DbCL),source-recorded; not independently label-verified,medium,missing_ingredients | missing_brand | missing_core_nutrition
off-id-2102686200137,2102686200137,,,セブンイレブン,en:meals | en:prepared-salads | en:salads-with-meat,豆腐(国内製造) ヤ)、人参、豚肉、調製ラード、植物油脂、粉末調味料( 食塩、砂糖、かつお風味調味料、その他) 泡盛、和風だ し、醤油、かつお削りぶし、かつお節粉末、食塩、高価 果実酢/調味料(アミノ酸等)、豆腐用凝固剤、重曹、加 工でん粉、 酸化防止剤(VE)、乳化剤、(一部に卵・ 小麦・大豆・豚肉を含む),en:eggs | en:fish | en:gluten | en:pork | en:soybeans,,,en:indonesia,,,,,,,228,16.4,,5.4,2.2,3.2,16.2,2.4,0.96,https://world.openfoodfacts.org/data,https://world.openfoodfacts.org/api/v2/search,2026-09-15T06:21:10.655304+00:00,community-contributed product label database,Open Database License (ODbL); individual contents under Database Contents License (DbCL),source-recorded; not independently label-verified,medium,missing_product_name | missing_labels
off-id-8993083935647,8993083935647,,,,,,,,,en:indonesia,,,,,,,,,,,,,,,,https://world.openfoodfacts.org/data,https://world.openfoodfacts.org/api/v2/search,2026-09-15T06:21:10.655304+00:00,community-contributed product label database,Open Database License (ODbL); individual contents under Database Contents License (DbCL),source-recorded; not independently label-verified,medium,missing_product_name | missing_ingredients | missing_brand | missing_core_nutrition | missing_labels
off-id-8999999601331,8999999601331,Royco Bumbu Kaldu Rasa Ayam,Royco Ayam 8g,Royko,,,,en:halal,,en:indonesia,,8g,,,,,,,,,,,,,,https://world.openfoodfacts.org/data,https://world.openfoodfacts.org/api/v2/search,2026-09-15T06:21:10.655304+00:00,community-contributed product label database,Open Database License (ODbL); individual contents under Database Contents License (DbCL),source-recorded; not independently label-verified,medium,missing_ingredients | missing_core_nutrition
off-id-8991002135376,8991002135376,Kapal Api Spesial Mix,Kapal Api Spesial Mix,PT. Santosa Jaya Abadi,,,,en:halal,en:indonesia,en:indonesia,,25 g,,,,,,,,,,,,,,https://world.openfoodfacts.org/data,https://world.openfoodfacts.org/api/v2/search,2026-09-15T06:21:10.655304+00:00,community-contributed product label database,Open Database License (ODbL); individual contents under Database Contents License (DbCL),source-recorded; not independently label-verified,medium,missing_ingredients | missing_core_nutrition
off-id-9310079305663,9310079305663,golden churn,,,en:dairies | en:spreads | en:fats | en:spreadable-fats | en:animal-fats | en:dairy-spreads | en:milkfat | en:butters,,,,,en:indonesia,,,,,,,,,,,,,,,,https://world.openfoodfacts.org/data,https://world.openfoodfacts.org/api/v2/search,2026-09-15T06:21:10.655304+00:00,community-contributed product label database,Open Database License (ODbL); individual contents under Database Contents License (DbCL),source-recorded; not independently label-verified,medium,missing_ingredients | missing_brand | missing_core_nutrition | missing_labels
off-id-8995952001224,8995952001224,Kaya Spread,,Morin,en:Food,,,en:halal,en:indonesia,en:indonesia,,170g,14 g,,,1357.14285714286,321.428571428571,7.14285714285714,,64.2857142857143,50,,0,,,https://world.openfoodfacts.org/data,https://world.openfoodfacts.org/api/v2/search,2026-09-15T06:21:10.655304+00:00,community-contributed product label database,Open Database License (ODbL); individual contents under Database Contents License (DbCL),source-recorded; not independently label-verified,medium,missing_ingredients
off-id-8997035120020,8997035120020,Pocari Sweat Sachet,,Pocari Sweat,,,,en:halal,,en:indonesia,,5x13g,,,,,,,,,,,,,,https://world.openfoodfacts.org/data,https://world.openfoodfacts.org/api/v2/search,2026-09-15T06:21:10.655304+00:00,community-contributed product label database,Open Database License (ODbL); individual contents under Database Contents License (DbCL),source-recorded; not independently label-verified,medium,missing_ingredients | missing_core_nutrition
off-id-8991976103142,8991976103142,Kecap Manis,Kecap Manis,Nasional,id:Kecap,"Gula merah, Kacang kedelai,air,garam, penguat rasa mononatrium Glutamat, Pengawet Natrium Benzoat",en:soybeans,en:halal,,en:indonesia,,16 g,16,,,,,,,,,,,,,https://world.openfoodfacts.org/data,https://world.openfoodfacts.org/api/v2/search,2026-09-15T06:21:10.655304+00:00,community-contributed product label database,Open Database License (ODbL); individual contents under Database Contents License (DbCL),source-recorded; not independently label-verified,medium,missing_core_nutrition
off-id-8998866202244,8998866202244,Mi Instan,Mi Instan,"EkoMie, Rasa Kaldu ayam",id:Mi Instan | id:Mi-instan,"MI: Tepung itu, air, minyak nabati (mengandung antioksidan TBHQ), garam, pati tapioka, pengental nabati, pengatur keasan, penstabil fosfat, pengemulsi lesitin kedelai, pewarna sintetik tartrazin Cl. No. 19140 BUMBU: Garam, penguat rasa (mononatrium glutamat), gula, maltodekstrin, perisa sintetik (mengandung susu. penguat rasa (mononatrium glutamat, dinatrium inosinat, dinatrium guanilat), antioksidan tokoferol), bawang bombay bubuk, penguat rasa Dinatrium 5'-ribonukleotida, lada bubuk, minyak nabati (mengandung antioksidan TBHQ), antikempal silikon dioksida. BUBUK CABE Mengandung alergen, lihat daftar bahan yang dicetak tebal Mungkin mengandung kedelai, udang dan telur WINGS FOOD Diproduksi oleh: PT. Karunia Indah Abadi Gowa 92171 - Indonesia BPOM RI 回我回 1:2 8 098866 202244",en:crustaceans | en:milk,en:halal | en:green-dot,en:indonesia,en:indonesia,,55 g,55 g,,,240,80,9,4,32,2,4,7,0,0,https://world.openfoodfacts.org/data,https://world.openfoodfacts.org/api/v2/search,2026-09-15T06:21:10.655304+00:00,community-contributed product label database,Open Database License (ODbL); individual contents under Database Contents License (DbCL),source-recorded; not independently label-verified,medium,
off-id-4894514077407,4894514077407,,,,,,,,,en:indonesia,,,,,,,,,,,,,,,,https://world.openfoodfacts.org/data,https://world.openfoodfacts.org/api/v2/search,2026-09-15T06:21:10.655304+00:00,community-contributed product label database,Open Database License (ODbL); individual contents under Database Contents License (DbCL),source-recorded; not independently label-verified,medium,missing_product_name | missing_ingredients | missing_brand | missing_core_nutrition | missing_labels
off-id-8992718853868,8992718853868,Gekikara Ramen Pas - Hot Carbo,Gekikara Ramen Pas - Hot Carbo,Nissin,en:plant-based-foods-and-beverages | en:plant-based-foods | en:pastas | en:noodles,,,en:halal,,en:indonesia,,81g,,,,,,,,,,,,,,https://world.openfoodfacts.org/data,https://world.openfoodfacts.org/api/v2/search,2026-09-15T06:21:10.655304+00:00,community-contributed product label database,Open Database License (ODbL); individual contents under Database Contents License (DbCL),source-recorded; not independently label-verified,medium,missing_ingredients | missing_core_nutrition
off-id-8996001356753,8996001356753,,,,,,,en:halal,,en:indonesia,,,,,,,,,,,,,,,,https://world.openfoodfacts.org/data,https://world.openfoodfacts.org/api/v2/search,2026-09-15T06:21:10.655304+00:00,community-contributed product label database,Open Database License (ODbL); individual contents under Database Contents License (DbCL),source-recorded; not independently label-verified,medium,missing_product_name | missing_ingredients | missing_brand | missing_core_nutrition
off-id-8992907952327,8992907952327,Sandwich Cokelat,,Sari Roti,en:sandwiches | en:sandwiches-filled-with-cold-cuts | en:sandwich-made-with-loaf-bread-and-various-fillings,"Wheat flour (contains gluten), water, chocolate paste (10%) (contains preservative potassium sorbate), granulated sugar, fat spread (contains preservative potassium sorbate, antioxidant mixed tocopherol concentrate, natural colourant beta-carotenes (synthetic) CI 40800), emulsifier (contains milk, preservative sorbic acid, antioxidant ascorbic acid), baker's yeast, salt. preservative calcium propionate.",en:gluten | en:milk,en:halal,en:indonesia,en:indonesia,,42g,42g,,,,285.714285714286,7.14285714285714,3.57142857142857,50,14.2857142857143,7.14285714285714,7.14285714285714,0,0,https://world.openfoodfacts.org/data,https://world.openfoodfacts.org/api/v2/search,2026-09-15T06:21:10.655304+00:00,community-contributed product label database,Open Database License (ODbL); individual contents under Database Contents License (DbCL),source-recorded; not independently label-verified,medium,
off-id-0625349019805,0625349019805,,,,,,,,,en:indonesia,,,,,,,,,,,,,,,,https://world.openfoodfacts.org/data,https://world.openfoodfacts.org/api/v2/search,2026-09-15T06:21:10.655304+00:00,community-contributed product label database,Open Database License (ODbL); individual contents under Database Contents License (DbCL),source-recorded; not independently label-verified,medium,missing_product_name | missing_ingredients | missing_brand | missing_core_nutrition | missing_labels
off-id-8994075240657,8994075240657,Makanan Ringan Ekstrudat Rasa Rumput Laut,Makanan Ringan Ekstrudat Rasa Rumput Laut,Momogi,,,,en:halal,,en:indonesia,,,10 g,,,,500,30,,60,10,,10,0.55,0.22,https://world.openfoodfacts.org/data,https://world.openfoodfacts.org/api/v2/search,2026-09-15T06:21:10.655304+00:00,community-contributed product label database,Open Database License (ODbL); individual contents under Database Contents License (DbCL),source-recorded; not independently label-verified,medium,missing_ingredients
off-id-8993351123110,8993351123110,greenfields mozarella,,greenfields,en:dairies | en:fermented-foods | en:fermented-milk-products | en:cheeses,,,en:halal,,en:indonesia,,200,30 g,,,1250,300,20,13.3333333333333,6.66666666666667,0,,23.3333333333333,0.441666666666667,0.176666666666667,https://world.openfoodfacts.org/data,https://world.openfoodfacts.org/api/v2/search,2026-09-15T06:21:10.655304+00:00,community-contributed product label database,Open Database License (ODbL); individual contents under Database Contents License (DbCL),source-recorded; not independently label-verified,medium,missing_ingredients
off-id-0089686040227,0089686040227,Indomie K-rose goreng,,,en:plant-based-foods-and-beverages | en:plant-based-foods | en:dried-products | en:dried-products-to-be-rehydrated | en:pastas | en:noodles | en:instant-noodles,,,,,en:indonesia,,,,,,,,,,,,,,,,https://world.openfoodfacts.org/data,https://world.openfoodfacts.org/api/v2/search,2026-09-15T06:21:10.655304+00:00,community-contributed product label database,Open Database License (ODbL); individual contents under Database Contents License (DbCL),source-recorded; not independently label-verified,medium,missing_ingredients | missing_brand | missing_core_nutrition | missing_labels
off-id-9556247506603,9556247506603,,,,,,,,,en:indonesia,,,,,,,,,,,,,,,,https://world.openfoodfacts.org/data,https://world.openfoodfacts.org/api/v2/search,2026-09-15T06:21:10.655304+00:00,community-contributed product label database,Open Database License (ODbL); individual contents under Database Contents License (DbCL),source-recorded; not independently label-verified,medium,missing_product_name | missing_ingredients | missing_brand | missing_core_nutrition | missing_labels
off-id-8809640736667,8809640736667,Anua PDRN + HYALURON,,,,,,,,en:indonesia,,,,,,,,,,,,,,,,https://world.openfoodfacts.org/data,https://world.openfoodfacts.org/api/v2/search,2026-09-15T06:21:10.655304+00:00,community-contributed product label database,Open Database License (ODbL); individual contents under Database Contents License (DbCL),source-recorded; not independently label-verified,medium,missing_ingredients | missing_brand | missing_core_nutrition | missing_labels
off-id-8991001113108,8991001113108,,,,,,,,,en:indonesia,,,,,,,,,,,,,,,,https://world.openfoodfacts.org/data,https://world.openfoodfacts.org/api/v2/search,2026-09-15T06:21:10.655304+00:00,community-contributed product label database,Open Database License (ODbL); individual contents under Database Contents License (DbCL),source-recorded; not independently label-verified,medium,missing_product_name | missing_ingredients | missing_brand | missing_core_nutrition | missing_labels
off-id-8999988888842,8999988888842,Larutan Penyegar Cap Badak Jambu 320 ml,,,,,,,,en:indonesia,,,,,,,,,,,,,,,,https://world.openfoodfacts.org/data,https://world.openfoodfacts.org/api/v2/search,2026-09-15T06:21:10.655304+00:00,community-contributed product label database,Open Database License (ODbL); individual contents under Database Contents License (DbCL),source-recorded; not independently label-verified,medium,missing_ingredients | missing_brand | missing_core_nutrition | missing_labels
off-id-9199406858030,9199406858030,Teh Botol Sosro Less Sugar,Teh Botol Sosro Less Sugar,Sosro,id:Minuman,,,,,en:indonesia,,350,225 ml,,,83.5555555555556,20,0,0,4.88888888888889,4.88888888888889,0,0,0.02,0.008,https://world.openfoodfacts.org/data,https://world.openfoodfacts.org/api/v2/search,2026-09-15T06:21:10.655304+00:00,community-contributed product label database,Open Database License (ODbL); individual contents under Database Contents License (DbCL),source-recorded; not independently label-verified,medium,missing_ingredients | missing_labels
off-id-8888166994393,8888166994393,Monde Snack Gold,Monde Snack Gold,Nissin,,,,en:halal,,en:indonesia,,27g,,,,,,,,,,,,,,https://world.openfoodfacts.org/data,https://world.openfoodfacts.org/api/v2/search,2026-09-15T06:21:10.655304+00:00,community-contributed product label database,Open Database License (ODbL); individual contents under Database Contents License (DbCL),source-recorded; not independently label-verified,medium,missing_ingredients | missing_core_nutrition
off-id-0996646000019,0996646000019,Teh botol sosro original,Teh botol sosro original,Sosro,id:Minuman,"Air, Gula dan Teh Melati (0.675%)",,en:halal,,en:indonesia,,300 ml,200,,,,,,,,,,,,,https://world.openfoodfacts.org/data,https://world.openfoodfacts.org/api/v2/search,2026-09-15T06:21:10.655304+00:00,community-contributed product label database,Open Database License (ODbL); individual contents under Database Contents License (DbCL),source-recorded; not independently label-verified,medium,missing_core_nutrition
off-id-8993027164034,8993027164034,Happy Tos Jagung Bakar Biru,,,,,,,,en:indonesia,,,,,,,,,,,,,,,,https://world.openfoodfacts.org/data,https://world.openfoodfacts.org/api/v2/search,2026-09-15T06:21:10.655304+00:00,community-contributed product label database,Open Database License (ODbL); individual contents under Database Contents License (DbCL),source-recorded; not independently label-verified,medium,missing_ingredients | missing_brand | missing_core_nutrition | missing_labels
off-id-8997014021867,8997014021867,Lemonilo chimi keripik ubi jagung balado,CHIMI KERIPIK UBI,Lemonilo,en:snacks | en:salty-snacks | en:appetizers | en:chips-and-fries | en:crisps,"Ubi (61%), minyak nabati (mengandung antioksidan tokoferol), bumbu rasa jagung balado (8%) (mengandung cabai bubuk (5%), jagung (1%), susu dan kedelai)",en:milk,,,en:indonesia,,41,20g,,,2305,550,35,15,60,5,20,0,0.75,0.3,https://world.openfoodfacts.org/data,https://world.openfoodfacts.org/api/v2/search,2026-09-15T06:21:10.655304+00:00,community-contributed product label database,Open Database License (ODbL); individual contents under Database Contents License (DbCL),source-recorded; not independently label-verified,medium,missing_labels
off-id-8993407105008,8993407105008,Favourite Processed Cheddar Cheese,Favourite Keju Cheddar Olahan,Cheesy,en:dairies | en:fermented-foods | en:fermented-milk-products | en:cheeses | en:cheese-preparations | en:processed-cheeses | en:Processed-cheddar-cheese,"Cheese (Contains Milk), Water, Modified Starch, Vegetable Oil, Casein, Emulsifier, Maltodextrin, Salt, Acidity Regulator (Lactic Acid), Preservatives (Potassium Sorbate, Nisin)",en:milk,en:halal,en:indonesia,en:indonesia,,480g,30g,,,1396.66666666667,333.333333333333,26.6666666666667,16.6666666666667,10,0,,13.3333333333333,1.4,0.56,https://world.openfoodfacts.org/data,https://world.openfoodfacts.org/api/v2/search,2026-09-15T06:21:10.655304+00:00,community-contributed product label database,Open Database License (ODbL); individual contents under Database Contents License (DbCL),source-recorded; not independently label-verified,medium,
off-id-8993176110081,8993176110081,susu,,,,,,,,en:indonesia,,,,,,,,,,,,,,,,https://world.openfoodfacts.org/data,https://world.openfoodfacts.org/api/v2/search,2026-09-15T06:21:10.655304+00:00,community-contributed product label database,Open Database License (ODbL); individual contents under Database Contents License (DbCL),source-recorded; not independently label-verified,medium,missing_ingredients | missing_brand | missing_core_nutrition | missing_labels
off-id-8996006000026,8996006000026,,,,en:beverages-and-beverages-preparations | en:beverages | en:non-alcoholic-beverages | en:carbonated-drinks | en:soft-drinks | en:sodas,,,,,en:indonesia,,,120ml,,,0,0,0,0,0,0,,,0.114583333333333,0.0458333333333333,https://world.openfoodfacts.org/data,https://world.openfoodfacts.org/api/v2/search,2026-09-15T06:21:10.655304+00:00,community-contributed product label database,Open Database License (ODbL); individual contents under Database Contents License (DbCL),source-recorded; not independently label-verified,medium,missing_product_name | missing_ingredients | missing_brand | missing_labels
off-id-0089686945003,0089686945003,Indomie Pop Spageti - Spicy Bolognese,Indomie Pop Spageti - Spicy Bolognese,indomie,,,,en:halal,,en:indonesia,,84g,,,,,,,,,,,,,,https://world.openfoodfacts.org/data,https://world.openfoodfacts.org/api/v2/search,2026-09-15T06:21:10.655304+00:00,community-contributed product label database,Open Database License (ODbL); individual contents under Database Contents License (DbCL),source-recorded; not independently label-verified,medium,missing_ingredients | missing_core_nutrition
off-id-8809576261455,8809576261455,SKIN1004 Centella Poremizing Clear Toner,,,,,,,,en:indonesia,,,,,,,,,,,,,,,,https://world.openfoodfacts.org/data,https://world.openfoodfacts.org/api/v2/search,2026-09-15T06:21:10.655304+00:00,community-contributed product label database,Open Database License (ODbL); individual contents under Database Contents License (DbCL),source-recorded; not independently label-verified,medium,missing_ingredients | missing_brand | missing_core_nutrition | missing_labels
off-id-8992696526921,8992696526921,Milo Extra Choc,,,,,,en:halal,,en:indonesia,,,,,,,,,,,,,,,,https://world.openfoodfacts.org/data,https://world.openfoodfacts.org/api/v2/search,2026-09-15T06:21:10.655304+00:00,community-contributed product label database,Open Database License (ODbL); individual contents under Database Contents License (DbCL),source-recorded; not independently label-verified,medium,missing_ingredients | missing_brand | missing_core_nutrition
off-id-8888166343825,8888166343825,Pola Snack - Balado,Pola Snack - Balado,Monde,,,,,,en:indonesia,,17g,,,,,,,,,,,,,,https://world.openfoodfacts.org/data,https://world.openfoodfacts.org/api/v2/search,2026-09-15T06:21:10.655304+00:00,community-contributed product label database,Open Database License (ODbL); individual contents under Database Contents License (DbCL),source-recorded; not independently label-verified,medium,missing_ingredients | missing_core_nutrition | missing_labels
off-id-8995555171225,8995555171225,Kimbo reddi Sosis Ikan Siap Makan - Rasa Otak-Otak - 533g(24+2),Kimbo reddi Sosis Ikan Siap Makan - Rasa Otak-Otak - 533g(24+2),Kimbo,,,,en:halal,,en:indonesia,,26 x 20.5g,,,,,,,,,,,,,,https://world.openfoodfacts.org/data,https://world.openfoodfacts.org/api/v2/search,2026-09-15T06:21:10.655304+00:00,community-contributed product label database,Open Database License (ODbL); individual contents under Database Contents License (DbCL),source-recorded; not independently label-verified,medium,missing_ingredients | missing_core_nutrition
off-id-0089686171648,0089686171648,,,indomie,,"Noedels: TARWEBLOEM (67%), plantaardige olie (bevat anti-oxidant E319), zout, zuurteregelaars (E451, E501, E500), verdikkingsmiddel (E412), kleur (E101). Kruiding: Suiker, zout, smaakversterker (E621, E627, E631), knoflook smaak, kunstmatige kip smaak (4.5%), ui poeder, gistextract, kleur (E150a), antiklontermiddel (E551). Olie: Plantaardige olie (bevat anti-oxidant E319), ui. Ketjap: Suiker, water, zout, TARWEBLOEM, SOJA, specerijen, SESAM OLIE. CHILLIE POEDER.",en:gluten | en:nuts | en:soybeans,en:halal | en:green-dot,,en:france | en:indonesia,,80 g,,,,1887.6,459,15.5,7,67,8.9,,10.3,2.5,1,https://world.openfoodfacts.org/data,https://world.openfoodfacts.org/api/v2/search,2026-09-15T06:21:10.655304+00:00,community-contributed product label database,Open Database License (ODbL); individual contents under Database Contents License (DbCL),source-recorded; not independently label-verified,medium,missing_product_name
off-id-50017898,50017898,Fisherman's Friend,FISHERMANT CHERRY,Fisherman's Friend,,,,,,en:indonesia,,25g,,,,,,,,,,,,,,https://world.openfoodfacts.org/data,https://world.openfoodfacts.org/api/v2/search,2026-09-15T06:21:10.655304+00:00,community-contributed product label database,Open Database License (ODbL); individual contents under Database Contents License (DbCL),source-recorded; not independently label-verified,medium,missing_ingredients | missing_core_nutrition | missing_labels
off-id-5285000396406,5285000396406,Instant Noodles,indomie goreng,indofood,en:plant-based-foods-and-beverages | en:plant-based-foods | en:cereals-and-potatoes | en:cereals-and-their-products | en:dried-products | en:pastas | en:dried-products-to-be-rehydrated | en:noodles | en:instant-noodles,,,,,en:indonesia,,80g,,,,,405,17,7,63,8,,1,,,https://world.openfoodfacts.org/data,https://world.openfoodfacts.org/api/v2/search,2026-09-15T06:21:10.655304+00:00,community-contributed product label database,Open Database License (ODbL); individual contents under Database Contents License (DbCL),source-recorded; not independently label-verified,medium,missing_ingredients | missing_labels
off-id-8992388101023,8992388101023,NÜ Green Tea Rasa Madu,NÜ Green Tea Rasa Madu,ABC,en:beverages-and-beverages-preparations | en:plant-based-foods-and-beverages | en:beverages | en:hot-beverages | en:plant-based-beverages | en:teas | en:green-teas,"Air, Gula, Daun Teh Hijau (3.95%), Madu (0.2%) Antioksidan (Vitamin C), Perisa Sintetik Madu.
INGREDIENTS: Water, Sugar, Green Tea Leaves (3.95%), Honey (0.2%) Antioxidant (Vitamin C), Synthetic Hkney Flavour.",,en:halal | en:non-vegan,en:indonesia,en:france | en:indonesia,en:plastic | en:pet-polyethylene-terephthalate,450ml,200g,,"Indonesia, Karawang",323,80,0,0,19,18,,0,0.01,0.004,https://world.openfoodfacts.org/data,https://world.openfoodfacts.org/api/v2/search,2026-09-15T06:21:10.655304+00:00,community-contributed product label database,Open Database License (ODbL); individual contents under Database Contents License (DbCL),source-recorded; not independently label-verified,medium,
off-id-8992741941006,8992741941006,Burger candy,,,,,,,,en:indonesia,,,,,,,,,,,,,,,,https://world.openfoodfacts.org/data,https://world.openfoodfacts.org/api/v2/search,2026-09-15T06:21:10.655304+00:00,community-contributed product label database,Open Database License (ODbL); individual contents under Database Contents License (DbCL),source-recorded; not independently label-verified,medium,missing_ingredients | missing_brand | missing_core_nutrition | missing_labels
off-id-8992802063173,8992802063173,Fitbar E-2B,Fitbar,kalbe,en:snacks | en:sweet-snacks | en:bars | en:dietary-supplements | en:bodybuilding-supplements | en:energy-bars,30,,,,en:indonesia,,3,22 g,,,1938.63636363636,454.545454545455,15.9090909090909,9.09090909090909,68.1818181818182,22.7272727272727,4.54545454545455,9.09090909090909,0.454545454545455,0.181818181818182,https://world.openfoodfacts.org/data,https://world.openfoodfacts.org/api/v2/search,2026-09-15T06:21:10.655304+00:00,community-contributed product label database,Open Database License (ODbL); individual contents under Database Contents License (DbCL),source-recorded; not independently label-verified,medium,missing_labels
off-id-8994171101081,8994171101081,Luwak kopi+gula,,,en:beverages-and-beverages-preparations | en:plant-based-foods-and-beverages | en:plant-based-foods | en:beverage-preparations | en:coffees | en:ground-coffees,"Sugar, Coffee Powder (30%)",,,,en:indonesia,,,23 g,,,1637.21739130435,391.304347826087,2.17391304347826,0,91.304347826087,69.5652173913043,17.3913043478261,4.34782608695652,0,0,https://world.openfoodfacts.org/data,https://world.openfoodfacts.org/api/v2/search,2026-09-15T06:21:10.655304+00:00,community-contributed product label database,Open Database License (ODbL); individual contents under Database Contents License (DbCL),source-recorded; not independently label-verified,medium,missing_brand | missing_labels
off-id-0089686011036,0089686011036,Indomie Mi Goreng Pedas,Indomie Mi Goreng Pedas 79g,indomie,en:plant-based-foods-and-beverages | en:plant-based-foods | en:meals | en:dried-products | en:pastas | en:dried-products-to-be-rehydrated | en:soups | en:dried-meals | en:noodles | en:chinese-noodles | en:dehydrated-soups | en:instant-noodles | en:flavoured-asian-noodles | en:instant-noodle-soups | en:dehydrated-asian-style-soup-with-noodles | en:flavoured-dehydrated-asian-noodles,"Wheat Flour, Vegetable Oil, Tapioca Starch, Salt, Acidity Regulator (E330), Stabilizer (Dipotassium Phosphate), Mineral (Iron), Antioxidant (Tertiary Butylhydroquinone, TBHQ), Color (Tartrazine, E102), Sugar, Flavor Enhancer (Monosodium Glutamate, E621), Synthetic Chicken Flavor (Contains Fish, Egg, Milk, Preservatives: Disodium Inosinate, E631; Disodium Guanylate, E627), Antioxidant (Tocopherol, E307), Garlic Powder, Shallot Powder, Lata Powder, Vitamins (A, B1, B6, B12, Niacin, Folic Acid, Pantothenic Acid), Chili Powder (0.5%), Red Chili (1%), Sweet Sauce (Sugar, Water, Soybean, Wheat, Salt, Spices, Vegetable Oil)",en:eggs | en:fish | en:gluten | en:milk | en:soybeans,en:halal,en:indonesia,en:france | en:indonesia,,79g,1 serving (79 g),,,2002.6582278481,482.278481012658,21.2658227848101,9.24050632911392,61.3924050632911,6.58227848101266,,10.126582278481,2.24367088607595,0.89746835443038,https://world.openfoodfacts.org/data,https://world.openfoodfacts.org/api/v2/search,2026-09-15T06:21:10.655304+00:00,community-contributed product label database,Open Database License (ODbL); individual contents under Database Contents License (DbCL),source-recorded; not independently label-verified,medium,
off-id-8998009011207,8998009011207,Ultra Milk Uht Lf Coklat 1Lt,Ultra Milk Uht Lf Coklat 1Lt,,en:dairies | en:milks-liquid-and-powder | en:milks,RH-30,,en:low-or-no-fat | en:low-fat | en:halal | en:no-preservatives,,en:indonesia,,2,,,,,,,,,,,,,,https://world.openfoodfacts.org/data,https://world.openfoodfacts.org/api/v2/search,2026-09-15T06:21:10.655304+00:00,community-contributed product label database,Open Database License (ODbL); individual contents under Database Contents License (DbCL),source-recorded; not independently label-verified,medium,missing_brand | missing_core_nutrition
off-id-8991102987639,8991102987639,Tango Vanilla Delight,,Artaboga,,,,,,en:indonesia,,110g,,,,,,,,,,,,,,https://world.openfoodfacts.org/data,https://world.openfoodfacts.org/api/v2/search,2026-09-15T06:21:10.655304+00:00,community-contributed product label database,Open Database License (ODbL); individual contents under Database Contents License (DbCL),source-recorded; not independently label-verified,medium,missing_ingredients | missing_core_nutrition | missing_labels
off-id-8992984831713,8992984831713,Essence pandan,,Koepoe,,,,,,en:france | en:indonesia,,30 ml,,,,,,,,,,,,,,https://world.openfoodfacts.org/data,https://world.openfoodfacts.org/api/v2/search,2026-09-15T06:21:10.655304+00:00,community-contributed product label database,Open Database License (ODbL); individual contents under Database Contents License (DbCL),source-recorded; not independently label-verified,medium,missing_ingredients | missing_core_nutrition | missing_labels
off-id-0089686400359,0089686400359,Sambal Pedas,Sambal Pedas,Indofood,en:condiments | en:sauces | en:hot-sauces | en:sambal | en:groceries | id:Cabai,"Air, Cabai, Gula, Garam, Pengental Nabati, Bumbu & Rempah-rempah, Pengatur Keasaman, Perisa Alami, Pengawet (Natrium Benzoat, Natrium Metabisulfit).",,en:halal,en:indonesia,en:indonesia,id:botol,275 ml,,,"PT Indofood Sukses Makmur Tbk, Semarang 50151 - Indonesia",,,,,,,,,,,https://world.openfoodfacts.org/data,https://world.openfoodfacts.org/api/v2/search,2026-09-15T06:21:10.655304+00:00,community-contributed product label database,Open Database License (ODbL); individual contents under Database Contents License (DbCL),source-recorded; not independently label-verified,medium,missing_core_nutrition
off-id-8991001780225,8991001780225,Twister Minis,,Delfi,en:snacks | en:sweet-snacks | en:biscuits-and-cakes | en:biscuits-and-crackers | en:biscuits | en:wafers | en:stuffed-wafers | en:vanilla-stuffed-wafers,"Sugar. Wheat Flour. Vegetable Oil Whey Powder, Cocoa Powder. Skimmed Milk Powder, Maltodextrin. Emulsifier (322 : Soy) Salt, Synthetic Vanilla Flavour",en:gluten | en:milk | en:soybeans,en:halal,,en:brunei | en:indonesia | en:malaysia | en:philippines | en:singapore,en:plastic-bag,80g,30g,,Indonesia,466.666666666667,,16.6666666666667,,73.3333333333333,40,,6.66666666666667,1.016,0.4064,https://world.openfoodfacts.org/data,https://world.openfoodfacts.org/api/v2/search,2026-09-15T06:21:10.655304+00:00,community-contributed product label database,Open Database License (ODbL); individual contents under Database Contents License (DbCL),source-recorded; not independently label-verified,medium,
off-id-8997206580493,8997206580493,Radler Beer,,Bintang,en:beverages-and-beverages-preparations | en:beverages | en:alcoholic-beverages | en:beers,"38253 BINTANG KOMPOSISI: AIR BERKARBONASI, GULA, MALT BARLEY, KONSENTRAT SARI BUAH CAMPURAN 1% (MENGANDUNG SARI BUAH LEMON 44% DAN SARI BUAH JERUK 18%), DAN EKSTRAK HOP MENGANDUNG ALERGEN LIHAT DAFTAR BAHAN YANG DICETAK TEBAL. MINUMAN BERALKOHOL MENGANDUNG ALKOHOL ±2,0% V/V. ATAU WANITA HAMIL DI BAWAH UMUR 21 TAHUN DILARANG MINUM KUNJUNGI KAMI ALKOHOL& PERINGATANNYA BPOM RI 21+ *Dari survei Endapan dari sari buah lemon konsumen BGS dapat terlihat pada dasar kemasan 8 997206 580493 BAIK DIGUNAKAN SEBELUM: KODE PRODUKSI: BB300427 L6120360MJKA0952",,,,en:indonesia,,330ml,,,,,,,,,,,,,,https://world.openfoodfacts.org/data,https://world.openfoodfacts.org/api/v2/search,2026-09-15T06:21:10.655304+00:00,community-contributed product label database,Open Database License (ODbL); individual contents under Database Contents License (DbCL),source-recorded; not independently label-verified,medium,missing_core_nutrition | missing_labels
off-id-0711844120440,0711844120440,ABC Sambal extra pedas,ABC Sambal extra pedas,ABC,en:condiments | en:sauces | en:hot-sauces,"BPOM RI MD BPOM RI inz INDONESIA BANGGA BUATAN c.co.id abc.cares@kraftheinz.com S 0800-11-43469 BEBAS PULSA Senin-Jumat 09:00-16:00 nakan sebelum dan kode produksi pada kemasan INFORMASI NILAI GIZI Takaran saji: 15 ml, 18.5 Sajian per Kemasan JUMLAH PER SAJIAN: Energi Total 20 kkal, Energi dari Lemak 0 kkal, Lemak Total 0 g (0% AKG), Lemak Jenuh 0 g (0% AKG), Protein 0g (0% AKG), Karbohidrat Total 4g (1% AKG), Gula 4g, Garam (natrium) lebih tinggi atau lebih rendah 300 mg (20% AKG). Persen AKG berdasarkan kebutuhan energi 2150 kkal Kebu",,en:halal,en:indonesia,en:france | en:indonesia,,270ml,15ml,,,560,133.333333333333,0,0,33.3333333333333,20,,0,2.33333333333333,0.933333333333333,https://world.openfoodfacts.org/data,https://world.openfoodfacts.org/api/v2/search,2026-09-15T06:21:10.655304+00:00,community-contributed product label database,Open Database License (ODbL); individual contents under Database Contents License (DbCL),source-recorded; not independently label-verified,medium,
off-id-8851019210124,8851019210124,Pocky strawberry,,"Pocky, Glico, กูลิโกะ, ป๊อกกี้",en:snacks | en:sweet-snacks | en:biscuits-and-cakes | en:biscuits-and-crackers | en:confectioneries | en:biscuits,45 ge,en:gluten | en:milk | en:soybeans,,en:thailand,en:germany | en:indonesia | en:thailand,en:plastic | en:paper | en:pp-polypropylene,45 g,45g,Rewe,Thailand,2176,523,23.8,14.8,66.7,36.5,0,9.5,0.17,0.068,https://world.openfoodfacts.org/data,https://world.openfoodfacts.org/api/v2/search,2026-09-15T06:21:10.655304+00:00,community-contributed product label database,Open Database License (ODbL); individual contents under Database Contents License (DbCL),source-recorded; not independently label-verified,medium,missing_labels
off-id-8997220410011,8997220410011,Bulgarian Yogurt,,,en:beverages-and-beverages-preparations | en:beverages | en:dairies | en:fermented-foods | en:fermented-milk-products | en:desserts | en:dairy-desserts | en:dairy-drinks | en:fermented-dairy-desserts | en:fermented-drinks | en:fermented-milk-drinks | en:yogurts | en:yogurt-drinks,,,,,en:indonesia,,180.0g,125ml,,,79.2,72,1.6,1.2,11.2,8.8,,1.6,0.032,0.0128,https://world.openfoodfacts.org/data,https://world.openfoodfacts.org/api/v2/search,2026-09-15T06:21:10.655304+00:00,community-contributed product label database,Open Database License (ODbL); individual contents under Database Contents License (DbCL),source-recorded; not independently label-verified,medium,missing_ingredients | missing_brand | missing_labels
off-id-8998009020223,8998009020223,Buavita Apple,,,,,,,,en:indonesia,,250.0cL,250.0g,,,,44,,,10,9.2,0.8,,,,https://world.openfoodfacts.org/data,https://world.openfoodfacts.org/api/v2/search,2026-09-15T06:21:10.655304+00:00,community-contributed product label database,Open Database License (ODbL); individual contents under Database Contents License (DbCL),source-recorded; not independently label-verified,medium,missing_ingredients | missing_brand | missing_labels
off-id-8999909000377,8999909000377,,,,,,,,,en:indonesia,,,,,,,,,,,,,,,,https://world.openfoodfacts.org/data,https://world.openfoodfacts.org/api/v2/search,2026-09-15T06:21:10.655304+00:00,community-contributed product label database,Open Database License (ODbL); individual contents under Database Contents License (DbCL),source-recorded; not independently label-verified,medium,missing_product_name | missing_ingredients | missing_brand | missing_core_nutrition | missing_labels
off-id-03148139,03148139,,,,,,,,,en:indonesia,,,,,,,,,,,,,,,,https://world.openfoodfacts.org/data,https://world.openfoodfacts.org/api/v2/search,2026-09-15T06:21:10.655304+00:00,community-contributed product label database,Open Database License (ODbL); individual contents under Database Contents License (DbCL),source-recorded; not independently label-verified,medium,missing_product_name | missing_ingredients | missing_brand | missing_core_nutrition | missing_labels
off-id-8990333164055,8990333164055,Neo Lotte Xylitol Fresh Mint (Big),,,en:snacks | en:sweet-snacks | en:confectioneries | en:chewing-gum,,,,,en:indonesia,,,,,,,,,,,,,,,,https://world.openfoodfacts.org/data,https://world.openfoodfacts.org/api/v2/search,2026-09-15T06:21:10.655304+00:00,community-contributed product label database,Open Database License (ODbL); individual contents under Database Contents License (DbCL),source-recorded; not independently label-verified,medium,missing_ingredients | missing_brand | missing_core_nutrition | missing_labels
off-id-8998009010255,8998009010255,UHT MOKKA 250ML,UHT MOKKA E-1B,,,,,en:no-preservatives,,en:indonesia,,1,,,,,,,,,,,,,,https://world.openfoodfacts.org/data,https://world.openfoodfacts.org/api/v2/search,2026-09-15T06:21:10.655304+00:00,community-contributed product label database,Open Database License (ODbL); individual contents under Database Contents License (DbCL),source-recorded; not independently label-verified,medium,missing_ingredients | missing_brand | missing_core_nutrition
off-id-4893049120046,4893049120046,Ritz Cheese,,Ritz,en:snacks | en:salty-snacks | en:appetizers | en:biscuits-and-crackers | en:crackers-appetizers | en:salty-snacks-crackers-garnished-with-cheese | en:ขนม-ของว่าง | en:อาหารเรียกน้ำย่อย,"wheat flour 54%, palm oil 23%, cheese powder 8%, skim milk powder 6%, sugar 4%, fructose syrup 1.6%, raising agent (INS 503(ii), INS 500(i)), emulsifier.  Fire (INS 322(i) Stabilizer (INS 341(i)) Natural Color (INS 1100(i)) Synthetic Color (INS 1101) Natural Flavor Added",en:gluten,,en:indonesia,en:cambodia | en:indonesia | en:thailand,fr:sachet-aluminium,27 g,27g,Seven-Eleven,Indonésie,2123,507.407407407407,28.3,14.6,56.3,15.3,1.8,6.9,0,0,https://world.openfoodfacts.org/data,https://world.openfoodfacts.org/api/v2/search,2026-09-15T06:21:10.655304+00:00,community-contributed product label database,Open Database License (ODbL); individual contents under Database Contents License (DbCL),source-recorded; not independently label-verified,medium,missing_labels
off-id-5011555041122,5011555041122,Walkers,,"Walkers, Family Chocolate Makers",en:snacks | en:sweet-snacks | en:cocoa-and-its-products | en:confectioneries | en:chocolate-candies | en:bonbons | en:assorted-chocolate-candies,"Sugar, Glucose Syrup, Cocoa Butter, Palm Oil, Cocoa Mass, Whole Milk Powder, Whey Powder (Milk), Water, Condensed Milk, Invert Sugar Syrup, Cocoa Powder, Emulsifiers: Sunflower Lecithin, Soya Lecithin; Butter Oil (Milk), Gelling Agent: (Pectin), Glucose-Fructose Syrup, Flavouring, Salt, Acid: (Citric Acid), Orange Oil, Acidity Regulator: (Sodium Citrates), Colour: (Anthocyanin).",en:milk | en:nuts | en:soybeans,en:pure-butter | en:pure-cocoa-butter,,en:indonesia,,240g,100g,,,,485,23.1,13.1,65.2,58,,3.6,0.2,0.08,https://world.openfoodfacts.org/data,https://world.openfoodfacts.org/api/v2/search,2026-09-15T06:21:10.655304+00:00,community-contributed product label database,Open Database License (ODbL); individual contents under Database Contents License (DbCL),source-recorded; not independently label-verified,medium,
off-id-8991001111883,8991001111883,Chunky bar 28g,silverqueen chunky 26gr,,,,,,,en:indonesia,,33 g,,,,733,170,12,4,14,10,,3,4,1.6,https://world.openfoodfacts.org/data,https://world.openfoodfacts.org/api/v2/search,2026-09-15T06:21:10.655304+00:00,community-contributed product label database,Open Database License (ODbL); individual contents under Database Contents License (DbCL),source-recorded; not independently label-verified,medium,missing_ingredients | missing_brand | missing_labels
off-id-8990333811119,8990333811119,chocopie marshmallow,,lotte,,,,,,en:indonesia,,cake,,,,,,,,,,,,,,https://world.openfoodfacts.org/data,https://world.openfoodfacts.org/api/v2/search,2026-09-15T06:21:10.655304+00:00,community-contributed product label database,Open Database License (ODbL); individual contents under Database Contents License (DbCL),source-recorded; not independently label-verified,medium,missing_ingredients | missing_core_nutrition | missing_labels
off-id-8996006858085,8996006858085,Fruit Tea Apel,Fruit Tea Apel,Apel,en:beverages-and-beverages-preparations | en:plant-based-foods-and-beverages | en:beverages | en:hot-beverages | en:plant-based-beverages | en:teas | en:Minuman teh,RH 90,,,,en:indonesia,,350 ml,,,,,,,,,,,,,,https://world.openfoodfacts.org/data,https://world.openfoodfacts.org/api/v2/search,2026-09-15T06:21:10.655304+00:00,community-contributed product label database,Open Database License (ODbL); individual contents under Database Contents License (DbCL),source-recorded; not independently label-verified,medium,missing_core_nutrition | missing_labels
off-id-8993175540797,8993175540797,Nextar brownies 8x10g,Nextar brownies 8x10g,Nextar,en:snacks | en:sweet-snacks | en:biscuits-and-cakes | en:cakes | en:chocolate-cakes | en:brownies | en:Soft cookies with filling,"Tepung Terigu, Gula, Lemak Nabati, Cokelat Bubuk 6.39%, Dekstrosa, Penstabil Gliserin, Gula Aren, Maltodekstrin, Garam, Pengembang Natrium Bikarbonat, Pengemulsi Lesitin Kedelai, Perisa Sintetik Vanila, Pengawet Kalium Sorbat.",en:gluten | id:dekstrosa | id:kalium sorbat | id:lesitin kedelai | id:maltodekstrin | id:natrium bikarbonat | id:penstabil gliserin,en:halal,en:indonesia,en:indonesia,en:box-consist-of-8-each-cookies-separately-packaged-in-aluminium-foil,112 g (8 x 14 g),14g,Indomaret,Indonesia,,2.15,45,1,7,2,,0,0.0625,0.025,https://world.openfoodfacts.org/data,https://world.openfoodfacts.org/api/v2/search,2026-09-15T06:21:10.655304+00:00,community-contributed product label database,Open Database License (ODbL); individual contents under Database Contents License (DbCL),source-recorded; not independently label-verified,medium,
off-id-8993175538947,8993175538947,Nextar Nastar - Pineapple Jam - 112 g (8 x 14 g),Nextar Nastar - Pineapple Jam - 80g,"Nabati, Nextar",en:snacks | en:sweet-snacks | en:biscuits-and-cakes | en:biscuits-and-crackers | en:biscuits | en:Soft cookies,"Wheat Flour, Sugar, Vegetable Fat, Pineapple 14.07%, Glucose Syrup, Corn Starch, Milk Powder, Cheese Powder, Salt, Gelling Agent Pectin, Leavening Agent Sodium Bicarbonate, Acidity Regulator (Citric Acid, Trisodium Citrate, Calcium Lactate), Artificial Pineapple Flavour, Emulsifier Soy Lecithin, Colouring Tartrazine CI 19140, Preservative Potassium Sorbate.",en:gluten | en:milk | en:soybeans,en:halal | en:halal-monitoring-committee,en:indonesia,en:indonesia,en:box-consist-of-8-each-cookies-packed-in-printed-aluminium-foil,80g (8 x 10g),14g,Indomaret,Indonesia,,428.571428571429,14.2857142857143,7.14285714285714,71.4285714285714,28.5714285714286,,7.14285714285714,0.907142857142857,0.362857142857143,https://world.openfoodfacts.org/data,https://world.openfoodfacts.org/api/v2/search,2026-09-15T06:21:10.655304+00:00,community-contributed product label database,Open Database License (ODbL); individual contents under Database Contents License (DbCL),source-recorded; not independently label-verified,medium,
off-id-8996001305041,8996001305041,Roma Biscuit Sandwich Chocolate (Coklat Bon Bon),,,en:snacks | en:sweet-snacks | en:biscuits-and-cakes | en:biscuits-and-crackers | en:biscuits | en:chocolate-biscuits | en:filled-biscuits,"Ingredients Wheat flour (46.28%) Vegetable oil (contains BHA antioxidant) Cocoa powder (3.89%) Whey, Cocoa mass (2 99%), Fructose syrup. Leavening agent, Caramel colour class IV, Salt, Artificial chocolate flavour, Soy lecithin emulsifier, Vanillin, Food colour brown HT (E 155)",en:milk,,,en:indonesia,en:plastic,216 g,27g,,,1938.88888888889,481.481481481481,16.6666666666667,9.25925925925926,70.3703703703704,22.2222222222222,,7.40740740740741,0.314814814814815,0.125925925925926,https://world.openfoodfacts.org/data,https://world.openfoodfacts.org/api/v2/search,2026-09-15T06:21:10.655304+00:00,community-contributed product label database,Open Database License (ODbL); individual contents under Database Contents License (DbCL),source-recorded; not independently label-verified,medium,missing_brand | missing_labels
off-id-8998009011740,8998009011740,Ultra milk karamel 200 ml,Ultra milk karamel 200 ml,ULTRA MILK,en:dairies | en:milks-liquid-and-powder | en:milks,RH 30,,,,en:indonesia,,2,,,,,,,,,,,,,,https://world.openfoodfacts.org/data,https://world.openfoodfacts.org/api/v2/search,2026-09-15T06:21:10.655304+00:00,community-contributed product label database,Open Database License (ODbL); individual contents under Database Contents License (DbCL),source-recorded; not independently label-verified,medium,missing_core_nutrition | missing_labels
off-id-8993176110074,8993176110074,minyak kayu putih,,,,,,,,en:indonesia,,,,,,,,,,,,,,,,https://world.openfoodfacts.org/data,https://world.openfoodfacts.org/api/v2/search,2026-09-15T06:21:10.655304+00:00,community-contributed product label database,Open Database License (ODbL); individual contents under Database Contents License (DbCL),source-recorded; not independently label-verified,medium,missing_ingredients | missing_brand | missing_core_nutrition | missing_labels
off-id-9310155009577,9310155009577,Pasta gluten free,,San Remo,en:plant-based-foods-and-beverages | en:plant-based-foods | en:specific-products | en:pastas | en:products-for-specific-diets | en:products-without-gluten | en:gluten-free-pasta | en:gluten-free-penne,,,en:no-gluten | en:no-eggs,,en:indonesia,,350 g,1 serving (100 g),,,,354,1.9,0.5,76.5,2,1.1,8,0.05,0.02,https://world.openfoodfacts.org/data,https://world.openfoodfacts.org/api/v2/search,2026-09-15T06:21:10.655304+00:00,community-contributed product label database,Open Database License (ODbL); individual contents under Database Contents License (DbCL),source-recorded; not independently label-verified,medium,missing_ingredients
off-id-0711844154568,0711844154568,Abc,Abc,,,,,,,en:indonesia,,484ml,,,,,,,,,,,,,,https://world.openfoodfacts.org/data,https://world.openfoodfacts.org/api/v2/search,2026-09-15T06:21:10.655304+00:00,community-contributed product label database,Open Database License (ODbL); individual contents under Database Contents License (DbCL),source-recorded; not independently label-verified,medium,missing_ingredients | missing_brand | missing_core_nutrition | missing_labels
off-id-8998866202114,8998866202114,Mi Sedap Goreng 5x,,Sayap Mas,,RH 30,,,,en:indonesia,,3,,,,,,,,,,,,,,https://world.openfoodfacts.org/data,https://world.openfoodfacts.org/api/v2/search,2026-09-15T06:21:10.655304+00:00,community-contributed product label database,Open Database License (ODbL); individual contents under Database Contents License (DbCL),source-recorded; not independently label-verified,medium,missing_core_nutrition | missing_labels
off-id-8999999035051,8999999035051,Oreo cookies & cream,Oreo cookies & cream,Wall's,en:desserts | en:frozen-foods | en:frozen-desserts | en:ice-creams-and-sorbets | en:ice-creams | en:luxury-ice-cream-in-a-cup,"Air, Biskuit Sandwich Oreo 12% (Mengandung Tepung Terigu, Lesitin Kedelai dan Antioksidan TBHQ), Gula, Minyak Nabati, Padatan Susu (Susu Skim Bubuk, Konsentrat Whey Protein, Bubuk Whey), Sirup Glukosa, Maltodekstrin, Penstabil Nabati, Pengemulsi Nabati, Perisa Alami Butter Buds, Perisa Sintetik Vanila, Garam. Dapat mengandung kacang-kacangan, tepung terigu dan telur. Es Krim Memadukan merek can kepuasan sendolya",en:eggs | en:milk | en:soybeans,,,en:indonesia,,,100ml,,,,140,8,6,17,11,1,2,0.125,0.05,https://world.openfoodfacts.org/data,https://world.openfoodfacts.org/api/v2/search,2026-09-15T06:21:10.655304+00:00,community-contributed product label database,Open Database License (ODbL); individual contents under Database Contents License (DbCL),source-recorded; not independently label-verified,medium,missing_labels
off-id-9556007002420,9556007002420,,,HOMESOY,en:beverages-and-beverages-preparations | en:plant-based-foods-and-beverages | en:beverages | en:plant-based-foods | en:legumes-and-their-products | en:dairy-substitutes | en:milk-substitutes | en:plant-based-beverages | en:plant-based-milk-alternatives | en:legume-based-drinks | en:soy-based-drinks,"Soya Bean Extract (82%), Water, Salt, Acidity Regulator (NS 501) and Flavouring Substance. Contains Soya. May Contain Gluten from Barley, Oats Almonds and Sesame. RAMUAN: Ekstrak Kacang Soya (82%), Air, Garam, Pengawal Asid (INS 501) dan Bahan Perisa. Mengandungi Soya. Mungkin Mengandungi Gluten dari Barli, Oat, Badam dan Bijan. 成份:大豆萃取液(水,大豆)82%,水,食盐, 酸度调节剂(INS 501)及食用香料。含大豆。 可能含有麸质大麦),燕麦,杏仁及芝麻。 KOMPOSISI: Ekstrak Kacang Kedelai (82%), Air, Garam, Pengatur Keasaman: Kalium Karbonat, Perisa Alami Pandan. Mengandung Alergen: Lihat daftar bahan yang dicetak tebal. Petunjuk Penyimpanan: simpan didalam kulkas Petunjuk Penggunaan: kocok dahulu sebelum diminum, Baik Digunakan Sebelum: Lihat pada kemasan Once opened, consume immediately. Minum segera selepas dibuka.",en:gluten | en:none,en:halal | en:no-preservatives,,en:indonesia,,250ml,,,,122.1,29,1.6,0.4,1.2,0.9,,2.5,0.15,0.06,https://world.openfoodfacts.org/data,https://world.openfoodfacts.org/api/v2/search,2026-09-15T06:21:10.655304+00:00,community-contributed product label database,Open Database License (ODbL); individual contents under Database Contents License (DbCL),source-recorded; not independently label-verified,medium,missing_product_name
off-id-3415581117189,3415581117189,Caramel Biscuit & Cream Ice Cream,,Häagen-Dazs,en:desserts | en:frozen-foods | en:frozen-desserts | en:ice-creams-and-sorbets | en:ice-creams | en:ice-cream-tubs,"Caramel Ice Cream (89%) (Cream (35.4%), Caramel Base (24.0%) (Water, Dried Glucose Syrup, Milk, Sugar, Wheat Glucose Syrup, Salt, Natural Flavouring Substance: Vanilla), Condensed Skimmed Milk, Sugar, Water, Egg Yolk), Biscuit Pieces (11%) (Refined Wheat, Flour, Sugar, Edible Vegetable Oil (Coconut Oil), Edible Vegetable Oil (Rapeseed Oil), Icing Sugar, Concentrated Butter, Candy Sugar, Raising Agent (Sodium Bicarbonate), Emulsifier (Soy Lecithin), Salt, Cinnamon Powder.",en:eggs | en:gluten | en:milk | en:soybeans,en:halal | en:made-in-france | en:Halal Indonesia,en:france,en:guam | en:india | en:indonesia | en:malaysia | en:singapore | en:thailand,,392 g,100 ml,,,1189,285,18.5,11.4,25.1,18.9,,4.5,0.355,0.142,https://world.openfoodfacts.org/data,https://world.openfoodfacts.org/api/v2/search,2026-09-15T06:21:10.655304+00:00,community-contributed product label database,Open Database License (ODbL); individual contents under Database Contents License (DbCL),source-recorded; not independently label-verified,medium,
off-id-8998866200844,8998866200844,sedaap cup kari spesial,,81g,en:81g,RH 30,,en:07090004220107,,en:indonesia,en:81g,3,81g,,,481.481481481481,481.481481481481,24.6913580246914,14.8148148148148,55.5555555555556,4.93827160493827,3.7037037037037,8.64197530864197,0.00118518518518519,0.000474074074074074,https://world.openfoodfacts.org/data,https://world.openfoodfacts.org/api/v2/search,2026-09-15T06:21:10.655304+00:00,community-contributed product label database,Open Database License (ODbL); individual contents under Database Contents License (DbCL),source-recorded; not independently label-verified,medium,
off-id-9338078004035,9338078004035,Bubs Organic,,,,,,,,en:indonesia,,,,,,,402,2,0,88,0,,6,0,0,https://world.openfoodfacts.org/data,https://world.openfoodfacts.org/api/v2/search,2026-09-15T06:21:10.655304+00:00,community-contributed product label database,Open Database License (ODbL); individual contents under Database Contents License (DbCL),source-recorded; not independently label-verified,medium,missing_ingredients | missing_brand | missing_labels
off-id-0748927051261,0748927051261,100% Whey Protein Powder,,Optimum Nutrition,en:dietary-supplements | en:bodybuilding-supplements | en:protein-powders,"Protein Blend (Whey Protein Isolate [MILK), Whey Protein Concentrate [MILK), Whey Peptides [MILK]) (Emulsifier: SOY Lecithin), Cocoa Powder, Flavors, Sweetener (950).",en:milk | en:soybeans,,,en:australia | en:indonesia | en:united-states,en:plastic-tube,2.27 kg,30.4 g,,USA,1692.43421052632,401.315789473684,4.93421052631579,1.64473684210526,9.86842105263158,3.28947368421053,,78.9473684210526,1.06907894736842,0.427631578947368,https://world.openfoodfacts.org/data,https://world.openfoodfacts.org/api/v2/search,2026-09-15T06:21:10.655304+00:00,community-contributed product label database,Open Database License (ODbL); individual contents under Database Contents License (DbCL),source-recorded; not independently label-verified,medium,missing_labels
off-id-5060318666911,5060318666911,Choco balls,,,,,,,,en:indonesia,,,,,,,100,1,0,20,6,,2,0.75,0.3,https://world.openfoodfacts.org/data,https://world.openfoodfacts.org/api/v2/search,2026-09-15T06:21:10.655304+00:00,community-contributed product label database,Open Database License (ODbL); individual contents under Database Contents License (DbCL),source-recorded; not independently label-verified,medium,missing_ingredients | missing_brand | missing_labels
off-id-8992735210095,8992735210095,Bumbu Nasi Goreng Indonesiia,Bumbu Nasi Goreng,Bamboe,en:condiments | en:nasi-goreng-seasoning-mixes,"shallots-37.3%,
vegetable oil,
tomato-14.1%,
garlic-12.9%,
salt, 
chili-9%.",,en:halal,en:indonesia,en:indonesia,,40g,10 g,,,1700,350,30,10,20,10,10,10,4,1.6,https://world.openfoodfacts.org/data,https://world.openfoodfacts.org/api/v2/search,2026-09-15T06:21:10.655304+00:00,community-contributed product label database,Open Database License (ODbL); individual contents under Database Contents License (DbCL),source-recorded; not independently label-verified,medium,
off-id-8996001355978,8996001355978,Beng-beng Share it,Beng-beng Share it,Beng-Beng,,"Glukosa, Gula, _Tepung Terigu_, Lemak Nabati (mengandung Antioksidan BHA), Sereal (10.6%), _Susu Bubuk_ (9.9%), Kakao Massa (6.8%), Maltodekstrin, Lemak Kakao (4%), _Lemak Susu_, Pemanis Alami Sorbitol, Pengemulsi (Lesitin Kedelai), Pengembang, Krimer Nabati, Garam, _Telur Bubuk_, Perisa Sintetik",en:eggs | en:gluten | en:milk | en:soybeans | id:Lemak Susu | id:Susu Bubuk | id:Telur Bubuk | id:Tepung Terigu,,,en:indonesia,,95 g,9.5 g,,"Indonesia, Tangerang",2226.31578947368,473.684210526316,26.3157894736842,15.7894736842105,63.1578947368421,31.5789473684211,,10.5263157894737,0.210526315789474,0.0842105263157895,https://world.openfoodfacts.org/data,https://world.openfoodfacts.org/api/v2/search,2026-09-15T06:21:10.655304+00:00,community-contributed product label database,Open Database License (ODbL); individual contents under Database Contents License (DbCL),source-recorded; not independently label-verified,medium,missing_labels
off-id-8992753700301,8992753700301,FF Uht Coconut 946 ml,FF Uht Coconut 946 ml,,,RH-30,,,,en:indonesia,,1,,,,,,,,,,,,,,https://world.openfoodfacts.org/data,https://world.openfoodfacts.org/api/v2/search,2026-09-15T06:21:10.655304+00:00,community-contributed product label database,Open Database License (ODbL); individual contents under Database Contents License (DbCL),source-recorded; not independently label-verified,medium,missing_brand | missing_core_nutrition | missing_labels
off-id-8992761111540,8992761111540,FANTA STRAWBERRY ORG 250ML,FANTA STRAWBERRY ORG 250ML,Fanta,,"A PRODUCT OF THE Coca-Cola COMPANY Lemak Jenuh Takaran Saji 1Sajian per Kemasan JUMLAH PER SAJIAN Energi Total Energi dari Lemak Lemak Total :250 ml :50 kkal :Okkal % AKG * Protei Karbohidrat Total Gula Garam Hatrium ME 10 mg 1% Persen AKG berdasarkan kebutuhan energi 2150kkal. Kebutuhan energi Anda mungkin lebih tinggi atau lebih rendah. KOMPOSISI: AIR BERKARBONASI, GULA, PENGATUR KEASAMAN (ASAM SITRAT), PERISA SINTETIK, PEMANIS BUATAN (ASESULFAM-K, SUKRALOSA), PENGAWET (NATRIUM BENZOAT), PEWARNA SINTETIK (KARMOISIN CI NO. 14720 & KUNING FCF CI 15985), BUBUK STROBERI (0.005%). MENGANDUNG PEMANIS BUATAN, DISARANKAN TIDAK DIKONSUMSI OLEH ANAK DI BAWAH 5 (LIMA) TAHUN, IBU HAMIL DAN IBU MENYUSUI. DIPRODUKSI DI BAWAH OTORITAS THE COCA-COLA COMPANY. 02025 THE COCA-COLA COMPANY. SIMPAN DI TEMPAT SEJUK 0800 100 2653 cocacolaep.com/id-id 000220 0 9 09 09 12 g 0000 0% 0% 4% 8888 12 g RECYCLE SILL 192266 8 BPOM RI CUC",,en:halal,,en:indonesia,,,1 serving (250 ml),,,81.6,19.980879541109,0,0,4.8,4.4,,0,0.025,0.01,https://world.openfoodfacts.org/data,https://world.openfoodfacts.org/api/v2/search,2026-09-15T06:21:10.655304+00:00,community-contributed product label database,Open Database License (ODbL); individual contents under Database Contents License (DbCL),source-recorded; not independently label-verified,medium,
off-id-8992761139018,8992761139018,AIR MINERAL ADES ECO GREEN 600ML,AIR MINERAL ADES ECO GREEN 600ML,,,,,,,en:indonesia,,600ml,,,,,,,,,,,,,,https://world.openfoodfacts.org/data,https://world.openfoodfacts.org/api/v2/search,2026-09-15T06:21:10.655304+00:00,community-contributed product label database,Open Database License (ODbL); individual contents under Database Contents License (DbCL),source-recorded; not independently label-verified,medium,missing_ingredients | missing_brand | missing_core_nutrition | missing_labels
off-id-7610023002023,7610023002023,Swiss Choco Croc,,,,,,,,en:indonesia,,,,,,,376,1.6,0.8,82,38,,5.9,0.43,0.172,https://world.openfoodfacts.org/data,https://world.openfoodfacts.org/api/v2/search,2026-09-15T06:21:10.655304+00:00,community-contributed product label database,Open Database License (ODbL); individual contents under Database Contents License (DbCL),source-recorded; not independently label-verified,medium,missing_ingredients | missing_brand | missing_labels
off-id-0089686060461,0089686060461,Pop Mie Kari Ayam,Pop Mie Kari Ayam,Pop Mie,,,,,,en:indonesia,,75g,,,,,,,,,,,,,,https://world.openfoodfacts.org/data,https://world.openfoodfacts.org/api/v2/search,2026-09-15T06:21:10.655304+00:00,community-contributed product label database,Open Database License (ODbL); individual contents under Database Contents License (DbCL),source-recorded; not independently label-verified,medium,missing_ingredients | missing_core_nutrition | missing_labels
off-id-8992718853875,8992718853875,Gekikara ramen carbon pedas,Gekikara ramen carbon pedas,,en:plant-based-foods-and-beverages | en:plant-based-foods | en:dried-products | en:pastas | en:dried-products-to-be-rehydrated | en:noodles | en:instant-noodles,RH 30,,,,en:indonesia,,1,,,,,,,,,,,,,,https://world.openfoodfacts.org/data,https://world.openfoodfacts.org/api/v2/search,2026-09-15T06:21:10.655304+00:00,community-contributed product label database,Open Database License (ODbL); individual contents under Database Contents License (DbCL),source-recorded; not independently label-verified,medium,missing_brand | missing_core_nutrition | missing_labels
off-id-80053811,80053811,Monini Classico Extra Zaitun,Monini Classico Extra Zaitun,Monini,en:plant-based-foods-and-beverages | en:plant-based-foods | en:fats | en:vegetable-fats | en:olive-tree-products | en:vegetable-oils | en:olive-oils | en:virgin-olive-oils | en:extra-virgin-olive-oils,Extra Virgin Olive Oil (100%),,en:halal,,en:france | en:indonesia,,250ml,15ml,Astro Indonesia,Italy,3419.3,828,92,14,0.9,0,,0,0.9,0.36,https://world.openfoodfacts.org/data,https://world.openfoodfacts.org/api/v2/search,2026-09-15T06:21:10.655304+00:00,community-contributed product label database,Open Database License (ODbL); individual contents under Database Contents License (DbCL),source-recorded; not independently label-verified,medium,
off-id-8991002103238,8991002103238,Good Day Mocacinno,Good Day Mocacinno,Good day,en:beverages-and-beverages-preparations | en:plant-based-foods-and-beverages | en:beverages | en:plant-based-foods | en:beverage-preparations | en:instant-beverages | en:coffees | en:instant-coffees | id:Coffie,"Gula, Krimer nabati, Kopi instan, Kakao bubuk, Perisa sintetik mocacinno, Pemanis alami glikosida steviol",,en:no-flavors,en:indonesia,en:indonesia,,4,20g,,,1885,450,10,10,80,65,5,5,0.05,0.02,https://world.openfoodfacts.org/data,https://world.openfoodfacts.org/api/v2/search,2026-09-15T06:21:10.655304+00:00,community-contributed product label database,Open Database License (ODbL); individual contents under Database Contents License (DbCL),source-recorded; not independently label-verified,medium,
off-id-0089686043433,0089686043433,Indomie Mi Goreng Rasa Ayam Geprek,Indomie Hype Abis Mi Instan Goreng Ayam Geprek 85 g,indomie,en:plant-based-foods-and-beverages | en:plant-based-foods | en:cereals-and-potatoes | en:cereals-and-their-products | en:dried-products | en:pastas | en:dried-products-to-be-rehydrated | en:noodles | en:instant-noodles,RH 30,,en:halal,en:indonesia,en:indonesia | en:united-states,en:plastic,85g,85.0g,,,1046,410,20,9,9,6,0,9,0.9,0.36,https://world.openfoodfacts.org/data,https://world.openfoodfacts.org/api/v2/search,2026-09-15T06:21:10.655304+00:00,community-contributed product label database,Open Database License (ODbL); individual contents under Database Contents License (DbCL),source-recorded; not independently label-verified,medium,
off-id-8998866201841,8998866201841,golda coffee latte,,wings food,en:beverages-and-beverages-preparations | en:plant-based-foods-and-beverages | en:beverages | en:plant-based-foods | en:coffees | en:Botol,RH-30,,,,en:indonesia,en:botol,200ml,200ml,,,,120,2.5,2,22,15,,2,0.105,0.042,https://world.openfoodfacts.org/data,https://world.openfoodfacts.org/api/v2/search,2026-09-15T06:21:10.655304+00:00,community-contributed product label database,Open Database License (ODbL); individual contents under Database Contents License (DbCL),source-recorded; not independently label-verified,medium,missing_labels
off-id-8990333164079,8990333164079,Lotte Xylitol Blueberry 68Gr,Lotte Xylitol Blueberry 68Gr,,,RH-30,,,,en:indonesia,,1,,,,,,,,,,,,,,https://world.openfoodfacts.org/data,https://world.openfoodfacts.org/api/v2/search,2026-09-15T06:21:10.655304+00:00,community-contributed product label database,Open Database License (ODbL); individual contents under Database Contents License (DbCL),source-recorded; not independently label-verified,medium,missing_brand | missing_core_nutrition | missing_labels
off-id-8997033560484,8997033560484,Alfamart Htg Coffe Papua,Alfamart Htg Coffe Papua,"Alfaexpress, Alfamart",id:Kopi | id:Minuman penyakit,,,,,en:indonesia,,,,,,,,,,,,,,,,https://world.openfoodfacts.org/data,https://world.openfoodfacts.org/api/v2/search,2026-09-15T06:21:10.655304+00:00,community-contributed product label database,Open Database License (ODbL); individual contents under Database Contents License (DbCL),source-recorded; not independently label-verified,medium,missing_ingredients | missing_core_nutrition | missing_labels
off-id-8990800013978,8990800013978,Happydent White Mint 84Gr,Happydent White Mint 84Gr,,,RH-30,,,,en:indonesia,,1,,,,,,,,,,,,,,https://world.openfoodfacts.org/data,https://world.openfoodfacts.org/api/v2/search,2026-09-15T06:21:10.655304+00:00,community-contributed product label database,Open Database License (ODbL); individual contents under Database Contents License (DbCL),source-recorded; not independently label-verified,medium,missing_brand | missing_core_nutrition | missing_labels
off-id-8996001326404,8996001326404,Kis Candy Mint Apple Peach 125Gr,Kis Candy Mint Apple Peach 125Gr,,,RH-30,,,,en:indonesia,,1,,,,,,,,,,,,,,https://world.openfoodfacts.org/data,https://world.openfoodfacts.org/api/v2/search,2026-09-15T06:21:10.655304+00:00,community-contributed product label database,Open Database License (ODbL); individual contents under Database Contents License (DbCL),source-recorded; not independently label-verified,medium,missing_brand | missing_core_nutrition | missing_labels
off-id-0089686010343,0089686010343,Indomie Soto Mie,Indomie Soto Mie,indomie,en:plant-based-foods-and-beverages | en:plant-based-foods | en:dried-products | en:pastas | en:dried-products-to-be-rehydrated | en:noodles | en:instant-noodles,RH-60,,,en:indonesia,en:indonesia,en:plastic,70 g,,,"Indonesia, Jakarta",1822.8,437.5,14.2,7.1,65,5.7,2.8,10,1.3,0.52,https://world.openfoodfacts.org/data,https://world.openfoodfacts.org/api/v2/search,2026-09-15T06:21:10.655304+00:00,community-contributed product label database,Open Database License (ODbL); individual contents under Database Contents License (DbCL),source-recorded; not independently label-verified,medium,missing_labels
off-id-8998866200882,8998866200882,Sukses's Isi 2 Mie Instant Goreng Ayam Kremees 133 g,Sukses's Isi 2 Mie Instant Goreng Ayam Kremees 133 g,wingsfood,en:plant-based-foods-and-beverages | en:plant-based-foods | en:pastas | en:noodles,RH-30,,,,en:indonesia,,133g,,,,,,,,,,,,,,https://world.openfoodfacts.org/data,https://world.openfoodfacts.org/api/v2/search,2026-09-15T06:21:10.655304+00:00,community-contributed product label database,Open Database License (ODbL); individual contents under Database Contents License (DbCL),source-recorded; not independently label-verified,medium,missing_core_nutrition | missing_labels
off-id-0089686017748,0089686017748,Sarimi isi 2 Goreng Ayam Kremes,Sarimi isi 2 Goreng Ayam Kremes,Sarimi Isi 2,en:plant-based-foods-and-beverages | en:plant-based-foods | en:pastas | en:noodles,"minyak nabati, kecap manis, kremes (gluten, kedelai), gula, garam, tepung tapioka, penguat rasa (mononatrium glutamat, dinatrium inosinat, guanilat), bubuk ayam kremes (antioksidan tokoferol), perisa sintetik ayam (kacang tanah, antioksidan asam askorbat, alfa tokoferol), cabai bubuk, bawang putih bubuk, ekstrak ragi, pengatur keasaman, pewarna alami karamel I, penstabil (nabati, fosfat), lada bubuk, perisa alami paprika, antioksidan TBHQ, pewarna sintetik tartrazin CI 19140",,,en:Jakarta,en:indonesia,,125g,120g,,,1970,466.666666666667,19.1666666666667,9.16666666666667,65.8333333333333,7.5,,8.33333333333333,1.2,0.48,https://world.openfoodfacts.org/data,https://world.openfoodfacts.org/api/v2/search,2026-09-15T06:21:10.655304+00:00,community-contributed product label database,Open Database License (ODbL); individual contents under Database Contents License (DbCL),source-recorded; not independently label-verified,medium,missing_labels
off-id-8993118731077,8993118731077,Bihunku Soto 55Gr,Bihunku Soto 55Gr,,,RH-30,,,,en:indonesia,,15,,,,,,,,,,,,,,https://world.openfoodfacts.org/data,https://world.openfoodfacts.org/api/v2/search,2026-09-15T06:21:10.655304+00:00,community-contributed product label database,Open Database License (ODbL); individual contents under Database Contents License (DbCL),source-recorded; not independently label-verified,medium,missing_brand | missing_core_nutrition | missing_labels
off-id-8991002312135,8991002312135,Vitafruit,,Oatbits,en:snacks | en:sweet-snacks | en:biscuits-and-cakes | en:biscuits-and-crackers | en:biscuits,"Wheat Flour (44.40%), Sugar, Shortening (contain Antioxidant Ascorbyl Palmitate and Tocopherol), Oat (12.43%), Carrot (2.01%), Whey Powder Tomato (1.54%), Vegetable Oil, Raising Agent, Calcium Carbonate, Stabilizer Phosphate, Salt, Orange Concentrate (0.44%), Synthetic Flavour, Glucose, Emulsifier Soy Lecithin.",en:gluten | en:soybeans,en:halal,en:indonesia,en:indonesia,,110g,16.5g,,,2030.30303030303,484.848484848485,18.1818181818182,9.09090909090909,66.6666666666667,24.2424242424242,6.06060606060606,6.06060606060606,0.393939393939394,0.157575757575758,https://world.openfoodfacts.org/data,https://world.openfoodfacts.org/api/v2/search,2026-09-15T06:21:10.655304+00:00,community-contributed product label database,Open Database License (ODbL); individual contents under Database Contents License (DbCL),source-recorded; not independently label-verified,medium,
off-id-8992696427976,8992696427976,Milo 3 in 1,Milo active go 3in1 bag 800g,Nestlé,,RH-60,,en:halal,,en:indonesia,,790 g,,,,,,,,,,,,,,https://world.openfoodfacts.org/data,https://world.openfoodfacts.org/api/v2/search,2026-09-15T06:21:10.655304+00:00,community-contributed product label database,Open Database License (ODbL); individual contents under Database Contents License (DbCL),source-recorded; not independently label-verified,medium,missing_core_nutrition
off-id-0050000040605,0050000040605,Fancy Feast Turkey Feast in Gravy Grilled,,,,10178180,,,,en:indonesia,,3 oz,,,,,,,,,,,,,,https://world.openfoodfacts.org/data,https://world.openfoodfacts.org/api/v2/search,2026-09-15T06:21:10.655304+00:00,community-contributed product label database,Open Database License (ODbL); individual contents under Database Contents License (DbCL),source-recorded; not independently label-verified,medium,missing_brand | missing_core_nutrition | missing_labels
off-id-8991102374309,8991102374309,Tango Wafer Chocolate,Tango Wafer Cokelat,Tango,en:snacks | en:sweet-snacks | en:biscuits-and-cakes | en:biscuits-and-crackers | en:biscuits,"Tepung Terigu, Gula, Minyak Nabati (Mengandung Antioksidan TBHQ), Lemak Reroti Nabat (Mengandung Antioksidan Askorbil Palmitat & Tokoferol), Kakao Bubuk (4.3%), Kalsium Karbonat Pengemulsi Lesitin Kedelai, Garam, Susu Skim Bubuk (0.3%) Pengembang. Pati Kentang, Pewama Alami Karamel Kelas IV, Ekstrak Malt, Susu Bubuk Full Cream (0.05%), Perisa Sintetik, Tepung Tolur, Perisa Alami, Kakao Massa (0.01%). Mengandung alergen, lihat daftar bahan yang dicetak tebal. Ingredients: Wheat Flour, Sugar, Vegetable Oil (Palm Oil - Contains Antioxidant TBHQ), Vegetable Shortening (Contains Antioxidant Ascorbyl Palmitate & Tocopherol), Cocoa Powder (4.3%), Calcium Carbonate, Soya Lecithin Emulsifier, Salt, Skim Milk Powder (0.3%), Leavening, Potato Starch, Natural Color (Caramel Class IV), Malt Extract, Full Cream Milk Powder (0.06%), Synthetic Flavor, Egg Powder, Natural Flavor, Cocoa Mass (0.01%). Contains allergen, see ingredients in bold.",en:milk,en:natural-flavors,,en:indonesia,,240 g,20 g,,,2015,500,20,5,70,25,,5,250,100,https://world.openfoodfacts.org/data,https://world.openfoodfacts.org/api/v2/search,2026-09-15T06:21:10.655304+00:00,community-contributed product label database,Open Database License (ODbL); individual contents under Database Contents License (DbCL),source-recorded; not independently label-verified,medium,
off-id-0749921000323,0749921000323,Diabtx,,Tropicana slim,en:sweeteners,"Natural sweetener (sorbitol & erythritol), artificial sweetener (sucralose 9.8 mg/sachet (ADI:15 mg/kg body weight/day) and acesulfame-K 8 mg/sachet (ADI :15 mg/kg body weight/day), chromium picolinate and corn powder (0.005%).",,en:halal,en:ingredients from indonesia,en:indonesia,en:box-cartoon,100 g,2 g,,,,0,0,0,2,0,0,0,0,0,https://world.openfoodfacts.org/data,https://world.openfoodfacts.org/api/v2/search,2026-09-15T06:21:10.655304+00:00,community-contributed product label database,Open Database License (ODbL); individual contents under Database Contents License (DbCL),source-recorded; not independently label-verified,medium,
off-id-8998009010620,8998009010620,Ultra Coklat,Ultra Milk Uht Coklat,Ultrajaya,en:beverages-and-beverages-preparations | en:beverages | en:dairies | en:dairy-drinks | en:milks-liquid-and-powder | en:milks | en:flavoured-milks | en:homogenized-milks | en:pasteurised-products | en:chocolate-milks | en:uht-milks,"_Fresh Milk_-90%, Sugar, _Whole Milk Powder_, Skim Milk Powder, Cocoa Powder-0,75%, Vegetable Stabilizer, Chocolate Synthetic Flavor (Contains Natural Color Caramel Class IV), Salt. No Preservatives, No Artificial Sweetener, No Synthetic Color.",en:milk | en:Fresh Milk | en:Whole Milk Powder,en:halal | en:no-artificial-sweeteners | en:no-preservatives,en:indonesia,en:indonesia,,1L,1 portion (250 ml),,,,80,2,1.6,12,9.2,,3.2,0.055,0.022,https://world.openfoodfacts.org/data,https://world.openfoodfacts.org/api/v2/search,2026-09-15T06:21:10.655304+00:00,community-contributed product label database,Open Database License (ODbL); individual contents under Database Contents License (DbCL),source-recorded; not independently label-verified,medium,
off-id-8997878000015,8997878000015,Kiko stik,Kiko stik,,,01-11-21,,,,en:indonesia,,3,,,,,,,,,,,,,,https://world.openfoodfacts.org/data,https://world.openfoodfacts.org/api/v2/search,2026-09-15T06:21:10.655304+00:00,community-contributed product label database,Open Database License (ODbL); individual contents under Database Contents License (DbCL),source-recorded; not independently label-verified,medium,missing_brand | missing_core_nutrition | missing_labels
off-id-8992696430860,8992696430860,Koko krunch bag 80g,,,,,,,,en:indonesia,,70g,,,,,,,,,,,,,,https://world.openfoodfacts.org/data,https://world.openfoodfacts.org/api/v2/search,2026-09-15T06:21:10.655304+00:00,community-contributed product label database,Open Database License (ODbL); individual contents under Database Contents License (DbCL),source-recorded; not independently label-verified,medium,missing_ingredients | missing_brand | missing_core_nutrition | missing_labels
off-id-8992802080026,8992802080026,chil go coklat btl 130ML,chil go coklat btl 130ML,,id:minuman,"Air, Susu Bubuk (8,3%), Gula, Inulin, Lemak Susu, Kakao Bubuk (0,4%), Perisa Sintetik Cokelat, Pengemulsi Nabati, Penstabil Nabati, Kolin, Inositol, Penstabil Natrium Karbonat, Premiks Mineral dan Premiks Vitamin (Mengandung Antioksidan dl-a-Tokoferol). Mengandung alergen",en:milk,en:halal,,en:indonesia,,1,1,,,,,,,,,,,,,https://world.openfoodfacts.org/data,https://world.openfoodfacts.org/api/v2/search,2026-09-15T06:21:10.655304+00:00,community-contributed product label database,Open Database License (ODbL); individual contents under Database Contents License (DbCL),source-recorded; not independently label-verified,medium,missing_brand | missing_core_nutrition
off-id-8992696523302,8992696523302,Koko krunch dobel coco,,,,,,,,en:indonesia,,1,,,,,,,,,,,,,,https://world.openfoodfacts.org/data,https://world.openfoodfacts.org/api/v2/search,2026-09-15T06:21:10.655304+00:00,community-contributed product label database,Open Database License (ODbL); individual contents under Database Contents License (DbCL),source-recorded; not independently label-verified,medium,missing_ingredients | missing_brand | missing_core_nutrition | missing_labels
off-id-0089686598896,0089686598896,Chitato sapi panggang 120gr,Chitato sapi panggang 120gr,Chitato,,RH 7,,,,en:indonesia,,1,1 portion (20 g),,,2215,550,30,15,55,0,,10,1.4375,0.575,https://world.openfoodfacts.org/data,https://world.openfoodfacts.org/api/v2/search,2026-09-15T06:21:10.655304+00:00,community-contributed product label database,Open Database License (ODbL); individual contents under Database Contents License (DbCL),source-recorded; not independently label-verified,medium,missing_labels
off-id-8992761164546,8992761164546,PROMOSI PROMOS1,PROMOSI PROMOS1,coca cola,id:Minuman,RH 14,,,,en:indonesia,,7,250,,,,,,,,,,,,,https://world.openfoodfacts.org/data,https://world.openfoodfacts.org/api/v2/search,2026-09-15T06:21:10.655304+00:00,community-contributed product label database,Open Database License (ODbL); individual contents under Database Contents License (DbCL),source-recorded; not independently label-verified,medium,missing_core_nutrition | missing_labels
off-id-8995077609824,8995077609824,Tes,,,,,,,,en:indonesia,,,,,,,,,,,,,,,,https://world.openfoodfacts.org/data,https://world.openfoodfacts.org/api/v2/search,2026-09-15T06:21:10.655304+00:00,community-contributed product label database,Open Database License (ODbL); individual contents under Database Contents License (DbCL),source-recorded; not independently label-verified,medium,missing_ingredients | missing_brand | missing_core_nutrition | missing_labels
off-id-0025077306855,0025077306855,Vitamin D3 125mcg,,Puritan's Pride,en:dietary-supplements | en:vitamin-supplements,,,en:no-artificial-colors | en:Flavor or sweetener,en:Corn oil | en:Gelatin | en:Glycerin | en:Soybean oil | en:Vegetable,en:indonesia,en:plastic-bottle,200 softgels,1 softgel daily,,,,,,,,,,,,,https://world.openfoodfacts.org/data,https://world.openfoodfacts.org/api/v2/search,2026-09-15T06:21:10.655304+00:00,community-contributed product label database,Open Database License (ODbL); individual contents under Database Contents License (DbCL),source-recorded; not independently label-verified,medium,missing_ingredients | missing_core_nutrition
off-id-8992388101092,8992388101092,Nü Green Tea Honey,,,,RH 30,,,,en:indonesia,,330,,,,,0.8,0,0,19,18,,0,0.1,0.04,https://world.openfoodfacts.org/data,https://world.openfoodfacts.org/api/v2/search,2026-09-15T06:21:10.655304+00:00,community-contributed product label database,Open Database License (ODbL); individual contents under Database Contents License (DbCL),source-recorded; not independently label-verified,medium,missing_brand | missing_labels
off-id-8993200666898,8993200666898,Cimory fresh milk,,cimory,en:fats | en:dairy-fat-25-fat-light-spreadable-unsalted,,,en:organic | en:eu-organic | en:ci-bio-143,,en:indonesia,en:plastic,250ml,,,,,,,,,,,,,,https://world.openfoodfacts.org/data,https://world.openfoodfacts.org/api/v2/search,2026-09-15T06:21:10.655304+00:00,community-contributed product label database,Open Database License (ODbL); individual contents under Database Contents License (DbCL),source-recorded; not independently label-verified,medium,missing_ingredients | missing_core_nutrition
off-id-8996001355756,8996001355756,Beng beng,,,en:snacks | en:sweet-snacks | en:biscuits-and-cakes | en:biscuits-and-crackers | en:cocoa-and-its-products | en:biscuits | en:chocolates | en:wafers,"glucose, vegetable fat (contains antioxidant bha), sugar, wheat flour po bo milk powder, maltodextrin, rice crispy, cocoa massa, cocoa butter, milk fat, natuural email sweetener sorbitol, non-dairy creamer, emulsifier (soy lecithin), salt, leaving agent synthetic flavor, containing allergens, see compositions in bold,",en:milk | en:soybeans,,,en:indonesia,,,32g,,,,500,25,15.625,65.625,34.375,,6.25,0.546875,0.21875,https://world.openfoodfacts.org/data,https://world.openfoodfacts.org/api/v2/search,2026-09-15T06:21:10.655304+00:00,community-contributed product label database,Open Database License (ODbL); individual contents under Database Contents License (DbCL),source-recorded; not independently label-verified,medium,missing_brand | missing_labels
off-id-8991818080112,8991818080112,Sambal Terasi Uleg,Finna Uleg Sambal Terasi Sachet 15gr,Finna,,,,en:halal,,en:indonesia,,,8.0g,,,,187.5,62.5,6.25,25,25,,,,,https://world.openfoodfacts.org/data,https://world.openfoodfacts.org/api/v2/search,2026-09-15T06:21:10.655304+00:00,community-contributed product label database,Open Database License (ODbL); individual contents under Database Contents License (DbCL),source-recorded; not independently label-verified,medium,missing_ingredients
off-id-0089686040647,0089686040647,Indomie Keriting Goreng Spesial,Mi kriting,indomie,en:plant-based-foods-and-beverages | en:plant-based-foods | en:dried-products | en:pastas | en:dried-products-to-be-rehydrated | en:noodles | en:instant-noodles,,,,,en:france | en:indonesia,,90g,90g,,,1861.11111111111,444.444444444444,16.6666666666667,8.88888888888889,62.2222222222222,11.1111111111111,3.33333333333333,11.1111111111111,1.31111111111111,0.524444444444444,https://world.openfoodfacts.org/data,https://world.openfoodfacts.org/api/v2/search,2026-09-15T06:21:10.655304+00:00,community-contributed product label database,Open Database License (ODbL); individual contents under Database Contents License (DbCL),source-recorded; not independently label-verified,medium,missing_ingredients | missing_labels
off-id-8999999049454,8999999049454,Rexona,,,,,,,,en:indonesia,,,,,,,,,,,,,,,,https://world.openfoodfacts.org/data,https://world.openfoodfacts.org/api/v2/search,2026-09-15T06:21:10.655304+00:00,community-contributed product label database,Open Database License (ODbL); individual contents under Database Contents License (DbCL),source-recorded; not independently label-verified,medium,missing_ingredients | missing_brand | missing_core_nutrition | missing_labels
off-id-8888166603554,8888166603554,Khong Guan biscuits 1600g,Khong Guan biscuits 1600g,,en:snacks | en:sweet-snacks | en:biscuits-and-cakes | en:biscuits-and-crackers | en:biscuits,,,,,en:indonesia,,,,,,,,,,,,,,,,https://world.openfoodfacts.org/data,https://world.openfoodfacts.org/api/v2/search,2026-09-15T06:21:10.655304+00:00,community-contributed product label database,Open Database License (ODbL); individual contents under Database Contents License (DbCL),source-recorded; not independently label-verified,medium,missing_ingredients | missing_brand | missing_core_nutrition | missing_labels
off-id-8993351128306,8993351128306,Green Fields Low Fat,,Greenfield,,,,en:halal,,en:indonesia,,1,100 ml,,,,86,2.3,1.6,9.6,9.3,0,6.8,0.1895,0.0758,https://world.openfoodfacts.org/data,https://world.openfoodfacts.org/api/v2/search,2026-09-15T06:21:10.655304+00:00,community-contributed product label database,Open Database License (ODbL); individual contents under Database Contents License (DbCL),source-recorded; not independently label-verified,medium,missing_ingredients
off-id-8991001121172,8991001121172,Van Houten Milk,Van Houten Milk,Van Houten,,RH-30,,,,en:indonesia,,3,100 g,,,2323.3,557,33.8,,54.4,,,8.7,0.1625,0.065,https://world.openfoodfacts.org/data,https://world.openfoodfacts.org/api/v2/search,2026-09-15T06:21:10.655304+00:00,community-contributed product label database,Open Database License (ODbL); individual contents under Database Contents License (DbCL),source-recorded; not independently label-verified,medium,missing_labels
off-id-5900020029348,5900020029348,Milo Bar E-2B,Milo Bar E-2B,Milo,,RH-30,,,,en:indonesia,,23.5g,,,,1725,457.142857142857,12,5.3,65,25,5.9,7.6,0.455,0.182,https://world.openfoodfacts.org/data,https://world.openfoodfacts.org/api/v2/search,2026-09-15T06:21:10.655304+00:00,community-contributed product label database,Open Database License (ODbL); individual contents under Database Contents License (DbCL),source-recorded; not independently label-verified,medium,missing_labels
off-id-9556001670700,9556001670700,Kit Kat 4F,Kit Kat 4F,Kit Kat,,RH-30,,,,en:indonesia,,9,,,,,,,,,,,,,,https://world.openfoodfacts.org/data,https://world.openfoodfacts.org/api/v2/search,2026-09-15T06:21:10.655304+00:00,community-contributed product label database,Open Database License (ODbL); individual contents under Database Contents License (DbCL),source-recorded; not independently label-verified,medium,missing_core_nutrition | missing_labels
off-id-8991001121981,8991001121981,Delfi - Dairy Milk 33gr,Delfi - Dairy Milk 33gr,,,RH-30,,,,en:indonesia,,5,,,,,,,,,,,,,,https://world.openfoodfacts.org/data,https://world.openfoodfacts.org/api/v2/search,2026-09-15T06:21:10.655304+00:00,community-contributed product label database,Open Database License (ODbL); individual contents under Database Contents License (DbCL),source-recorded; not independently label-verified,medium,missing_brand | missing_core_nutrition | missing_labels
off-id-8997212800660,8997212800660,Mint  Blossom,,Fox,,"Sugar, Glucose Syrup, Synthetic Flavor, Acidity Regulator Lactic Acid, Natural Flavor, Vegetable Concentrate (Red adish , Black Carrot), Natural Color (Chlorophyllin), Mint Extract (0,005%), Cherry Extract (0,005%), Without Synthetic Colorant, May contain milk and tree nuts, ประกอบสำคัญ: น้ำตาล, น้ำเชื่อมกลูโคส, แต่งกลิ่นสังเคราะห์, สารควบคุม ามเป็นกรด กรดแลคติก, แต่งกลิ่นธรรมชาติ, ผักเข้มข้น ไซให้แดงและแครอทต์), สีธรรมชาติ (คลอโรฟิลลิน), สารสกัดมินต์ (0,005%), สารสกัดเซอร์รี (0,005%), ปราศจากสีสังเคราะห์ อาจมีนมและถั่วเปลือกแข็ง, Lemak Total/Total F Lemak Jenuh/Satur twtein / โปรตีน Karbohidrat Total/To Gula/Sugars/thwna Garam (Natrium)/Soc *Persen AKG berdasarka *Percent Daily Value base * ร้อยละของปริมาณนการยาก ต้องการพลังงานเว้ 2,000 BPOM RI Ganun masih belum sempurna sehingga dapat tersedak makanan PENTING/IMPORTANT/ mengunyah pada anak-anak berusia dibawah ang children (less than 4 years) have limited chewing ability and berukuran kecil seperti permen, Antsiour could choke on small candiess 1)มีความสามารถในการเคี้ย เมารถในการเคี่ยวที่จำกัดและอาจสำลักลุกลา 31 JUL2",,en:natural-flavors,,en:indonesia,,,3.0g,,,41,10,,,2,2,,,,,https://world.openfoodfacts.org/data,https://world.openfoodfacts.org/api/v2/search,2026-09-15T06:21:10.655304+00:00,community-contributed product label database,Open Database License (ODbL); individual contents under Database Contents License (DbCL),source-recorded; not independently label-verified,medium,
off-id-8998888170910,8998888170910,Marjan,Marjan,PT Lasallefood Indonesia,en:beverages-and-beverages-preparations | en:beverages,,,,,en:indonesia,,450ml,,,,,,,,,,,,,,https://world.openfoodfacts.org/data,https://world.openfoodfacts.org/api/v2/search,2026-09-15T06:21:10.655304+00:00,community-contributed product label database,Open Database License (ODbL); individual contents under Database Contents License (DbCL),source-recorded; not independently label-verified,medium,missing_ingredients | missing_core_nutrition | missing_labels
off-id-0089686386318,0089686386318,Indofood bumbu racik sayur sop,Indofood Racik Bumbu Instan Sayur Sop 20g,Indofood,,"Salt, flavour enhancers (monosodium glutamate, disodium inosinate & guanylate), sugar, dextrine, seasoning (contains antioxidant a-Tocopherol, milk, soybean, egg), spices (contain garlic 3.5% (contains gluten), white pepper 1,5%, celery 0,5%), synthetic fiavour. Contains allergen, see bold printed ingredient list. May contain peanuts, crustaceans, fish, (tree)nuts, sesame, mustard. NO PRESERVATIVES. NO SYNTHETIC COLOURING,",en:celery | en:eggs | en:gluten | en:milk | en:mustard | en:sesame-seeds | en:soybeans,en:no-preservatives,,en:indonesia,,20 g,1 portion (5 g),,,340,200,0,0,20,20,0,0,46,18.4,https://world.openfoodfacts.org/data,https://world.openfoodfacts.org/api/v2/search,2026-09-15T06:21:10.655304+00:00,community-contributed product label database,Open Database License (ODbL); individual contents under Database Contents License (DbCL),source-recorded; not independently label-verified,medium,
off-id-8991102026383,8991102026383,"Crystalin 1,5l","Crystalin 1,5l",,,RH 30,,,,en:indonesia,,1,,,,,,,,,,,,,,https://world.openfoodfacts.org/data,https://world.openfoodfacts.org/api/v2/search,2026-09-15T06:21:10.655304+00:00,community-contributed product label database,Open Database License (ODbL); individual contents under Database Contents License (DbCL),source-recorded; not independently label-verified,medium,missing_brand | missing_core_nutrition | missing_labels
off-id-8992753033744,8992753033744,purefarm full cream,FF FULL CREAM E-1B,frisian flag,en:dairies | en:milks-liquid-and-powder | en:milks | en:homogenized-milks | en:pasteurised-products | en:uht-milks | en:whole-milks,"KOMPOSISI: Susu Segar, Air, Susu Sidm Bubuk, Bubuk Whey, Lemak Susu, Penstabil Nabati, 8 Vitamin (mengandung antioksidan tokoferoi). Mengandung alergen, lihat daftar bahan yang dicetak tebal.",,en:halal,,en:indonesia,en:plastic,4,1 serving (225 g),,,,57.7777777777778,3.11111111111111,,4.44444444444444,4.44444444444444,,3.11111111111111,0.1,0.04,https://world.openfoodfacts.org/data,https://world.openfoodfacts.org/api/v2/search,2026-09-15T06:21:10.655304+00:00,community-contributed product label database,Open Database License (ODbL); individual contents under Database Contents License (DbCL),source-recorded; not independently label-verified,medium,
off-id-8998888710598,8998888710598,Del Monte extra hott 200 g,Del- monte Extra hot,Del Monte,,,,,,en:indonesia,,200,,,,,,,,,,,,,,https://world.openfoodfacts.org/data,https://world.openfoodfacts.org/api/v2/search,2026-09-15T06:21:10.655304+00:00,community-contributed product label database,Open Database License (ODbL); individual contents under Database Contents License (DbCL),source-recorded; not independently label-verified,medium,missing_ingredients | missing_core_nutrition | missing_labels
off-id-8888166989559,8888166989559,Monde,,NISSIN,en:snacks | en:sweet-snacks | en:biscuits-and-cakes | en:biscuits-and-crackers | en:biscuits,,,en:halal | en:Kaleng,,en:indonesia,id:kaleng,454g,,,,,,,,,,,,,,https://world.openfoodfacts.org/data,https://world.openfoodfacts.org/api/v2/search,2026-09-15T06:21:10.655304+00:00,community-contributed product label database,Open Database License (ODbL); individual contents under Database Contents License (DbCL),source-recorded; not independently label-verified,medium,missing_ingredients | missing_core_nutrition
off-id-0089686420678,0089686420678,Indofood,Indofood,Indofood,id:Kecap,"Gula, Gula Kelapa 39% (mengandung pengawet Sulfit), Air, Garam, Sari Kedelai (Hitam 3%, Kuning 0,5% (mengandung Gandum 0,1%)), Rempah-rempah. Mengandung alergen, lihat komposisi yang dicatok",en:gluten | id:Alergen | id:Sulfit,en:halal,en:indonesia,en:indonesia,en:pouch-flask,520ml,14g,,PT Indofood CBP Sukses Makmur Tbk.,,45,0,0,11,10,,0,0.23,0.092,https://world.openfoodfacts.org/data,https://world.openfoodfacts.org/api/v2/search,2026-09-15T06:21:10.655304+00:00,community-contributed product label database,Open Database License (ODbL); individual contents under Database Contents License (DbCL),source-recorded; not independently label-verified,medium,
off-id-8992993260351,8992993260351,Colatta,Colatta,Colatta,en:snacks | en:sweet-snacks | en:cocoa-and-its-products | en:chocolates | en:compound,"Gula halus, Minyak nabati, Kakao bubuk, Kakao massa, Pengemulsi: Lesitin kedelai, Perisa sintetik vanila.",id:Alergen | id:Lesitin kedelai,en:halal,en:indonesia,en:indonesia,id:kertas | id:kotak,250g,20g,,PT. Gandum Mas Kencana,,120,8,8,10,8,2,1,10,4,https://world.openfoodfacts.org/data,https://world.openfoodfacts.org/api/v2/search,2026-09-15T06:21:10.655304+00:00,community-contributed product label database,Open Database License (ODbL); individual contents under Database Contents License (DbCL),source-recorded; not independently label-verified,medium,
off-id-8998888712196,8998888712196,Saus Spaghetti,Saus Spaghetti,Del Monte,en:condiments | en:meats-and-their-products | en:sauces | en:meat-based-sauces | en:pasta-sauces | en:meat-based-pasta-sauces | en:bolognese-sauces,"Air, Gula, Pasta Tomat, Minyak Nabati, Garam, Bumbu dan Rempah, Pengental Nabati, Protein Nabati TVP, Penguat Rasa (Mononatrium Glutamat, Dinatrium Inosinat-Guanilat), Pengatur Keasaman, Pengental Gom Xanthan Pengawet (Natrium Benzoat, Natrium Metabisulfit), Perisa Sintetik Sapi (mengandung antioksidan Asam Askorbat).",,en:halal,en:indonesia,en:indonesia,en:pouch-flask,250g,25 g,,PT Lasallefood Indonesia,,160,4,0,,16,,4,2.8,1.12,https://world.openfoodfacts.org/data,https://world.openfoodfacts.org/api/v2/search,2026-09-15T06:21:10.655304+00:00,community-contributed product label database,Open Database License (ODbL); individual contents under Database Contents License (DbCL),source-recorded; not independently label-verified,medium,
off-id-8888900400111,8888900400111,La Fonte,La Fonte,"Indofood, La Fonte",en:beverages-and-beverages-preparations | en:plant-based-foods-and-beverages | en:beverages | en:plant-based-foods | en:cereals-and-potatoes | en:cereals-and-their-products | en:pastas | en:waters | en:spring-waters | en:mineral-waters | en:spaghetti,"Semolina Gandum Durum (Mengandung Gluten)
Mengandung alergen, lihat daftar bahan yang dicetak tebal.",en:gluten,en:halal,en:indonesia,en:indonesia,en:plastic | id:plastik,450g,60g,,PT. Indofood Sukses Makmur,,200,1,0,40,0,2,8,0,0,https://world.openfoodfacts.org/data,https://world.openfoodfacts.org/api/v2/search,2026-09-15T06:21:10.655304+00:00,community-contributed product label database,Open Database License (ODbL); individual contents under Database Contents License (DbCL),source-recorded; not independently label-verified,medium,
off-id-0089686400038,0089686400038,Indofood,Indofood,Indofood,en:plant-based-foods-and-beverages | en:plant-based-foods | en:condiments | en:herbs-and-spices | en:sauces | en:spices | en:chili-peppers | en:hot-sauces | en:sambal | en:groceries,"Air, Gula, Cabai 25% (mengandung Cabai Merah 15%, Cabai Habanero 0,01%), Bawang Putih 5%, Garam, Tomat, Pengental Nabati, Penguat Rasa (Mononatrium Glutamat, Dinatrium Inosinat & Guanilat), Pengatur Keasaman, Perisa Sintetik (mengandung Antioksidan a-Tokoferol), Pengawet (Natrium Benzoat, Natrium Metabisulfit).",id:Alergen | id:Antioksidan a-Tokoferol | id:Dinatrium Inosinat | id:Guanilat | id:Mononatrium Glutamat | id:Natrium Benzoat | id:Natrium Metabisulfit | id:Pengatur Keasaman | id:Pengental Nabati | id:Penguat Rasa | id:Perisa Sintetik,en:halal,en:indonesia,en:indonesia,id:botol,275ml,12g,,PT Indofood Sukses Makmur Tbk,,25,0,0,5,4,,0,0.27,0.108,https://world.openfoodfacts.org/data,https://world.openfoodfacts.org/api/v2/search,2026-09-15T06:21:10.655304+00:00,community-contributed product label database,Open Database License (ODbL); individual contents under Database Contents License (DbCL),source-recorded; not independently label-verified,medium,
off-id-8998888710147,8998888710147,Del Monte,Del Monte,Del Monte,en:plant-based-foods-and-beverages | en:plant-based-foods | en:fruits-and-vegetables-based-foods | en:vegetable-based-foods-and-beverages | en:condiments | en:vegetables-based-foods | en:tomatoes-and-their-products | en:sauces | en:tomato-sauces | en:ketchup | en:groceries,"Air, Pasta Tomat 23%, Gula, Garam, Pengental Nabati, Pengatur Keasaman, Pengawet (Natrium Benzoat, Natrium Metabisulfit), Pemanis Alami Glikosida Steviol, Bumbu.",id:Alergen | id:Natrium Benzoat | id:Natrium Metabisulfit | id:Pemanis Alami Glikosida Steviol | id:Pengatur Keasaman | id:Pengental Nabati,en:vegetarian | en:halal | en:vegan | en:plant-based,en:indonesia,en:indonesia,id:botol,270ml,15ml,,PT Lasallefood Indonesia Bogor,85,20,0,0,5,3,,0,0.29,0.116,https://world.openfoodfacts.org/data,https://world.openfoodfacts.org/api/v2/search,2026-09-15T06:21:10.655304+00:00,community-contributed product label database,Open Database License (ODbL); individual contents under Database Contents License (DbCL),source-recorded; not independently label-verified,medium,
off-id-8995177102058,8995177102058,Gulaku Murni,Gulaku Murni,Gulaku,en:sweeteners | en:sugars,100% gula tebu asli,,en:halal,en:indonesia,en:indonesia,en:plastic | en:reuse,1kg,,,PT Gula Putih Mataram Sugar Group Companies Lampung 34164 - Indonesia,,,,,,,,,,,https://world.openfoodfacts.org/data,https://world.openfoodfacts.org/api/v2/search,2026-09-15T06:21:10.655304+00:00,community-contributed product label database,Open Database License (ODbL); individual contents under Database Contents License (DbCL),source-recorded; not independently label-verified,medium,missing_core_nutrition
off-id-8993175537346,8993175537346,Nabati Richoco,Nabati,Richoco,en:snacks | en:sweet-snacks | en:biscuits-and-cakes | en:biscuits-and-crackers | en:biscuits | en:wafers | en:chocolate-biscuits | en:stuffed-wafers | en:chocolate-stuffed-wafers,"Wheat Flour, Sugar, Vegetable Oil (contains Antioxidant TBHQ), Whey Powder, Cocoa Powder 5.92%, Emulsifier Soy Lecithin, Salt, Raising Agent, Vitamin A (contains Antioxidant Tocopherol), vitamin B1, vitamin B2, vitamin B6, vitamin B12).
Allergen Information. &quot;For allergens, see ingredients in bold&quot;. &quot;May also contain : Egg, Hazelnut, and Peanut&quot;.",en:eggs | en:gluten | en:milk | en:soybeans | id:Alegen | id:Antioksidan TBHQ | id:Antioksidan Tokoferol | id:Pengemulsi Lesitin Kedelai,en:halal,en:indonesia,en:indonesia,en:metal | en:recyclable-metals | en:aluminium,132g,10g,,PT Kaldu Nabati Indonesia Sumedang 40394 - Indonesia,,500,20,10,70,30,,10,0.2,0.08,https://world.openfoodfacts.org/data,https://world.openfoodfacts.org/api/v2/search,2026-09-15T06:21:10.655304+00:00,community-contributed product label database,Open Database License (ODbL); individual contents under Database Contents License (DbCL),source-recorded; not independently label-verified,medium,
off-id-8996001302316,8996001302316,Malkist,,Roma,en:snacks | en:salty-snacks | en:appetizers | en:biscuits-and-crackers | en:crackers-appetizers | en:malkist,"Komposisi: Tepung Terigu (05,57%), Minyak Nabati (mengandung Antioksidan BHA), Gula, Tepung Tapioka, Perisa Sintetik Abon Sapi (mengandung Pewarna Kuning FCF 15985 dan Merah Allura Cl 16035), Garam, Pengembang, Susu Bubuk (0,51%), Ekstrak Malt (0,33%). Ragi, Premiks Vitamin (B1, B2, B6, B12). 
Mengandung alergen, lihat daftar bahan yang dicelak tebal.
Ingredients: Wheat Flour (56.57) Vegetable Oil (contains BHA Antioxidant), Sugar Cassava Starch, Sintethic Beef Floss Flavor (contains Colorant Sunset Yellow Cl 15985 and Alura Red Cl 16035), Salil, Raising Agent (Ammonium and Sodium enale), Milk Powder (0.51%), Malt Extract (0.33%), Yeast, Vitamin Premix (B1, B2, B6, B12).
Allergen information: Contains Gluten Milk",,en:halal,en:indonesia,en:indonesia,en:bag,21g,27g,,PT Mayora Indah Tbk,522,428.571428571429,4,3.5,20,3,,2,0.105,0.042,https://world.openfoodfacts.org/data,https://world.openfoodfacts.org/api/v2/search,2026-09-15T06:21:10.655304+00:00,community-contributed product label database,Open Database License (ODbL); individual contents under Database Contents License (DbCL),source-recorded; not independently label-verified,medium,
off-id-0089686821086,0089686821086,Oca,,Indofood,en:beverages-and-beverages-preparations | en:plant-based-foods-and-beverages | en:beverages | en:hot-beverages | en:plant-based-beverages | en:teas,"Komposisi (Ingredients): Air, Gula, Daun Teh Melati Gambir dan Melati Putih (0.65%), Pengatur Keasaman, Antioksidan Asam Askorbat, Perisa Sintetik.
Water, Sugar, Jasminum officinale and Jasminum sambac Tea Leaves (0.65%), Acidity Regulator (E500(ii) & E501(i)), Antioxidant (E300), Synthetic Flavor.
Tanpa Pengawet dan Pemanis Buatan.
No Preservative and Artificial Sweetener.",,en:halal | en:no-preservatives,en:indonesia,en:indonesia,en:plastic | en:pet-polyethylene-terephthalate,350ml,240ml,,"Indonesia, Sukabumi",,80,0,0,19,18,,0,0.02,0.008,https://world.openfoodfacts.org/data,https://world.openfoodfacts.org/api/v2/search,2026-09-15T06:21:10.655304+00:00,community-contributed product label database,Open Database License (ODbL); individual contents under Database Contents License (DbCL),source-recorded; not independently label-verified,medium,
off-id-8993175548335,8993175548335,The Famous Classic NEXTAR strawberry cookies - 106 g (8 x 13.3 g),Nextar Nastar - Strawberry Jam,"Nabati, Nextar",en:snacks | en:sweet-snacks | en:biscuits-and-cakes | en:biscuits-and-crackers | en:biscuits,"Tepung Terigu. Guia. Lemak Nabati (mengandung Antloksidan TBHQ), Puree Buah. Sirup Glukosa, Pati Jagung Puree Strober 0.87%, Susu Bubuk Whey Bußuk Garam Matodekstnin. Dekstrosa, Pengental, Pengembang, Perisa Sintetik (mengandung Antloksidan Asam Askorbat), Pengemulsi Lesitin Kedelel, Pengatur Keasaman Penguat Rasa Mononatrium Glutamat, Perise Alaml, Pewarna Alami Karmin Cl 75470, Vitamin E, Pengawet Kallum Sorbat Intermasi Alerpen: Mengandung alerpen, lihat datar bahan yang dicetak tebal. Dapat mengandung Telur, Kacang Hazel, dan Kacang Tanah Inpredients: Wheat Flour, Supar, Vepetable Fat (contains Antioxidant TBHQ), Frult Puree, Glucose Syrup, Corn Starch, Strawberry Puree 0.87% MIlk Powder, Whey Powde Sat Mattodertrin, Dextrose Thiokener, Raising Agent. Synthetic Flavour (contains Antioxidant Ascorbic Acid), Emulsifler Soy Lacithin, Acidity Reguiator Favour Enhancer Monosodium Glutamate. Naturel Fiavour, Natural Colour Karmin CI 7547O, Vitamin E, Preservative Potassium Sorbate. Allergen intormetion For alierpens, see inpredients In bold. May also contain Egg, Hazelnut, and Peanut.",en:gluten,en:halal,en:indonesia,en:indonesia,en:box-consist-of-8-each-cookies-packed-in-printed-aluminium-foil,8 x 10g,10g,,Indonesia,174.5,40,1.5,1,7,3,,0,2.5e-05,1e-05,https://world.openfoodfacts.org/data,https://world.openfoodfacts.org/api/v2/search,2026-09-15T06:21:10.655304+00:00,community-contributed product label database,Open Database License (ODbL); individual contents under Database Contents License (DbCL),source-recorded; not independently label-verified,medium,
off-id-8992761136178,8992761136178,Sprite 1L,,Coca-cola,en:beverages-and-beverages-preparations | en:beverages | en:non-alcoholic-beverages | en:waters | en:carbonated-drinks | en:soft-drinks | en:sodas | en:carbonated-waters,"KOMPOSISI: AIR BERKARBONASI, GULA, PENGATUR KEASAMAN (ASAM SITRAT & TRINATRIUM SITRAT), PENGAWET (NATRIUM BENZOAT), MINYAK JERUK NIPIS DAN LEMON (0.001%).",,en:halal,,en:indonesia,en:plastic | en:bottle,1l,250ml,,,,100,0,0,25,25,0,0,0.04,0.016,https://world.openfoodfacts.org/data,https://world.openfoodfacts.org/api/v2/search,2026-09-15T06:21:10.655304+00:00,community-contributed product label database,Open Database License (ODbL); individual contents under Database Contents License (DbCL),source-recorded; not independently label-verified,medium,
off-id-8992982203307,8992982203307,Nestle Pure Life,,Nestlé,en:beverages-and-beverages-preparations | en:beverages | en:waters | en:spring-waters | en:mineral-waters,,,en:halal,,en:indonesia,en:plastic | en:bottle,330ml,,,,,,,,,,,,,,https://world.openfoodfacts.org/data,https://world.openfoodfacts.org/api/v2/search,2026-09-15T06:21:10.655304+00:00,community-contributed product label database,Open Database License (ODbL); individual contents under Database Contents License (DbCL),source-recorded; not independently label-verified,medium,missing_ingredients | missing_core_nutrition
off-id-0711844120532,0711844120532,ABC SAMBAL EXTRA PEDAS,ABC SAMBAL EXTRA PEDAS,"Heinz, ABC",en:plant-based-foods-and-beverages | en:plant-based-foods | en:fruits-and-vegetables-based-foods | en:vegetable-based-foods-and-beverages | en:condiments | en:vegetables-based-foods | en:tomatoes-and-their-products | en:sauces | en:meal-sauces | en:tomato-sauces | en:vegetable-sauces | en:tomato-sauces-with-vegetables | en:groceries,"Çabai (41%), air, gula, garam, bawang putih (4%), penstabil nabati, pengatur keasaman, pengawet (natrium benzoat dan natrium metabisulfit), penguat rasa (mononatrium glutamat dan inosinat guanilat), pemanis älami glikosida steviol, perisa sintetik.",,,,en:indonesia,en:plastic,380 g,,,,,,,,,,,,,,https://world.openfoodfacts.org/data,https://world.openfoodfacts.org/api/v2/search,2026-09-15T06:21:10.655304+00:00,community-contributed product label database,Open Database License (ODbL); individual contents under Database Contents License (DbCL),source-recorded; not independently label-verified,medium,missing_core_nutrition | missing_labels
off-id-8996001523247,8996001523247,Mi Gelas Baso Sapi 26gr,Mi Gelas Mi Instan Baso Sapi 26g,,,,,en:halal | en:no-preservatives,,en:indonesia,,,,,,,,,,,,,,,,https://world.openfoodfacts.org/data,https://world.openfoodfacts.org/api/v2/search,2026-09-15T06:21:10.655304+00:00,community-contributed product label database,Open Database License (ODbL); individual contents under Database Contents License (DbCL),source-recorded; not independently label-verified,medium,missing_ingredients | missing_brand | missing_core_nutrition
off-id-8992741905787,8992741905787,Youvit Multivitamin,YOUVIT MULTIVITAMIN KIDS BEARS,Yupi,,,,,,en:indonesia,,28g,,,,,,,,,,,,,,https://world.openfoodfacts.org/data,https://world.openfoodfacts.org/api/v2/search,2026-09-15T06:21:10.655304+00:00,community-contributed product label database,Open Database License (ODbL); individual contents under Database Contents License (DbCL),source-recorded; not independently label-verified,medium,missing_ingredients | missing_core_nutrition | missing_labels
off-id-8888166336568,8888166336568,nissin Crispy Crackers bks 250gr,nissin Crispy Crackers bks 250gr,Nissin,en:snacks | en:salty-snacks | en:sweet-snacks | en:appetizers | en:biscuits-and-cakes | en:biscuits-and-crackers | en:biscuits | en:crackers-appetizers,,,,en:indonesia,en:indonesia,id:plastik,1,,Alfamart,Indonesia,150,150,6,5,21,3,,2,190,76,https://world.openfoodfacts.org/data,https://world.openfoodfacts.org/api/v2/search,2026-09-15T06:21:10.655304+00:00,community-contributed product label database,Open Database License (ODbL); individual contents under Database Contents License (DbCL),source-recorded; not independently label-verified,medium,missing_ingredients | missing_labels
off-id-8996006856180,8996006856180,Sosro Tehbotol Original,Sosro Tehbotol Original,Sosro,en:beverages-and-beverages-preparations | en:plant-based-foods-and-beverages | en:beverages | en:hot-beverages | en:plant-based-beverages | en:teas,"Air, Gula, Teh Melati 0.675%",,en:halal | en:pefc | en:Standar Negara Indonesia (SNI),,en:indonesia,,"1000ml, 33.8 Fl oz",200ml,"Alfamart, Astro Indonesia, Indomaret","Bekasi, Indonesia",127.5,30,0,,7.5,7.5,,0,0.0125,0.005,https://world.openfoodfacts.org/data,https://world.openfoodfacts.org/api/v2/search,2026-09-15T06:21:10.655304+00:00,community-contributed product label database,Open Database License (ODbL); individual contents under Database Contents License (DbCL),source-recorded; not independently label-verified,medium,
off-id-8997023620594,8997023620594,sarikurma,,,id:Konsentrat buah kurma,,,,,en:indonesia,,,,,,,,,,,,,,,,https://world.openfoodfacts.org/data,https://world.openfoodfacts.org/api/v2/search,2026-09-15T06:21:10.655304+00:00,community-contributed product label database,Open Database License (ODbL); individual contents under Database Contents License (DbCL),source-recorded; not independently label-verified,medium,missing_ingredients | missing_brand | missing_core_nutrition | missing_labels
off-id-8992388134540,8992388134540,Spicy beef noodles,,ABC,,,,,,en:indonesia,,,1 serving (80 g),,,,450,18.75,10,60,3.75,3.75,10,3.25,1.3,https://world.openfoodfacts.org/data,https://world.openfoodfacts.org/api/v2/search,2026-09-15T06:21:10.655304+00:00,community-contributed product label database,Open Database License (ODbL); individual contents under Database Contents License (DbCL),source-recorded; not independently label-verified,medium,missing_ingredients | missing_labels
off-id-8999099920585,8999099920585,SGM ANANDA,,1dos,en:1,RH 90,,en:halal,,en:indonesia,en:1,150gr,,,,,,,,,,,,,,https://world.openfoodfacts.org/data,https://world.openfoodfacts.org/api/v2/search,2026-09-15T06:21:10.655304+00:00,community-contributed product label database,Open Database License (ODbL); individual contents under Database Contents License (DbCL),source-recorded; not independently label-verified,medium,missing_core_nutrition
off-id-0089686598599,0089686598599,Chitato Spicy Grilled Beef Flavor,Chitato Sapi Bumbu Bakar 68gr,Chitato,en:plant-based-foods-and-beverages | en:plant-based-foods | en:snacks | en:cereals-and-potatoes | en:salty-snacks | en:appetizers | en:chips-and-fries | en:potatoes-and-their-products | en:crisps | en:salty-snacks-made-from-potato | en:potato-crisps | en:wavy-potato-crisps,"Potatoes (63%), Palm Olein Oil, Spicy Grilled Beef Seasoning (contains Sugar, Salt, Flavor Enhancer Monosodium Glutamate, Vegetable Powder, Flavor Enhancer Disodium Guanylate and Disodium Inosinate, Natural Coloring Carmine CI 75470 and Caramel 1, Antioxidant Ascorbic Acid, Garlic Powder (0.37%). Paprika Extract (0.04%), Beef Extract (0.01%).",,en:halal,,en:indonesia,,1,20g,,,2305,550,30,12.5,65,5,,5,0.65,0.26,https://world.openfoodfacts.org/data,https://world.openfoodfacts.org/api/v2/search,2026-09-15T06:21:10.655304+00:00,community-contributed product label database,Open Database License (ODbL); individual contents under Database Contents License (DbCL),source-recorded; not independently label-verified,medium,
off-id-8996001600252,8996001600252,Teh Pucuk Harum Less Sugar,,Mayora,en:Minuman,"Water, Sugar, Jasmine Tea Leaves (Tea Leaves (90%)+ Jasmine (10%) Jasmine Synthetic Flavor, Stabilizer. No Artificial Sweeteners, No Preservatives, and No Synthetic Coloring.",,en:halal | en:no-artificial-sweeteners | en:no-preservatives | en:BPOM,,en:indonesia,,350,240ml,,,78.3333333333333,18.75,0,0,5,5,0,0,0.0416666666666667,0.0166666666666667,https://world.openfoodfacts.org/data,https://world.openfoodfacts.org/api/v2/search,2026-09-15T06:21:10.655304+00:00,community-contributed product label database,Open Database License (ODbL); individual contents under Database Contents License (DbCL),source-recorded; not independently label-verified,medium,
off-id-8999898962533,8999898962533,Diamond  UHT Full Cream 1 L,,Diamond,en:dairies | en:milks-liquid-and-powder | en:milks,RH 30,,,,en:indonesia,,1,,,,,,,,,,,,,,https://world.openfoodfacts.org/data,https://world.openfoodfacts.org/api/v2/search,2026-09-15T06:21:10.655304+00:00,community-contributed product label database,Open Database License (ODbL); individual contents under Database Contents License (DbCL),source-recorded; not independently label-verified,medium,missing_core_nutrition | missing_labels
off-id-8991038775416,8991038775416,,,salection,,,,en:halal,,en:indonesia,en:plastik,,,,,,,,,,,,,,,https://world.openfoodfacts.org/data,https://world.openfoodfacts.org/api/v2/search,2026-09-15T06:21:10.655304+00:00,community-contributed product label database,Open Database License (ODbL); individual contents under Database Contents License (DbCL),source-recorded; not independently label-verified,medium,missing_product_name | missing_ingredients | missing_core_nutrition
off-id-8997035601482,8997035601482,Fibe mini,,Otsuka,,RH 30,,,,en:indonesia,,1,100 ml,,,,60,0,0,19,9,6,0,19.67,7.868,https://world.openfoodfacts.org/data,https://world.openfoodfacts.org/api/v2/search,2026-09-15T06:21:10.655304+00:00,community-contributed product label database,Open Database License (ODbL); individual contents under Database Contents License (DbCL),source-recorded; not independently label-verified,medium,missing_labels
off-id-8997214270072,8997214270072,Ellenka fiber creme,,Ellenka,,,,en:no-gluten | en:halal | en:no-lactose,,en:indonesia,,,3.0g,,,,500,33.3333333333333,33.3333333333333,66.6666666666667,,33.3333333333333,,,,https://world.openfoodfacts.org/data,https://world.openfoodfacts.org/api/v2/search,2026-09-15T06:21:10.655304+00:00,community-contributed product label database,Open Database License (ODbL); individual contents under Database Contents License (DbCL),source-recorded; not independently label-verified,medium,missing_ingredients
off-id-8992907953287,8992907953287,Sliced bread,,Sari Roti,,,,,,en:indonesia,,,40.0g,,,,250,5,2.5,42.5,5,7.5,7.5,,,https://world.openfoodfacts.org/data,https://world.openfoodfacts.org/api/v2/search,2026-09-15T06:21:10.655304+00:00,community-contributed product label database,Open Database License (ODbL); individual contents under Database Contents License (DbCL),source-recorded; not independently label-verified,medium,missing_ingredients | missing_labels
off-id-8991102228053,8991102228053,Teh gelas ori 350,,,,RH-30,,,,en:indonesia,,1,,,,,,,,18,16,,,,,https://world.openfoodfacts.org/data,https://world.openfoodfacts.org/api/v2/search,2026-09-15T06:21:10.655304+00:00,community-contributed product label database,Open Database License (ODbL); individual contents under Database Contents License (DbCL),source-recorded; not independently label-verified,medium,missing_brand | missing_labels
off-id-8996006858818,8996006858818,Teh sosro tawar 350,,Sosro,en:beverages-and-beverages-preparations | en:beverages | en:unsweetened-beverages | en:tea-based-beverages,"Water, tea (0.2%), Ascorbic Acid 2%",,,,en:indonesia,,350,225 ml,,,0,0,0,0,0,0,0,0,0.0111111111111111,0.00444444444444444,https://world.openfoodfacts.org/data,https://world.openfoodfacts.org/api/v2/search,2026-09-15T06:21:10.655304+00:00,community-contributed product label database,Open Database License (ODbL); individual contents under Database Contents License (DbCL),source-recorded; not independently label-verified,medium,missing_labels
off-id-8904071700291,8904071700291,Masala Criss Cross Potato Chip,Masala Criss Cross Potato Chip,,,,,,,en:indonesia,,170,,,,,,,,,,,,,,https://world.openfoodfacts.org/data,https://world.openfoodfacts.org/api/v2/search,2026-09-15T06:21:10.655304+00:00,community-contributed product label database,Open Database License (ODbL); individual contents under Database Contents License (DbCL),source-recorded; not independently label-verified,medium,missing_ingredients | missing_brand | missing_core_nutrition | missing_labels
off-id-8904071704152,8904071704152,Instant Bhel Puri,,,,,,,,en:indonesia,,150gm,,,,,,,,,,,,,,https://world.openfoodfacts.org/data,https://world.openfoodfacts.org/api/v2/search,2026-09-15T06:21:10.655304+00:00,community-contributed product label database,Open Database License (ODbL); individual contents under Database Contents License (DbCL),source-recorded; not independently label-verified,medium,missing_ingredients | missing_brand | missing_core_nutrition | missing_labels
off-id-8904198801000,8904198801000,Getmore - Tingling Tomato,Getmore - Tingling Tomato,,,,,,,en:indonesia,,50,,,,,,,,,,,,,,https://world.openfoodfacts.org/data,https://world.openfoodfacts.org/api/v2/search,2026-09-15T06:21:10.655304+00:00,community-contributed product label database,Open Database License (ODbL); individual contents under Database Contents License (DbCL),source-recorded; not independently label-verified,medium,missing_ingredients | missing_brand | missing_core_nutrition | missing_labels
off-id-8904198801017,8904198801017,Getmore - Chatpata Masala,Getmore - Chatpata Masala,,,,,,,en:indonesia,,50,,,,,,,,,,,,,,https://world.openfoodfacts.org/data,https://world.openfoodfacts.org/api/v2/search,2026-09-15T06:21:10.655304+00:00,community-contributed product label database,Open Database License (ODbL); individual contents under Database Contents License (DbCL),source-recorded; not independently label-verified,medium,missing_ingredients | missing_brand | missing_core_nutrition | missing_labels
off-id-8904071700888,8904071700888,Roasted Poha Chivda,,,,,,,,en:indonesia,,170g,,,,,452,14.5,5.4,70,6.6,,10.3,,,https://world.openfoodfacts.org/data,https://world.openfoodfacts.org/api/v2/search,2026-09-15T06:21:10.655304+00:00,community-contributed product label database,Open Database License (ODbL); individual contents under Database Contents License (DbCL),source-recorded; not independently label-verified,medium,missing_ingredients | missing_brand | missing_labels
off-id-8904071700840,8904071700840,Tikha,,,,,,,,en:indonesia,,170g,,,,,592,42.9,19.3,39,0,,12.5,0.2,0.08,https://world.openfoodfacts.org/data,https://world.openfoodfacts.org/api/v2/search,2026-09-15T06:21:10.655304+00:00,community-contributed product label database,Open Database License (ODbL); individual contents under Database Contents License (DbCL),source-recorded; not independently label-verified,medium,missing_ingredients | missing_brand | missing_labels
off-id-8904071700925,8904071700925,Manglori Mix,,,,,,,,en:indonesia,,170g,,,,,571,35.1,14,37.9,0,,,,,https://world.openfoodfacts.org/data,https://world.openfoodfacts.org/api/v2/search,2026-09-15T06:21:10.655304+00:00,community-contributed product label database,Open Database License (ODbL); individual contents under Database Contents License (DbCL),source-recorded; not independently label-verified,medium,missing_ingredients | missing_brand | missing_labels
off-id-8992388133345,8992388133345,Nu teh tarik,,ABC PRESIDENT,,RH 30,,,,en:indonesia,,330ml,,,,,,,,,,,,,,https://world.openfoodfacts.org/data,https://world.openfoodfacts.org/api/v2/search,2026-09-15T06:21:10.655304+00:00,community-contributed product label database,Open Database License (ODbL); individual contents under Database Contents License (DbCL),source-recorded; not independently label-verified,medium,missing_core_nutrition | missing_labels
off-id-8901719119248,8901719119248,Kismi - Assorted Toffees,,Parle,,,,,,en:indonesia,,245.5g,,,,,416,9.2,4.3,81.2,57.5,,2.1,,,https://world.openfoodfacts.org/data,https://world.openfoodfacts.org/api/v2/search,2026-09-15T06:21:10.655304+00:00,community-contributed product label database,Open Database License (ODbL); individual contents under Database Contents License (DbCL),source-recorded; not independently label-verified,medium,missing_ingredients | missing_labels
off-id-0089686599008,0089686599008,Chitato indomie goreng bks 68gr,Chitato Indomie Goreng 68gr,Chitato,,RH. 30,,,,en:indonesia,,68gr,20 g,,,,500,25,12.5,60,,,10,1,0.4,https://world.openfoodfacts.org/data,https://world.openfoodfacts.org/api/v2/search,2026-09-15T06:21:10.655304+00:00,community-contributed product label database,Open Database License (ODbL); individual contents under Database Contents License (DbCL),source-recorded; not independently label-verified,medium,missing_labels
off-id-8998866500401,8998866500401,Power F Anggur,,kopok,,,,,,en:indonesia,,,,,,,,,,,,,,,,https://world.openfoodfacts.org/data,https://world.openfoodfacts.org/api/v2/search,2026-09-15T06:21:10.655304+00:00,community-contributed product label database,Open Database License (ODbL); individual contents under Database Contents License (DbCL),source-recorded; not independently label-verified,medium,missing_ingredients | missing_core_nutrition | missing_labels
off-id-8997206772317,8997206772317,Wijen Sangrai,,,,,,,,en:indonesia,,,,,,,,,,,,,,,,https://world.openfoodfacts.org/data,https://world.openfoodfacts.org/api/v2/search,2026-09-15T06:21:10.655304+00:00,community-contributed product label database,Open Database License (ODbL); individual contents under Database Contents License (DbCL),source-recorded; not independently label-verified,medium,missing_ingredients | missing_brand | missing_core_nutrition | missing_labels
off-id-8886467105760,8886467105760,Pringgless Cheesy Cheese 42g,,Pringles,,RH 30,,,,en:indonesia,,1,25g,,,,560,32,14,60,4,,4,0.8636,0.34544,https://world.openfoodfacts.org/data,https://world.openfoodfacts.org/api/v2/search,2026-09-15T06:21:10.655304+00:00,community-contributed product label database,Open Database License (ODbL); individual contents under Database Contents License (DbCL),source-recorded; not independently label-verified,medium,missing_labels
off-id-8996001370063,8996001370063,Chocolate Stick,Choki choki Cokelat Pasta Chococashew Pack,Choki Choki,,,,,,en:indonesia,,,10.0g,,,2300,500,30,15,60,50,,10,,,https://world.openfoodfacts.org/data,https://world.openfoodfacts.org/api/v2/search,2026-09-15T06:21:10.655304+00:00,community-contributed product label database,Open Database License (ODbL); individual contents under Database Contents License (DbCL),source-recorded; not independently label-verified,medium,missing_ingredients | missing_labels
off-id-8992761111588,8992761111588,Coca Cola Zero,Coca cola zero sugar 250ml,Coca Cola,,,,,,en:indonesia,,250,,,,,,,,,,,,,,https://world.openfoodfacts.org/data,https://world.openfoodfacts.org/api/v2/search,2026-09-15T06:21:10.655304+00:00,community-contributed product label database,Open Database License (ODbL); individual contents under Database Contents License (DbCL),source-recorded; not independently label-verified,medium,missing_ingredients | missing_core_nutrition | missing_labels
off-id-8992994110112,8992994110112,Yakult,Yakult,Yakult,en:beverages-and-beverages-preparations | en:beverages | en:dairies | en:fermented-foods | en:desserts | en:fermented-milk-products | en:dairy-desserts | en:dairy-drinks | en:fermented-dairy-desserts | en:fermented-drinks | en:fermented-milk-drinks | en:yogurts | en:yogurt-drinks | en:cow-milk-yogurts,,,,,en:indonesia,,325 ml (5 x 65 ml),65 ml,,,,76.9230769230769,,,16.9230769230769,15.3846153846154,,1.53846153846154,0.00153846153846154,0.000615384615384615,https://world.openfoodfacts.org/data,https://world.openfoodfacts.org/api/v2/search,2026-09-15T06:21:10.655304+00:00,community-contributed product label database,Open Database License (ODbL); individual contents under Database Contents License (DbCL),source-recorded; not independently label-verified,medium,missing_ingredients | missing_labels
off-id-8999999556327,8999999556327,Sariwangi teh clp asli 25s,Sariwangi teh clp asli 25s,,en:beverages-and-beverages-preparations | en:plant-based-foods-and-beverages | en:beverages | en:hot-beverages | en:plant-based-beverages | en:teas,RH 18,,,,en:indonesia,,1,,,,,,,,,,,,,,https://world.openfoodfacts.org/data,https://world.openfoodfacts.org/api/v2/search,2026-09-15T06:21:10.655304+00:00,community-contributed product label database,Open Database License (ODbL); individual contents under Database Contents License (DbCL),source-recorded; not independently label-verified,medium,missing_brand | missing_core_nutrition | missing_labels
off-id-8993200666928,8993200666928,Cimory fresh milk Marie 250ML,,Cimory,en:dairies | en:milks-liquid-and-powder | en:milks,"air, susu sapi segar (20%), susu bubuk full cream, gula, padatan susu, susu skim bubuk, penstabil (nabati, natrium sitrat), remahan biskuit marie 0,1% (mengandung telur, premiks vitamin, perisa sintetik biskuit",,en:halal,,en:indonesia,,250 mL,125 mL,"Alfamart, Alfamidi, Indomaret",Bogor,,80,2.8,1.6,11.2,7.2,,2.8,0.056,0.0224,https://world.openfoodfacts.org/data,https://world.openfoodfacts.org/api/v2/search,2026-09-15T06:21:10.655304+00:00,community-contributed product label database,Open Database License (ODbL); individual contents under Database Contents License (DbCL),source-recorded; not independently label-verified,medium,
off-id-0048256221800,0048256221800,Astonish,Astonish,astonish,,,,,,en:indonesia,en:other-plastic-unknown,2,,,,,,,,,,,,,,https://world.openfoodfacts.org/data,https://world.openfoodfacts.org/api/v2/search,2026-09-15T06:21:10.655304+00:00,community-contributed product label database,Open Database License (ODbL); individual contents under Database Contents License (DbCL),source-recorded; not independently label-verified,medium,missing_ingredients | missing_core_nutrition | missing_labels
off-id-8991102384841,8991102384841,Tango Royal Chocolate,,,,gudang & rak,,,,en:indonesia,,120g,,,,,,,,,,,,,,https://world.openfoodfacts.org/data,https://world.openfoodfacts.org/api/v2/search,2026-09-15T06:21:10.655304+00:00,community-contributed product label database,Open Database License (ODbL); individual contents under Database Contents License (DbCL),source-recorded; not independently label-verified,medium,missing_brand | missing_core_nutrition | missing_labels
off-id-0089686386066,0089686386066,Indofood Racik Bumbu Instan Ayam Goreng 25 g,Indofood Racik Bumbu Instan Ayam Goreng 25 g,indofood,,,,,,en:indonesia,,26g,1 portion (5 g),,,840,200,0,0,40,0,20,0,44,17.6,https://world.openfoodfacts.org/data,https://world.openfoodfacts.org/api/v2/search,2026-09-15T06:21:10.655304+00:00,community-contributed product label database,Open Database License (ODbL); individual contents under Database Contents License (DbCL),source-recorded; not independently label-verified,medium,missing_ingredients | missing_labels
off-id-8995899213520,8995899213520,Makaroni Krispe,Makaroni Krispe,kobe,,,,,,en:indonesia,,,,,,,,,,,,,,,,https://world.openfoodfacts.org/data,https://world.openfoodfacts.org/api/v2/search,2026-09-15T06:21:10.655304+00:00,community-contributed product label database,Open Database License (ODbL); individual contents under Database Contents License (DbCL),source-recorded; not independently label-verified,medium,missing_ingredients | missing_core_nutrition | missing_labels
off-id-8992753005475,8992753005475,Low Fat Fresh Milk,,Frisian Flag,,,,,,en:indonesia,,2,225.0g,,,,100,3,,12,,12,7,,,https://world.openfoodfacts.org/data,https://world.openfoodfacts.org/api/v2/search,2026-09-15T06:21:10.655304+00:00,community-contributed product label database,Open Database License (ODbL); individual contents under Database Contents License (DbCL),source-recorded; not independently label-verified,medium,missing_ingredients | missing_labels
off-id-8994755030479,8994755030479,Good Time Rainbow,Good Time Rainbow,GoodTime,,RH 30,,,,en:indonesia,,72g,,,,,,,,,,,,,,https://world.openfoodfacts.org/data,https://world.openfoodfacts.org/api/v2/search,2026-09-15T06:21:10.655304+00:00,community-contributed product label database,Open Database License (ODbL); individual contents under Database Contents License (DbCL),source-recorded; not independently label-verified,medium,missing_core_nutrition | missing_labels
off-id-8998009040023,8998009040023,Teh kotak teh melati,teh kotak,ultrajaya,en:beverages-and-beverages-preparations | en:plant-based-foods-and-beverages | en:beverages | en:hot-beverages | en:plant-based-beverages | en:teas | en:green-teas | en:tea-based-beverages,"water, sugar, jasmine tea, vitamin c",,en:halal,,en:australia | en:indonesia,,300ml,200ml,,,306,70,0,,18,16,,0,0.025,0.01,https://world.openfoodfacts.org/data,https://world.openfoodfacts.org/api/v2/search,2026-09-15T06:21:10.655304+00:00,community-contributed product label database,Open Database License (ODbL); individual contents under Database Contents License (DbCL),source-recorded; not independently label-verified,medium,
off-id-8996001603376,8996001603376,Energen Kurma,Energen Kurma,Energen,,,,,,en:indonesia,,30g,,,,,,,,,,,,,,https://world.openfoodfacts.org/data,https://world.openfoodfacts.org/api/v2/search,2026-09-15T06:21:10.655304+00:00,community-contributed product label database,Open Database License (ODbL); individual contents under Database Contents License (DbCL),source-recorded; not independently label-verified,medium,missing_ingredients | missing_core_nutrition | missing_labels
off-id-0089686182033,0089686182033,Indo Mie soto,,indomie,en:plant-based-foods-and-beverages | en:plant-based-foods | en:dried-products | en:pastas | en:dried-products-to-be-rehydrated | en:noodles | en:instant-noodles | en:N,"NOODLES: Wheat flour (67%) (contains gluten), refined palm oil (contains permitted antination TBHC), guarmug, salt, contains acidity regulators (potassium carbonate, sodium polyphosphate, sodium carbonate) as permitted food conditioners and contains permitted colouring (riboflavin). 

SEASONING POWDER: Salt, contains monosodium glutamate, disodium incsinate, disodium guanylate as permitted flavour enhancers, sugar, garlic, creamer, leek, contains permitted flavouring (chicken and lime) contains acidity regulator (citric acid) as permitted food conditioner, white pepper, celery powder.

Dried chili powder.

 SEASONING OIL: Refined palm oil (contains permitted antioxidant TBHQ), shallot, herbs, garlic, candlenut flavorings (ime). 

KOYA POWDER 

ALL ADDITIVES USED ARE OF PLANT AND SYNTHETIC ORIGIN. CONTAINS: WHEAT, CRUSTACEA, DAIRY, SOYBEAN, TREE NUT 

PRODUCED IN THE FACILITY THAT ALSO PROCESSES PRODUCTS THAT CONTAINS PEANUTS FO EGG",en:celery | en:chicken | en:crustaceans | en:gluten | en:milk | en:nuts | en:soybeans,en:halal,,en:indonesia | en:malaysia,,78g x 5,78g,,,1951.28205128205,464.102564102564,18.3333333333333,1.28205128205128,62.1794871794872,4.61538461538461,3.84615384615385,10.7692307692308,0,0,https://world.openfoodfacts.org/data,https://world.openfoodfacts.org/api/v2/search,2026-09-15T06:21:10.655304+00:00,community-contributed product label database,Open Database License (ODbL); individual contents under Database Contents License (DbCL),source-recorded; not independently label-verified,medium,
off-id-0089686400816,0089686400816,INDOFOOD SAMBAL EKSTRA PEDAS 135ML,Indofood Sambal Extra Pedas,Indofood,en:condiments | en:sauces | en:hot-sauces,,,,,en:indonesia,,135ml,,,,,,,,,,,,,,https://world.openfoodfacts.org/data,https://world.openfoodfacts.org/api/v2/search,2026-09-15T06:21:10.655304+00:00,community-contributed product label database,Open Database License (ODbL); individual contents under Database Contents License (DbCL),source-recorded; not independently label-verified,medium,missing_ingredients | missing_core_nutrition | missing_labels
off-id-8995102708072,8995102708072,rumput laut kering panggang rasa sapi panggang korea,,mama suka,,,,,,en:indonesia,,4.5gram,,,,,,,,,,,,,,https://world.openfoodfacts.org/data,https://world.openfoodfacts.org/api/v2/search,2026-09-15T06:21:10.655304+00:00,community-contributed product label database,Open Database License (ODbL); individual contents under Database Contents License (DbCL),source-recorded; not independently label-verified,medium,missing_ingredients | missing_core_nutrition | missing_labels
off-id-8992957251487,8992957251487,Golden City,,,,,,en:halal,,en:indonesia,,,,,,,,,,,,,,,,https://world.openfoodfacts.org/data,https://world.openfoodfacts.org/api/v2/search,2026-09-15T06:21:10.655304+00:00,community-contributed product label database,Open Database License (ODbL); individual contents under Database Contents License (DbCL),source-recorded; not independently label-verified,medium,missing_ingredients | missing_brand | missing_core_nutrition
off-id-8886057883665,8886057883665,Kratingdaeng classic energy drink,Kratingdaeng classic energy drink,Redbull,,RH 30,,,,en:indonesia,,150 ml,150 ml,,,306,73.3333333333333,0,,16.6666666666667,,,1.33333333333333,0.166666666666667,0.0666666666666667,https://world.openfoodfacts.org/data,https://world.openfoodfacts.org/api/v2/search,2026-09-15T06:21:10.655304+00:00,community-contributed product label database,Open Database License (ODbL); individual contents under Database Contents License (DbCL),source-recorded; not independently label-verified,medium,missing_labels
off-id-8999908389008,8999908389008,Hemaviton c1000 can,Hemaviton c1000 can,,,RH 90,,,,en:indonesia,,330 ml,,,,,,,,,,,,,,https://world.openfoodfacts.org/data,https://world.openfoodfacts.org/api/v2/search,2026-09-15T06:21:10.655304+00:00,community-contributed product label database,Open Database License (ODbL); individual contents under Database Contents License (DbCL),source-recorded; not independently label-verified,medium,missing_brand | missing_core_nutrition | missing_labels
off-id-8992772665049,8992772665049,Amunizer,Amunizer,,,RH 60,,,,en:indonesia,,140 ml,,,,,,,,,,,,,,https://world.openfoodfacts.org/data,https://world.openfoodfacts.org/api/v2/search,2026-09-15T06:21:10.655304+00:00,community-contributed product label database,Open Database License (ODbL); individual contents under Database Contents License (DbCL),source-recorded; not independently label-verified,medium,missing_brand | missing_core_nutrition | missing_labels
off-id-8999908426505,8999908426505,Hemaviton c1000 lemon 330ml,Hemaviton c1000 lemon 330ml,,,RH 30,,,,en:indonesia,,1,,,,,,,,,,,,,,https://world.openfoodfacts.org/data,https://world.openfoodfacts.org/api/v2/search,2026-09-15T06:21:10.655304+00:00,community-contributed product label database,Open Database License (ODbL); individual contents under Database Contents License (DbCL),source-recorded; not independently label-verified,medium,missing_brand | missing_core_nutrition | missing_labels
off-id-8850389108055,8850389108055,Mogu Mogu Strawbery 320ml,Mogu Mogu Strawbery 320ml,Mogu mogu,,RH. 30,,,,en:indonesia,,1,,,,,,,,,,,,,,https://world.openfoodfacts.org/data,https://world.openfoodfacts.org/api/v2/search,2026-09-15T06:21:10.655304+00:00,community-contributed product label database,Open Database License (ODbL); individual contents under Database Contents License (DbCL),source-recorded; not independently label-verified,medium,missing_core_nutrition | missing_labels
off-id-8850389108048,8850389108048,Mango,Mango,Mogu mogu,,"Air, Nata De Coco (25%), Fruktosa, Sukrosa, Sari Buah Mangga (0.5%), Pengatur Keasaman Asam Sitrat, Perisa Sintetik Mangga, Pengawet Natrium Benzoat, Pewarna sintetik Tartrazin Cl No. 19140, Kuning FCF CI. No. 15985",,,,en:indonesia,,1,,,,,90,,,21,18,3,,0.05,0.02,https://world.openfoodfacts.org/data,https://world.openfoodfacts.org/api/v2/search,2026-09-15T06:21:10.655304+00:00,community-contributed product label database,Open Database License (ODbL); individual contents under Database Contents License (DbCL),source-recorded; not independently label-verified,medium,missing_labels
off-id-0053314502111,0053314502111,Kusuka Krip Sgk Barbeque,Kusuka Krip Sgk Barbeque,Kusuka,,RH. 30,,,,en:indonesia,,1,1 portion (100 g),,,335,80,4,1.5,11,1,,0,0.15,0.06,https://world.openfoodfacts.org/data,https://world.openfoodfacts.org/api/v2/search,2026-09-15T06:21:10.655304+00:00,community-contributed product label database,Open Database License (ODbL); individual contents under Database Contents License (DbCL),source-recorded; not independently label-verified,medium,missing_labels
off-id-0089686611670,0089686611670,Qtela Krip Sgk Barbeque 60gr,Qtela Krip Sgk Barbeque 60gr,,,RH. 7,,,,en:indonesia,,2,,,,,,,,,,,,,,https://world.openfoodfacts.org/data,https://world.openfoodfacts.org/api/v2/search,2026-09-15T06:21:10.655304+00:00,community-contributed product label database,Open Database License (ODbL); individual contents under Database Contents License (DbCL),source-recorded; not independently label-verified,medium,missing_brand | missing_core_nutrition | missing_labels
off-id-8997035601017,8997035601017,Pocari sweet ion 350ml,Pocari sweet ion 350ml,,en:beverages-and-beverages-preparations | en:beverages | en:waters | en:artificially-sweetened-beverages | en:diet-beverages,RH 60,,,,en:indonesia,,1,,,,,,,,,,,,,,https://world.openfoodfacts.org/data,https://world.openfoodfacts.org/api/v2/search,2026-09-15T06:21:10.655304+00:00,community-contributed product label database,Open Database License (ODbL); individual contents under Database Contents License (DbCL),source-recorded; not independently label-verified,medium,missing_brand | missing_core_nutrition | missing_labels
off-id-8997035111110,8997035111110,Pocari sweat can 330ml,Pocari sweat can 330ml,Otsuka,en:beverages-and-beverages-preparations | en:beverages | en:carbonated-drinks,RH 30,,,,en:indonesia,en:canned,1,330ml,Alfamart Indomaret,,,,,,,,,,,,https://world.openfoodfacts.org/data,https://world.openfoodfacts.org/api/v2/search,2026-09-15T06:21:10.655304+00:00,community-contributed product label database,Open Database License (ODbL); individual contents under Database Contents License (DbCL),source-recorded; not independently label-verified,medium,missing_core_nutrition | missing_labels
off-id-8995227502814,8995227502814,Cap panda selasih 310ml,Cap panda selasih 310ml,,en:beverages-and-beverages-preparations | en:beverages,"WATER, SUGAR, CINCAU (8.17%), BASIL SEEDS (8.06%), ONCAU LEAF (0.5%), CHRYSANTHEMUM INDICUM L, NATURAL LICORICE FLAVOUR, NATURAL CLASSI CARAMEL COLOUR",,,,en:indonesia,,1,310ml,,,0.0155290322580645,0.0032258064516129,0,0,8.06451612903226,8.06451612903226,0,0,0.00806451612903226,0.0032258064516129,https://world.openfoodfacts.org/data,https://world.openfoodfacts.org/api/v2/search,2026-09-15T06:21:10.655304+00:00,community-contributed product label database,Open Database License (ODbL); individual contents under Database Contents License (DbCL),source-recorded; not independently label-verified,medium,missing_brand | missing_labels
off-id-8998866608039,8998866608039,Kecap Manis Sedaap,Sedaap Kecap Manis Refill 77gr,Wingsfood,,,,en:halal,,en:indonesia,,77 ml,,,,,,,,,,,,,,https://world.openfoodfacts.org/data,https://world.openfoodfacts.org/api/v2/search,2026-09-15T06:21:10.655304+00:00,community-contributed product label database,Open Database License (ODbL); individual contents under Database Contents License (DbCL),source-recorded; not independently label-verified,medium,missing_ingredients | missing_core_nutrition
off-id-8991001503213,8991001503213,Maltitos - Malt Crunch,Maltitos - Malt Crunch,Delfi,,30,,,,en:indonesia,,28g,1 portion (20 g),,,2015,500,20,,70,40,,5,,,https://world.openfoodfacts.org/data,https://world.openfoodfacts.org/api/v2/search,2026-09-15T06:21:10.655304+00:00,community-contributed product label database,Open Database License (ODbL); individual contents under Database Contents License (DbCL),source-recorded; not independently label-verified,medium,missing_labels
off-id-8998866200578,8998866200578,Sedaap Kari Spesial 76G,Sedaap Mie Instant Kari Spesial 75 g,Wingsfood,,RH 30,,en:halal,,en:indonesia,,76g,76 g,,,2000,473.684210526316,22.3684210526316,,56.5789473684211,2.63157894736842,3.94736842105263,10.5263157894737,3.71710526315789,1.48684210526316,https://world.openfoodfacts.org/data,https://world.openfoodfacts.org/api/v2/search,2026-09-15T06:21:10.655304+00:00,community-contributed product label database,Open Database License (ODbL); individual contents under Database Contents License (DbCL),source-recorded; not independently label-verified,medium,
off-id-8995102708027,8995102708027,Mama Suka R. Laut Pgg 2x4.5gr,Mama Suka R. Laut Pgg 2x4.5gr,,,RH. 30,,en:halal,,en:indonesia,,1,,,,,,,,,,,,,,https://world.openfoodfacts.org/data,https://world.openfoodfacts.org/api/v2/search,2026-09-15T06:21:10.655304+00:00,community-contributed product label database,Open Database License (ODbL); individual contents under Database Contents License (DbCL),source-recorded; not independently label-verified,medium,missing_brand | missing_core_nutrition
off-id-8997004302600,8997004302600,Oishi Popy Pop Jg Bkr,Oishi Popy Pop Jg Bkr,,,RH.30,,,,en:indonesia,,1,,,,,,,,,,,,,,https://world.openfoodfacts.org/data,https://world.openfoodfacts.org/api/v2/search,2026-09-15T06:21:10.655304+00:00,community-contributed product label database,Open Database License (ODbL); individual contents under Database Contents License (DbCL),source-recorded; not independently label-verified,medium,missing_brand | missing_core_nutrition | missing_labels
off-id-8998866202459,8998866202459,Japota Potqto Seaweed 68gr,Japota Potqto Seaweed 68gr,,,RH. 30,,,,en:indonesia,,1,28g,,,1492.85714285714,357.142857142857,53.5714285714286,,,,,,,,https://world.openfoodfacts.org/data,https://world.openfoodfacts.org/api/v2/search,2026-09-15T06:21:10.655304+00:00,community-contributed product label database,Open Database License (ODbL); individual contents under Database Contents License (DbCL),source-recorded; not independently label-verified,medium,missing_brand | missing_labels
off-id-8997225200235,8997225200235,Bintang zero can,Bintang zero can,,en:Car,"AIR BERKARBONASI, EKSTRAK MALT BARLEY 7,7% (MENGANDUNG HOP), GULA, PERISA SINTETIK APEL, PENGATUR KEASAMAN ASAM sitrat",,,,en:indonesia,,1,250,,,,,,,,,,,,,https://world.openfoodfacts.org/data,https://world.openfoodfacts.org/api/v2/search,2026-09-15T06:21:10.655304+00:00,community-contributed product label database,Open Database License (ODbL); individual contents under Database Contents License (DbCL),source-recorded; not independently label-verified,medium,missing_brand | missing_core_nutrition | missing_labels
