Food Code,Food Name,Group,Number,Type,accessed_at,confidence_level,record_id,source_type,source_url,verification_status
HR005,"Alabio duck egg, fresh",Eggs,1,Raw,2026-09-15T06:22:31.314793+00:00,high,panganku-ifct-1,"Indonesian Food Composition Table (IFCT), searchable web table",https://www.panganku.org/en-EN/semua_nutrisi,official-source-recorded; values preserved as published
DR037,"Ambarella leaves, fresh",Vegetables,2,Raw,2026-09-15T06:22:31.314833+00:00,high,panganku-ifct-2,"Indonesian Food Composition Table (IFCT), searchable web table",https://www.panganku.org/en-EN/semua_nutrisi,official-source-recorded; values preserved as published
ER074,"Ambon banana, fresh",Fruits,3,Raw,2026-09-15T06:22:31.314839+00:00,high,panganku-ifct-3,"Indonesian Food Composition Table (IFCT), searchable web table",https://www.panganku.org/en-EN/semua_nutrisi,official-source-recorded; values preserved as published
DR072,"Ambon cassave leaves, fresh",Vegetables,4,Raw,2026-09-15T06:22:31.314844+00:00,high,panganku-ifct-4,"Indonesian Food Composition Table (IFCT), searchable web table",https://www.panganku.org/en-EN/semua_nutrisi,official-source-recorded; values preserved as published
DR054,"Ambon matel leaves, fresh",Vegetables,5,Raw,2026-09-15T06:22:31.314848+00:00,high,panganku-ifct-5,"Indonesian Food Composition Table (IFCT), searchable web table",https://www.panganku.org/en-EN/semua_nutrisi,official-source-recorded; values preserved as published
DR050,"American black nightshade leaves, fresh",Vegetables,6,Raw,2026-09-15T06:22:31.314853+00:00,high,panganku-ifct-6,"Indonesian Food Composition Table (IFCT), searchable web table",https://www.panganku.org/en-EN/semua_nutrisi,official-source-recorded; values preserved as published
AP026,Amparan tatak,Cereals,7,Processed/Products,2026-09-15T06:22:31.314857+00:00,high,panganku-ifct-7,"Indonesian Food Composition Table (IFCT), searchable web table",https://www.panganku.org/en-EN/semua_nutrisi,official-source-recorded; values preserved as published
DR073,"Ampenan cassava leaves, fresh",Vegetables,8,Raw,2026-09-15T06:22:31.314861+00:00,high,panganku-ifct-8,"Indonesian Food Composition Table (IFCT), searchable web table",https://www.panganku.org/en-EN/semua_nutrisi,official-source-recorded; values preserved as published
GP041,"Anchovy, dried, raw",Fish and Other Seafood,9,Processed/Products,2026-09-15T06:22:31.314865+00:00,high,panganku-ifct-9,"Indonesian Food Composition Table (IFCT), searchable web table",https://www.panganku.org/en-EN/semua_nutrisi,official-source-recorded; values preserved as published
GP042,"Anchovy, dried, unsalted, raw",Fish and Other Seafood,10,Processed/Products,2026-09-15T06:22:31.314870+00:00,high,panganku-ifct-10,"Indonesian Food Composition Table (IFCT), searchable web table",https://www.panganku.org/en-EN/semua_nutrisi,official-source-recorded; values preserved as published
GR078,"Anchovy, fresh",Fish and Other Seafood,11,Raw,2026-09-15T06:22:31.314873+00:00,high,panganku-ifct-11,"Indonesian Food Composition Table (IFCT), searchable web table",https://www.panganku.org/en-EN/semua_nutrisi,official-source-recorded; values preserved as published
GP043,"Anchovy, ground, raw",Fish and Other Seafood,12,Processed/Products,2026-09-15T06:22:31.314877+00:00,high,panganku-ifct-12,"Indonesian Food Composition Table (IFCT), searchable web table",https://www.panganku.org/en-EN/semua_nutrisi,official-source-recorded; values preserved as published
GP040,"Anchovy, ground, raw",Fish and Other Seafood,13,Processed/Products,2026-09-15T06:22:31.314881+00:00,high,panganku-ifct-13,"Indonesian Food Composition Table (IFCT), searchable web table",https://www.panganku.org/en-EN/semua_nutrisi,official-source-recorded; values preserved as published
DR003,"Andaliman, fresh",Vegetables,14,Raw,2026-09-15T06:22:31.314884+00:00,high,panganku-ifct-14,"Indonesian Food Composition Table (IFCT), searchable web table",https://www.panganku.org/en-EN/semua_nutrisi,official-source-recorded; values preserved as published
DR058,"Angled loofah leaves, fresh",Vegetables,15,Raw,2026-09-15T06:22:31.314888+00:00,high,panganku-ifct-15,"Indonesian Food Composition Table (IFCT), searchable web table",https://www.panganku.org/en-EN/semua_nutrisi,official-source-recorded; values preserved as published
DR083,"Angled loofah, fresh",Vegetables,16,Raw,2026-09-15T06:22:31.314892+00:00,high,panganku-ifct-16,"Indonesian Food Composition Table (IFCT), searchable web table",https://www.panganku.org/en-EN/semua_nutrisi,official-source-recorded; values preserved as published
ER075,"Angleng banana (ampyang banana), fresh",Fruits,17,Raw,2026-09-15T06:22:31.314895+00:00,high,panganku-ifct-17,"Indonesian Food Composition Table (IFCT), searchable web table",https://www.panganku.org/en-EN/semua_nutrisi,official-source-recorded; values preserved as published
DP023,"Anyang, vegetables",Vegetables,18,Processed/Products,2026-09-15T06:22:31.314899+00:00,high,panganku-ifct-18,"Indonesian Food Composition Table (IFCT), searchable web table",https://www.panganku.org/en-EN/semua_nutrisi,official-source-recorded; values preserved as published
AP027,"Apang, steamed, kue",Cereals,19,Processed/Products,2026-09-15T06:22:31.314903+00:00,high,panganku-ifct-19,"Indonesian Food Composition Table (IFCT), searchable web table",https://www.panganku.org/en-EN/semua_nutrisi,official-source-recorded; values preserved as published
AP028,"Apem, kue",Cereals,20,Processed/Products,2026-09-15T06:22:31.314906+00:00,high,panganku-ifct-20,"Indonesian Food Composition Table (IFCT), searchable web table",https://www.panganku.org/en-EN/semua_nutrisi,official-source-recorded; values preserved as published
ER004,"Apple, fresh",Fruits,21,Raw,2026-09-15T06:22:31.314910+00:00,high,panganku-ifct-21,"Indonesian Food Composition Table (IFCT), searchable web table",https://www.panganku.org/en-EN/semua_nutrisi,official-source-recorded; values preserved as published
DP024,"Ares, vegetables",Vegetables,22,Processed/Products,2026-09-15T06:22:31.314914+00:00,high,panganku-ifct-22,"Indonesian Food Composition Table (IFCT), searchable web table",https://www.panganku.org/en-EN/semua_nutrisi,official-source-recorded; values preserved as published
BP064,"Arrowroot, flour",Starchy Roots & Tubers,23,Processed/Products,2026-09-15T06:22:31.314917+00:00,high,panganku-ifct-23,"Indonesian Food Composition Table (IFCT), searchable web table",https://www.panganku.org/en-EN/semua_nutrisi,official-source-recorded; values preserved as published
BR001,"Arrowroot, fresh",Starchy Roots & Tubers,24,Raw,2026-09-15T06:22:31.314921+00:00,high,panganku-ifct-24,"Indonesian Food Composition Table (IFCT), searchable web table",https://www.panganku.org/en-EN/semua_nutrisi,official-source-recorded; values preserved as published
DP025,Arwan sisir,Vegetables,25,Processed/Products,2026-09-15T06:22:31.314925+00:00,high,panganku-ifct-25,"Indonesian Food Composition Table (IFCT), searchable web table",https://www.panganku.org/en-EN/semua_nutrisi,official-source-recorded; values preserved as published
NR001,"Asam arang coklat, fresh",Herbs and Spices,26,Raw,2026-09-15T06:22:31.314929+00:00,high,panganku-ifct-26,"Indonesian Food Composition Table (IFCT), searchable web table",https://www.panganku.org/en-EN/semua_nutrisi,official-source-recorded; values preserved as published
NR002,"Asam arang merah, fresh",Herbs and Spices,27,Raw,2026-09-15T06:22:31.314933+00:00,high,panganku-ifct-27,"Indonesian Food Composition Table (IFCT), searchable web table",https://www.panganku.org/en-EN/semua_nutrisi,official-source-recorded; values preserved as published
NR003,"Asam gelugur, dried",Herbs and Spices,28,Raw,2026-09-15T06:22:31.314936+00:00,high,panganku-ifct-28,"Indonesian Food Composition Table (IFCT), searchable web table",https://www.panganku.org/en-EN/semua_nutrisi,official-source-recorded; values preserved as published
NR004,"Asam gelugur, fresh",Herbs and Spices,29,Raw,2026-09-15T06:22:31.314939+00:00,high,panganku-ifct-29,"Indonesian Food Composition Table (IFCT), searchable web table",https://www.panganku.org/en-EN/semua_nutrisi,official-source-recorded; values preserved as published
ER016,"Asam paya, fresh",Fruits,30,Raw,2026-09-15T06:22:31.314943+00:00,high,panganku-ifct-30,"Indonesian Food Composition Table (IFCT), searchable web table",https://www.panganku.org/en-EN/semua_nutrisi,official-source-recorded; values preserved as published
NR006,"Asam payak, fresh",Herbs and Spices,31,Raw,2026-09-15T06:22:31.314946+00:00,high,panganku-ifct-31,"Indonesian Food Composition Table (IFCT), searchable web table",https://www.panganku.org/en-EN/semua_nutrisi,official-source-recorded; values preserved as published
DR006,"Ash gourd, fresh",Vegetables,32,Raw,2026-09-15T06:22:31.314950+00:00,high,panganku-ifct-32,"Indonesian Food Composition Table (IFCT), searchable web table",https://www.panganku.org/en-EN/semua_nutrisi,official-source-recorded; values preserved as published
GR011,"Asian swamp eel, fresh",Fish and Other Seafood,33,Raw,2026-09-15T06:22:31.314953+00:00,high,panganku-ifct-33,"Indonesian Food Composition Table (IFCT), searchable web table",https://www.panganku.org/en-EN/semua_nutrisi,official-source-recorded; values preserved as published
GR044,"Athlantic threadfin, fresh",Fish and Other Seafood,34,Raw,2026-09-15T06:22:31.314956+00:00,high,panganku-ifct-34,"Indonesian Food Composition Table (IFCT), searchable web table",https://www.panganku.org/en-EN/semua_nutrisi,official-source-recorded; values preserved as published
ER001,"Avocado, fresh",Fruits,35,Raw,2026-09-15T06:22:31.314960+00:00,high,panganku-ifct-35,"Indonesian Food Composition Table (IFCT), searchable web table",https://www.panganku.org/en-EN/semua_nutrisi,official-source-recorded; values preserved as published
ER076,"Ayam banana, fresh",Fruits,36,Raw,2026-09-15T06:22:31.314963+00:00,high,panganku-ifct-36,"Indonesian Food Composition Table (IFCT), searchable web table",https://www.panganku.org/en-EN/semua_nutrisi,official-source-recorded; values preserved as published
GP039,"Baby anchovies, dried, raw",Fish and Other Seafood,37,Processed/Products,2026-09-15T06:22:31.314966+00:00,high,panganku-ifct-37,"Indonesian Food Composition Table (IFCT), searchable web table",https://www.panganku.org/en-EN/semua_nutrisi,official-source-recorded; values preserved as published
AR015,"Baby corn, yellow, raw",Cereals,38,Raw,2026-09-15T06:22:31.314969+00:00,high,panganku-ifct-38,"Indonesian Food Composition Table (IFCT), searchable web table",https://www.panganku.org/en-EN/semua_nutrisi,official-source-recorded; values preserved as published
BP013,"Bagea, coconut, savory",Starchy Roots & Tubers,39,Processed/Products,2026-09-15T06:22:31.314973+00:00,high,panganku-ifct-39,"Indonesian Food Composition Table (IFCT), searchable web table",https://www.panganku.org/en-EN/semua_nutrisi,official-source-recorded; values preserved as published
BP014,"Bagea, coconut, sweet",Starchy Roots & Tubers,40,Processed/Products,2026-09-15T06:22:31.314977+00:00,high,panganku-ifct-40,"Indonesian Food Composition Table (IFCT), searchable web table",https://www.panganku.org/en-EN/semua_nutrisi,official-source-recorded; values preserved as published
BP015,"Bagea, pili nut, savory",Starchy Roots & Tubers,41,Processed/Products,2026-09-15T06:22:31.314980+00:00,high,panganku-ifct-41,"Indonesian Food Composition Table (IFCT), searchable web table",https://www.panganku.org/en-EN/semua_nutrisi,official-source-recorded; values preserved as published
BP016,"Bagea, pili nut, sweet",Starchy Roots & Tubers,42,Processed/Products,2026-09-15T06:22:31.314984+00:00,high,panganku-ifct-42,"Indonesian Food Composition Table (IFCT), searchable web table",https://www.panganku.org/en-EN/semua_nutrisi,official-source-recorded; values preserved as published
BP017,"Bagea, quality 1",Starchy Roots & Tubers,43,Processed/Products,2026-09-15T06:22:31.314988+00:00,high,panganku-ifct-43,"Indonesian Food Composition Table (IFCT), searchable web table",https://www.panganku.org/en-EN/semua_nutrisi,official-source-recorded; values preserved as published
BP018,"Bagea, quality 2",Starchy Roots & Tubers,44,Processed/Products,2026-09-15T06:22:31.314991+00:00,high,panganku-ifct-44,"Indonesian Food Composition Table (IFCT), searchable web table",https://www.panganku.org/en-EN/semua_nutrisi,official-source-recorded; values preserved as published
DR055,"Bago leaves, fresh",Vegetables,45,Raw,2026-09-15T06:22:31.314995+00:00,high,panganku-ifct-45,"Indonesian Food Composition Table (IFCT), searchable web table",https://www.panganku.org/en-EN/semua_nutrisi,official-source-recorded; values preserved as published
DR119,"Bago rind, fresh",Vegetables,46,Raw,2026-09-15T06:22:31.314999+00:00,high,panganku-ifct-46,"Indonesian Food Composition Table (IFCT), searchable web table",https://www.panganku.org/en-EN/semua_nutrisi,official-source-recorded; values preserved as published
DR128,"Bago, fresh",Vegetables,47,Raw,2026-09-15T06:22:31.315003+00:00,high,panganku-ifct-47,"Indonesian Food Composition Table (IFCT), searchable web table",https://www.panganku.org/en-EN/semua_nutrisi,official-source-recorded; values preserved as published
GR062,"Bagrid catfish, fresh",Fish and Other Seafood,48,Raw,2026-09-15T06:22:31.315006+00:00,high,panganku-ifct-48,"Indonesian Food Composition Table (IFCT), searchable web table",https://www.panganku.org/en-EN/semua_nutrisi,official-source-recorded; values preserved as published
AP030,"Bakpia, kue",Cereals,49,Processed/Products,2026-09-15T06:22:31.315010+00:00,high,panganku-ifct-49,"Indonesian Food Composition Table (IFCT), searchable web table",https://www.panganku.org/en-EN/semua_nutrisi,official-source-recorded; values preserved as published
AP031,Bakwan,Cereals,50,Processed/Products,2026-09-15T06:22:31.315013+00:00,high,panganku-ifct-50,"Indonesian Food Composition Table (IFCT), searchable web table",https://www.panganku.org/en-EN/semua_nutrisi,official-source-recorded; values preserved as published
GP093,"Balado anchovy, dish",Fish and Other Seafood,51,Processed/Products,2026-09-15T06:22:31.315017+00:00,high,panganku-ifct-51,"Indonesian Food Composition Table (IFCT), searchable web table",https://www.panganku.org/en-EN/semua_nutrisi,official-source-recorded; values preserved as published
DP060,Balamak pumpkin,Vegetables,52,Processed/Products,2026-09-15T06:22:31.315021+00:00,high,panganku-ifct-52,"Indonesian Food Composition Table (IFCT), searchable web table",https://www.panganku.org/en-EN/semua_nutrisi,official-source-recorded; values preserved as published
DR026,"Bali goseweed leaves, fresh",Vegetables,53,Raw,2026-09-15T06:22:31.315024+00:00,high,panganku-ifct-53,"Indonesian Food Composition Table (IFCT), searchable web table",https://www.panganku.org/en-EN/semua_nutrisi,official-source-recorded; values preserved as published
GR049,"Bali sardinella, fresh",Fish and Other Seafood,54,Raw,2026-09-15T06:22:31.315028+00:00,high,panganku-ifct-54,"Indonesian Food Composition Table (IFCT), searchable web table",https://www.panganku.org/en-EN/semua_nutrisi,official-source-recorded; values preserved as published
CP003,"Bambara groundnut, boiled",Grains and Legumes,55,Processed/Products,2026-09-15T06:22:31.315032+00:00,high,panganku-ifct-55,"Indonesian Food Composition Table (IFCT), searchable web table",https://www.panganku.org/en-EN/semua_nutrisi,official-source-recorded; values preserved as published
CR005,"Bambara groundnut, dried",Grains and Legumes,56,Raw,2026-09-15T06:22:31.315035+00:00,high,panganku-ifct-56,"Indonesian Food Composition Table (IFCT), searchable web table",https://www.panganku.org/en-EN/semua_nutrisi,official-source-recorded; values preserved as published
CR006,"Bambara groundnut, fresh",Grains and Legumes,57,Raw,2026-09-15T06:22:31.315039+00:00,high,panganku-ifct-57,"Indonesian Food Composition Table (IFCT), searchable web table",https://www.panganku.org/en-EN/semua_nutrisi,official-source-recorded; values preserved as published
CP002,"Bambara groundnut, fried",Grains and Legumes,58,Processed/Products,2026-09-15T06:22:31.315043+00:00,high,panganku-ifct-58,"Indonesian Food Composition Table (IFCT), searchable web table",https://www.panganku.org/en-EN/semua_nutrisi,official-source-recorded; values preserved as published
DR138,"Bamboo shoot, fresh",Vegetables,59,Raw,2026-09-15T06:22:31.315047+00:00,high,panganku-ifct-59,"Indonesian Food Composition Table (IFCT), searchable web table",https://www.panganku.org/en-EN/semua_nutrisi,official-source-recorded; values preserved as published
EP014,Banana flour,Fruits,60,Processed/Products,2026-09-15T06:22:31.315050+00:00,high,panganku-ifct-60,"Indonesian Food Composition Table (IFCT), searchable web table",https://www.panganku.org/en-EN/semua_nutrisi,official-source-recorded; values preserved as published
DR092,"Banana, flower, fresh",Vegetables,61,Raw,2026-09-15T06:22:31.315053+00:00,high,panganku-ifct-61,"Indonesian Food Composition Table (IFCT), searchable web table",https://www.panganku.org/en-EN/semua_nutrisi,official-source-recorded; values preserved as published
BP046,"Bangket, kue",Starchy Roots & Tubers,62,Processed/Products,2026-09-15T06:22:31.315057+00:00,high,panganku-ifct-62,"Indonesian Food Composition Table (IFCT), searchable web table",https://www.panganku.org/en-EN/semua_nutrisi,official-source-recorded; values preserved as published
GP025,"Banjar peda fish, mentah",Fish and Other Seafood,63,Processed/Products,2026-09-15T06:22:31.315061+00:00,high,panganku-ifct-63,"Indonesian Food Composition Table (IFCT), searchable web table",https://www.panganku.org/en-EN/semua_nutrisi,official-source-recorded; values preserved as published
AP032,Bantal,Cereals,64,Processed/Products,2026-09-15T06:22:31.315065+00:00,high,panganku-ifct-64,"Indonesian Food Composition Table (IFCT), searchable web table",https://www.panganku.org/en-EN/semua_nutrisi,official-source-recorded; values preserved as published
AR019,"Barley, raw",Cereals,65,Raw,2026-09-15T06:22:31.315068+00:00,high,panganku-ifct-65,"Indonesian Food Composition Table (IFCT), searchable web table",https://www.panganku.org/en-EN/semua_nutrisi,official-source-recorded; values preserved as published
EP001,Barongko,Fruits,66,Processed/Products,2026-09-15T06:22:31.315073+00:00,high,panganku-ifct-66,"Indonesian Food Composition Table (IFCT), searchable web table",https://www.panganku.org/en-EN/semua_nutrisi,official-source-recorded; values preserved as published
AP033,Baruasa,Cereals,67,Processed/Products,2026-09-15T06:22:31.315078+00:00,high,panganku-ifct-67,"Indonesian Food Composition Table (IFCT), searchable web table",https://www.panganku.org/en-EN/semua_nutrisi,official-source-recorded; values preserved as published
DR067,"Basil leaves, fresh",Vegetables,68,Raw,2026-09-15T06:22:31.315082+00:00,high,panganku-ifct-68,"Indonesian Food Composition Table (IFCT), searchable web table",https://www.panganku.org/en-EN/semua_nutrisi,official-source-recorded; values preserved as published
AP034,Batar daan,Cereals,69,Processed/Products,2026-09-15T06:22:31.315086+00:00,high,panganku-ifct-69,"Indonesian Food Composition Table (IFCT), searchable web table",https://www.panganku.org/en-EN/semua_nutrisi,official-source-recorded; values preserved as published
BP003,"Batatas tali, tubers, boiled",Starchy Roots & Tubers,70,Processed/Products,2026-09-15T06:22:31.315089+00:00,high,panganku-ifct-70,"Indonesian Food Composition Table (IFCT), searchable web table",https://www.panganku.org/en-EN/semua_nutrisi,official-source-recorded; values preserved as published
BR003,"Batatas, coconut, tubers, fresh",Starchy Roots & Tubers,71,Raw,2026-09-15T06:22:31.315094+00:00,high,panganku-ifct-71,"Indonesian Food Composition Table (IFCT), searchable web table",https://www.panganku.org/en-EN/semua_nutrisi,official-source-recorded; values preserved as published
BP001,"Batatas, coconut, tubers, grilled",Starchy Roots & Tubers,72,Processed/Products,2026-09-15T06:22:31.315098+00:00,high,panganku-ifct-72,"Indonesian Food Composition Table (IFCT), searchable web table",https://www.panganku.org/en-EN/semua_nutrisi,official-source-recorded; values preserved as published
BP002,"Batatas, coconut, tubers, steamed",Starchy Roots & Tubers,73,Processed/Products,2026-09-15T06:22:31.315102+00:00,high,panganku-ifct-73,"Indonesian Food Composition Table (IFCT), searchable web table",https://www.panganku.org/en-EN/semua_nutrisi,official-source-recorded; values preserved as published
BR002,"Batatas, lesser yam, fresh",Starchy Roots & Tubers,74,Raw,2026-09-15T06:22:31.315106+00:00,high,panganku-ifct-74,"Indonesian Food Composition Table (IFCT), searchable web table",https://www.panganku.org/en-EN/semua_nutrisi,official-source-recorded; values preserved as published
NR017,"Bay leaf, ground",Herbs and Spices,75,Raw,2026-09-15T06:22:31.315111+00:00,high,panganku-ifct-75,"Indonesian Food Composition Table (IFCT), searchable web table",https://www.panganku.org/en-EN/semua_nutrisi,official-source-recorded; values preserved as published
HP005,"Bayau mi balu, dish",Eggs,76,Processed/Products,2026-09-15T06:22:31.315115+00:00,high,panganku-ifct-76,"Indonesian Food Composition Table (IFCT), searchable web table",https://www.panganku.org/en-EN/semua_nutrisi,official-source-recorded; values preserved as published
DR002,"Bean sprouts, fresh",Vegetables,77,Raw,2026-09-15T06:22:31.315119+00:00,high,panganku-ifct-77,"Indonesian Food Composition Table (IFCT), searchable web table",https://www.panganku.org/en-EN/semua_nutrisi,official-source-recorded; values preserved as published
DR148,"Bean sprouts, fresh",Vegetables,78,Raw,2026-09-15T06:22:31.315124+00:00,high,panganku-ifct-78,"Indonesian Food Composition Table (IFCT), searchable web table",https://www.panganku.org/en-EN/semua_nutrisi,official-source-recorded; values preserved as published
DP003,"Bean, boiled",Vegetables,79,Processed/Products,2026-09-15T06:22:31.315128+00:00,high,panganku-ifct-79,"Indonesian Food Composition Table (IFCT), searchable web table",https://www.panganku.org/en-EN/semua_nutrisi,official-source-recorded; values preserved as published
DR013,"Bean, fresh",Vegetables,80,Raw,2026-09-15T06:22:31.315132+00:00,high,panganku-ifct-80,"Indonesian Food Composition Table (IFCT), searchable web table",https://www.panganku.org/en-EN/semua_nutrisi,official-source-recorded; values preserved as published
CP037,Beancurd,Grains and Legumes,81,Processed/Products,2026-09-15T06:22:31.315136+00:00,high,panganku-ifct-81,"Indonesian Food Composition Table (IFCT), searchable web table",https://www.panganku.org/en-EN/semua_nutrisi,official-source-recorded; values preserved as published
CP038,"Beancurd, steamed",Grains and Legumes,82,Processed/Products,2026-09-15T06:22:31.315140+00:00,high,panganku-ifct-82,"Indonesian Food Composition Table (IFCT), searchable web table",https://www.panganku.org/en-EN/semua_nutrisi,official-source-recorded; values preserved as published
DP026,Beberuk,Vegetables,83,Processed/Products,2026-09-15T06:22:31.315144+00:00,high,panganku-ifct-83,"Indonesian Food Composition Table (IFCT), searchable web table",https://www.panganku.org/en-EN/semua_nutrisi,official-source-recorded; values preserved as published
FP036,Beef burger,Meat and Poultry,84,Processed/Products,2026-09-15T06:22:31.315148+00:00,high,panganku-ifct-84,"Indonesian Food Composition Table (IFCT), searchable web table",https://www.panganku.org/en-EN/semua_nutrisi,official-source-recorded; values preserved as published
FP070,"Beef leg soup, dish",Meat and Poultry,85,Processed/Products,2026-09-15T06:22:31.315151+00:00,high,panganku-ifct-85,"Indonesian Food Composition Table (IFCT), searchable web table",https://www.panganku.org/en-EN/semua_nutrisi,official-source-recorded; values preserved as published
FP062,"Beef Rendang, dish",Meat and Poultry,86,Processed/Products,2026-09-15T06:22:31.315155+00:00,high,panganku-ifct-86,"Indonesian Food Composition Table (IFCT), searchable web table",https://www.panganku.org/en-EN/semua_nutrisi,official-source-recorded; values preserved as published
FP069,"Beef soup, dish",Meat and Poultry,87,Processed/Products,2026-09-15T06:22:31.315158+00:00,high,panganku-ifct-87,"Indonesian Food Composition Table (IFCT), searchable web table",https://www.panganku.org/en-EN/semua_nutrisi,official-source-recorded; values preserved as published
FP037,"Beef teriyaki, dish",Meat and Poultry,88,Processed/Products,2026-09-15T06:22:31.315162+00:00,high,panganku-ifct-88,"Indonesian Food Composition Table (IFCT), searchable web table",https://www.panganku.org/en-EN/semua_nutrisi,official-source-recorded; values preserved as published
FP038,"Beef yakiniku, dish",Meat and Poultry,89,Processed/Products,2026-09-15T06:22:31.315166+00:00,high,panganku-ifct-89,"Indonesian Food Composition Table (IFCT), searchable web table",https://www.panganku.org/en-EN/semua_nutrisi,official-source-recorded; values preserved as published
FR028,"Beef, black pudding/ blood",Meat and Poultry,90,Raw,2026-09-15T06:22:31.315169+00:00,high,panganku-ifct-90,"Indonesian Food Composition Table (IFCT), searchable web table",https://www.panganku.org/en-EN/semua_nutrisi,official-source-recorded; values preserved as published
FR032,"Beef, brain, fresh",Meat and Poultry,91,Raw,2026-09-15T06:22:31.315172+00:00,high,panganku-ifct-91,"Indonesian Food Composition Table (IFCT), searchable web table",https://www.panganku.org/en-EN/semua_nutrisi,official-source-recorded; values preserved as published
FR033,"Beef, intestine, fresh",Meat and Poultry,92,Raw,2026-09-15T06:22:31.315176+00:00,high,panganku-ifct-92,"Indonesian Food Composition Table (IFCT), searchable web table",https://www.panganku.org/en-EN/semua_nutrisi,official-source-recorded; values preserved as published
FR029,"Beef, kidney, fresh",Meat and Poultry,93,Raw,2026-09-15T06:22:31.315179+00:00,high,panganku-ifct-93,"Indonesian Food Composition Table (IFCT), searchable web table",https://www.panganku.org/en-EN/semua_nutrisi,official-source-recorded; values preserved as published
FR031,"Beef, liver, fresh",Meat and Poultry,94,Raw,2026-09-15T06:22:31.315184+00:00,high,panganku-ifct-94,"Indonesian Food Composition Table (IFCT), searchable web table",https://www.panganku.org/en-EN/semua_nutrisi,official-source-recorded; values preserved as published
FP017,"Beef, liverworst",Meat and Poultry,95,Processed/Products,2026-09-15T06:22:31.315188+00:00,high,panganku-ifct-95,"Indonesian Food Composition Table (IFCT), searchable web table",https://www.panganku.org/en-EN/semua_nutrisi,official-source-recorded; values preserved as published
FP019,"Beef, lung, fried",Meat and Poultry,96,Processed/Products,2026-09-15T06:22:31.315191+00:00,high,panganku-ifct-96,"Indonesian Food Composition Table (IFCT), searchable web table",https://www.panganku.org/en-EN/semua_nutrisi,official-source-recorded; values preserved as published
FP018,"Beef, lung, jerked meat, raw",Meat and Poultry,97,Processed/Products,2026-09-15T06:22:31.315195+00:00,high,panganku-ifct-97,"Indonesian Food Composition Table (IFCT), searchable web table",https://www.panganku.org/en-EN/semua_nutrisi,official-source-recorded; values preserved as published
FP015,"Beef, meat, corned",Meat and Poultry,98,Processed/Products,2026-09-15T06:22:31.315199+00:00,high,panganku-ifct-98,"Indonesian Food Composition Table (IFCT), searchable web table",https://www.panganku.org/en-EN/semua_nutrisi,official-source-recorded; values preserved as published
FR024,"Beef, meat, fat, fresh",Meat and Poultry,99,Raw,2026-09-15T06:22:31.315202+00:00,high,panganku-ifct-99,"Indonesian Food Composition Table (IFCT), searchable web table",https://www.panganku.org/en-EN/semua_nutrisi,official-source-recorded; values preserved as published
FP014,"Beef, meat, jerked meat, raw",Meat and Poultry,100,Processed/Products,2026-09-15T06:22:31.315205+00:00,high,panganku-ifct-100,"Indonesian Food Composition Table (IFCT), searchable web table",https://www.panganku.org/en-EN/semua_nutrisi,official-source-recorded; values preserved as published
FR025,"Beef, meat, laen, fresh",Meat and Poultry,101,Raw,2026-09-15T06:22:31.315209+00:00,high,panganku-ifct-101,"Indonesian Food Composition Table (IFCT), searchable web table",https://www.panganku.org/en-EN/semua_nutrisi,official-source-recorded; values preserved as published
FR026,"Beef, meat, medium fat, fresh",Meat and Poultry,102,Raw,2026-09-15T06:22:31.315212+00:00,high,panganku-ifct-102,"Indonesian Food Composition Table (IFCT), searchable web table",https://www.panganku.org/en-EN/semua_nutrisi,official-source-recorded; values preserved as published
FP013,"Beef, meat, smoked",Meat and Poultry,103,Processed/Products,2026-09-15T06:22:31.315215+00:00,high,panganku-ifct-103,"Indonesian Food Composition Table (IFCT), searchable web table",https://www.panganku.org/en-EN/semua_nutrisi,official-source-recorded; values preserved as published
FP016,"Beef, meat, worst",Meat and Poultry,104,Processed/Products,2026-09-15T06:22:31.315219+00:00,high,panganku-ifct-104,"Indonesian Food Composition Table (IFCT), searchable web table",https://www.panganku.org/en-EN/semua_nutrisi,official-source-recorded; values preserved as published
FR027,"Beef, offal, fresh",Meat and Poultry,105,Raw,2026-09-15T06:22:31.315222+00:00,high,panganku-ifct-105,"Indonesian Food Composition Table (IFCT), searchable web table",https://www.panganku.org/en-EN/semua_nutrisi,official-source-recorded; values preserved as published
FP011,"Beef, shredded",Meat and Poultry,106,Processed/Products,2026-09-15T06:22:31.315226+00:00,high,panganku-ifct-106,"Indonesian Food Composition Table (IFCT), searchable web table",https://www.panganku.org/en-EN/semua_nutrisi,official-source-recorded; values preserved as published
FP012,"Beef, shredded, original",Meat and Poultry,107,Processed/Products,2026-09-15T06:22:31.315230+00:00,high,panganku-ifct-107,"Indonesian Food Composition Table (IFCT), searchable web table",https://www.panganku.org/en-EN/semua_nutrisi,official-source-recorded; values preserved as published
FR023,"Beef, tripe (babat), fresh",Meat and Poultry,108,Raw,2026-09-15T06:22:31.315234+00:00,high,panganku-ifct-108,"Indonesian Food Composition Table (IFCT), searchable web table",https://www.panganku.org/en-EN/semua_nutrisi,official-source-recorded; values preserved as published
FR030,"Beef, tripe, fresh",Meat and Poultry,109,Raw,2026-09-15T06:22:31.315237+00:00,high,panganku-ifct-109,"Indonesian Food Composition Table (IFCT), searchable web table",https://www.panganku.org/en-EN/semua_nutrisi,official-source-recorded; values preserved as published
DR010,"Beets, fresh",Vegetables,110,Raw,2026-09-15T06:22:31.315241+00:00,high,panganku-ifct-110,"Indonesian Food Composition Table (IFCT), searchable web table",https://www.panganku.org/en-EN/semua_nutrisi,official-source-recorded; values preserved as published
NP003,Bekasang (fermented fish stomach),Herbs and Spices,111,Processed/Products,2026-09-15T06:22:31.315244+00:00,high,panganku-ifct-111,"Indonesian Food Composition Table (IFCT), searchable web table",https://www.panganku.org/en-EN/semua_nutrisi,official-source-recorded; values preserved as published
NP011,Belachan,Herbs and Spices,112,Processed/Products,2026-09-15T06:22:31.315247+00:00,high,panganku-ifct-112,"Indonesian Food Composition Table (IFCT), searchable web table",https://www.panganku.org/en-EN/semua_nutrisi,official-source-recorded; values preserved as published
DR020,"Belem leaf, fresh",Vegetables,113,Raw,2026-09-15T06:22:31.315251+00:00,high,panganku-ifct-113,"Indonesian Food Composition Table (IFCT), searchable web table",https://www.panganku.org/en-EN/semua_nutrisi,official-source-recorded; values preserved as published
BR004,"Belitung, taro, fresh",Starchy Roots & Tubers,114,Raw,2026-09-15T06:22:31.315254+00:00,high,panganku-ifct-114,"Indonesian Food Composition Table (IFCT), searchable web table",https://www.panganku.org/en-EN/semua_nutrisi,official-source-recorded; values preserved as published
BP004,"Belitung, taro, steamed",Starchy Roots & Tubers,115,Processed/Products,2026-09-15T06:22:31.315257+00:00,high,panganku-ifct-115,"Indonesian Food Composition Table (IFCT), searchable web table",https://www.panganku.org/en-EN/semua_nutrisi,official-source-recorded; values preserved as published
DR157,"Bengkulu eggplant, fresh",Vegetables,116,Raw,2026-09-15T06:22:31.315261+00:00,high,panganku-ifct-116,"Indonesian Food Composition Table (IFCT), searchable web table",https://www.panganku.org/en-EN/semua_nutrisi,official-source-recorded; values preserved as published
BR006,"Bentul (Komba),  taro, fresh",Starchy Roots & Tubers,117,Raw,2026-09-15T06:22:31.315265+00:00,high,panganku-ifct-117,"Indonesian Food Composition Table (IFCT), searchable web table",https://www.panganku.org/en-EN/semua_nutrisi,official-source-recorded; values preserved as published
BP005,"Bentul, taro, steamed",Starchy Roots & Tubers,118,Processed/Products,2026-09-15T06:22:31.315268+00:00,high,panganku-ifct-118,"Indonesian Food Composition Table (IFCT), searchable web table",https://www.panganku.org/en-EN/semua_nutrisi,official-source-recorded; values preserved as published
GP055,"Betok wadi, dish",Fish and Other Seafood,119,Processed/Products,2026-09-15T06:22:31.315271+00:00,high,panganku-ifct-119,"Indonesian Food Composition Table (IFCT), searchable web table",https://www.panganku.org/en-EN/semua_nutrisi,official-source-recorded; values preserved as published
GR069,"Bicolour eel, fresh",Fish and Other Seafood,120,Raw,2026-09-15T06:22:31.315275+00:00,high,panganku-ifct-120,"Indonesian Food Composition Table (IFCT), searchable web table",https://www.panganku.org/en-EN/semua_nutrisi,official-source-recorded; values preserved as published
AP035,Bika ambon,Cereals,121,Processed/Products,2026-09-15T06:22:31.315278+00:00,high,panganku-ifct-121,"Indonesian Food Composition Table (IFCT), searchable web table",https://www.panganku.org/en-EN/semua_nutrisi,official-source-recorded; values preserved as published
AP036,Bingka,Cereals,122,Processed/Products,2026-09-15T06:22:31.315358+00:00,high,panganku-ifct-122,"Indonesian Food Composition Table (IFCT), searchable web table",https://www.panganku.org/en-EN/semua_nutrisi,official-source-recorded; values preserved as published
FR015,"Birds, nests, fresh",Meat and Poultry,123,Raw,2026-09-15T06:22:31.315361+00:00,high,panganku-ifct-123,"Indonesian Food Composition Table (IFCT), searchable web table",https://www.panganku.org/en-EN/semua_nutrisi,official-source-recorded; values preserved as published
AP029,Biscuits,Cereals,124,Processed/Products,2026-09-15T06:22:31.315365+00:00,high,panganku-ifct-124,"Indonesian Food Composition Table (IFCT), searchable web table",https://www.panganku.org/en-EN/semua_nutrisi,official-source-recorded; values preserved as published
DR134,"Bitter (petai) bean, fresh",Vegetables,125,Raw,2026-09-15T06:22:31.315368+00:00,high,panganku-ifct-125,"Indonesian Food Composition Table (IFCT), searchable web table",https://www.panganku.org/en-EN/semua_nutrisi,official-source-recorded; values preserved as published
MP002,"Bitter chocolate, bar",Convectionery,126,Processed/Products,2026-09-15T06:22:31.315372+00:00,high,panganku-ifct-126,"Indonesian Food Composition Table (IFCT), searchable web table",https://www.panganku.org/en-EN/semua_nutrisi,official-source-recorded; values preserved as published
DR103,Bitter gourd,Vegetables,127,Raw,2026-09-15T06:22:31.315375+00:00,high,panganku-ifct-127,"Indonesian Food Composition Table (IFCT), searchable web table",https://www.panganku.org/en-EN/semua_nutrisi,official-source-recorded; values preserved as published
DR064,"Bitter melon leaves, fresh",Vegetables,128,Raw,2026-09-15T06:22:31.315379+00:00,high,panganku-ifct-128,"Indonesian Food Composition Table (IFCT), searchable web table",https://www.panganku.org/en-EN/semua_nutrisi,official-source-recorded; values preserved as published
DR136,"Black nighshade leaves, fresh",Vegetables,129,Raw,2026-09-15T06:22:31.315382+00:00,high,panganku-ifct-129,"Indonesian Food Composition Table (IFCT), searchable web table",https://www.panganku.org/en-EN/semua_nutrisi,official-source-recorded; values preserved as published
DR127,"Black nighshade, fresh",Vegetables,130,Raw,2026-09-15T06:22:31.315386+00:00,high,panganku-ifct-130,"Indonesian Food Composition Table (IFCT), searchable web table",https://www.panganku.org/en-EN/semua_nutrisi,official-source-recorded; values preserved as published
CR015,"Black soybean, dried",Grains and Legumes,131,Raw,2026-09-15T06:22:31.315389+00:00,high,panganku-ifct-131,"Indonesian Food Composition Table (IFCT), searchable web table",https://www.panganku.org/en-EN/semua_nutrisi,official-source-recorded; values preserved as published
CP014,"Black-eyed pea, boiled",Grains and Legumes,132,Processed/Products,2026-09-15T06:22:31.315393+00:00,high,panganku-ifct-132,"Indonesian Food Composition Table (IFCT), searchable web table",https://www.panganku.org/en-EN/semua_nutrisi,official-source-recorded; values preserved as published
CR033,"Black-eyed pea, dried",Grains and Legumes,133,Raw,2026-09-15T06:22:31.315396+00:00,high,panganku-ifct-133,"Indonesian Food Composition Table (IFCT), searchable web table",https://www.panganku.org/en-EN/semua_nutrisi,official-source-recorded; values preserved as published
GP034,"Blackbanded trevally, cue, raw",Fish and Other Seafood,134,Processed/Products,2026-09-15T06:22:31.315400+00:00,high,panganku-ifct-134,"Indonesian Food Composition Table (IFCT), searchable web table",https://www.panganku.org/en-EN/semua_nutrisi,official-source-recorded; values preserved as published
GR067,"Blackbanded trevally, fresh",Fish and Other Seafood,135,Raw,2026-09-15T06:22:31.315404+00:00,high,panganku-ifct-135,"Indonesian Food Composition Table (IFCT), searchable web table",https://www.panganku.org/en-EN/semua_nutrisi,official-source-recorded; values preserved as published
GR003,"Blackfin snapper, fresh",Fish and Other Seafood,136,Raw,2026-09-15T06:22:31.315408+00:00,high,panganku-ifct-136,"Indonesian Food Composition Table (IFCT), searchable web table",https://www.panganku.org/en-EN/semua_nutrisi,official-source-recorded; values preserved as published
GR063,"Blue crab, fresh",Fish and Other Seafood,137,Raw,2026-09-15T06:22:31.315412+00:00,high,panganku-ifct-137,"Indonesian Food Composition Table (IFCT), searchable web table",https://www.panganku.org/en-EN/semua_nutrisi,official-source-recorded; values preserved as published
AP037,Bobengka,Cereals,138,Processed/Products,2026-09-15T06:22:31.315416+00:00,high,panganku-ifct-138,"Indonesian Food Composition Table (IFCT), searchable web table",https://www.panganku.org/en-EN/semua_nutrisi,official-source-recorded; values preserved as published
DP022,"Bogor pickled, vegetables",Vegetables,139,Processed/Products,2026-09-15T06:22:31.315419+00:00,high,panganku-ifct-139,"Indonesian Food Composition Table (IFCT), searchable web table",https://www.panganku.org/en-EN/semua_nutrisi,official-source-recorded; values preserved as published
AP038,Bolu peca,Cereals,140,Processed/Products,2026-09-15T06:22:31.315423+00:00,high,panganku-ifct-140,"Indonesian Food Composition Table (IFCT), searchable web table",https://www.panganku.org/en-EN/semua_nutrisi,official-source-recorded; values preserved as published
GP056,"Bou ninahu ndamate, dish",Fish and Other Seafood,141,Processed/Products,2026-09-15T06:22:31.315427+00:00,high,panganku-ifct-141,"Indonesian Food Composition Table (IFCT), searchable web table",https://www.panganku.org/en-EN/semua_nutrisi,official-source-recorded; values preserved as published
GP057,"Bouiki ninahu nggaluku, dish",Fish and Other Seafood,142,Processed/Products,2026-09-15T06:22:31.315430+00:00,high,panganku-ifct-142,"Indonesian Food Composition Table (IFCT), searchable web table",https://www.panganku.org/en-EN/semua_nutrisi,official-source-recorded; values preserved as published
ER055,"Brazilian mango, fresh",Fruits,143,Raw,2026-09-15T06:22:31.315434+00:00,high,panganku-ifct-143,"Indonesian Food Composition Table (IFCT), searchable web table",https://www.panganku.org/en-EN/semua_nutrisi,official-source-recorded; values preserved as published
AP024,"Bread, white",Cereals,144,Processed/Products,2026-09-15T06:22:31.315437+00:00,high,panganku-ifct-144,"Indonesian Food Composition Table (IFCT), searchable web table",https://www.panganku.org/en-EN/semua_nutrisi,official-source-recorded; values preserved as published
EP015,Breadfruit flour,Fruits,145,Processed/Products,2026-09-15T06:22:31.315441+00:00,high,panganku-ifct-145,"Indonesian Food Composition Table (IFCT), searchable web table",https://www.panganku.org/en-EN/semua_nutrisi,official-source-recorded; values preserved as published
DR106,"Breadfruit, fresh",Vegetables,146,Raw,2026-09-15T06:22:31.315445+00:00,high,panganku-ifct-146,"Indonesian Food Composition Table (IFCT), searchable web table",https://www.panganku.org/en-EN/semua_nutrisi,official-source-recorded; values preserved as published
JR002,Breastmilk,Milk and Dairy Products,147,Raw,2026-09-15T06:22:31.315448+00:00,high,panganku-ifct-147,"Indonesian Food Composition Table (IFCT), searchable web table",https://www.panganku.org/en-EN/semua_nutrisi,official-source-recorded; values preserved as published
AP039,Brem,Cereals,148,Processed/Products,2026-09-15T06:22:31.315452+00:00,high,panganku-ifct-148,"Indonesian Food Composition Table (IFCT), searchable web table",https://www.panganku.org/en-EN/semua_nutrisi,official-source-recorded; values preserved as published
FP039,Brongkos,Meat and Poultry,149,Processed/Products,2026-09-15T06:22:31.315456+00:00,high,panganku-ifct-149,"Indonesian Food Composition Table (IFCT), searchable web table",https://www.panganku.org/en-EN/semua_nutrisi,official-source-recorded; values preserved as published
KR006,Buffalo fat (cow fat),Fat and Oil,150,Raw,2026-09-15T06:22:31.315461+00:00,high,panganku-ifct-150,"Indonesian Food Composition Table (IFCT), searchable web table",https://www.panganku.org/en-EN/semua_nutrisi,official-source-recorded; values preserved as published
JR004,"Buffalo milk, fresh",Milk and Dairy Products,151,Raw,2026-09-15T06:22:31.315465+00:00,high,panganku-ifct-151,"Indonesian Food Composition Table (IFCT), searchable web table",https://www.panganku.org/en-EN/semua_nutrisi,official-source-recorded; values preserved as published
FR021,"Buffalo, meat, fresh",Meat and Poultry,152,Raw,2026-09-15T06:22:31.315468+00:00,high,panganku-ifct-152,"Indonesian Food Composition Table (IFCT), searchable web table",https://www.panganku.org/en-EN/semua_nutrisi,official-source-recorded; values preserved as published
FP040,"Bulgogi, dish",Meat and Poultry,153,Processed/Products,2026-09-15T06:22:31.315472+00:00,high,panganku-ifct-153,"Indonesian Food Composition Table (IFCT), searchable web table",https://www.panganku.org/en-EN/semua_nutrisi,official-source-recorded; values preserved as published
AP104,"Bun, dark brown skin",Cereals,154,Processed/Products,2026-09-15T06:22:31.315476+00:00,high,panganku-ifct-154,"Indonesian Food Composition Table (IFCT), searchable web table",https://www.panganku.org/en-EN/semua_nutrisi,official-source-recorded; values preserved as published
KP002,Butter,Fat and Oil,155,Processed/Products,2026-09-15T06:22:31.315479+00:00,high,panganku-ifct-155,"Indonesian Food Composition Table (IFCT), searchable web table",https://www.panganku.org/en-EN/semua_nutrisi,official-source-recorded; values preserved as published
CR023,"Butter nut, dried",Grains and Legumes,156,Raw,2026-09-15T06:22:31.315483+00:00,high,panganku-ifct-156,"Indonesian Food Composition Table (IFCT), searchable web table",https://www.panganku.org/en-EN/semua_nutrisi,official-source-recorded; values preserved as published
DR044,"Cabbage leaves, fresh",Vegetables,157,Raw,2026-09-15T06:22:31.315486+00:00,high,panganku-ifct-157,"Indonesian Food Composition Table (IFCT), searchable web table",https://www.panganku.org/en-EN/semua_nutrisi,official-source-recorded; values preserved as published
GR024,"Caesionidae, fresh",Fish and Other Seafood,158,Raw,2026-09-15T06:22:31.315490+00:00,high,panganku-ifct-158,"Indonesian Food Composition Table (IFCT), searchable web table",https://www.panganku.org/en-EN/semua_nutrisi,official-source-recorded; values preserved as published
HR002,"Caged egg, fresh",Eggs,159,Raw,2026-09-15T06:22:31.315493+00:00,high,panganku-ifct-159,"Indonesian Food Composition Table (IFCT), searchable web table",https://www.panganku.org/en-EN/semua_nutrisi,official-source-recorded; values preserved as published
HR004,"Caged egg, white (albumen), fresh",Eggs,160,Raw,2026-09-15T06:22:31.315496+00:00,high,panganku-ifct-160,"Indonesian Food Composition Table (IFCT), searchable web table",https://www.panganku.org/en-EN/semua_nutrisi,official-source-recorded; values preserved as published
HR003,"Caged egg, yolk, fresh",Eggs,161,Raw,2026-09-15T06:22:31.315500+00:00,high,panganku-ifct-161,"Indonesian Food Composition Table (IFCT), searchable web table",https://www.panganku.org/en-EN/semua_nutrisi,official-source-recorded; values preserved as published
DR121,"Calabash, fresh",Vegetables,162,Raw,2026-09-15T06:22:31.315503+00:00,high,panganku-ifct-162,"Indonesian Food Composition Table (IFCT), searchable web table",https://www.panganku.org/en-EN/semua_nutrisi,official-source-recorded; values preserved as published
ER038,"Calamansi, fresh",Fruits,163,Raw,2026-09-15T06:22:31.315506+00:00,high,panganku-ifct-163,"Indonesian Food Composition Table (IFCT), searchable web table",https://www.panganku.org/en-EN/semua_nutrisi,official-source-recorded; values preserved as published
DP029,Cammetutu,Vegetables,164,Processed/Products,2026-09-15T06:22:31.315510+00:00,high,panganku-ifct-164,"Indonesian Food Composition Table (IFCT), searchable web table",https://www.panganku.org/en-EN/semua_nutrisi,official-source-recorded; values preserved as published
NR019,Candlenut,Herbs and Spices,165,Raw,2026-09-15T06:22:31.315513+00:00,high,panganku-ifct-165,"Indonesian Food Composition Table (IFCT), searchable web table",https://www.panganku.org/en-EN/semua_nutrisi,official-source-recorded; values preserved as published
AP042,Cangkuning,Cereals,166,Processed/Products,2026-09-15T06:22:31.315516+00:00,high,panganku-ifct-166,"Indonesian Food Composition Table (IFCT), searchable web table",https://www.panganku.org/en-EN/semua_nutrisi,official-source-recorded; values preserved as published
GP049,Canned sardine,Fish and Other Seafood,167,Processed/Products,2026-09-15T06:22:31.315525+00:00,high,panganku-ifct-167,"Indonesian Food Composition Table (IFCT), searchable web table",https://www.panganku.org/en-EN/semua_nutrisi,official-source-recorded; values preserved as published
DP030,"Cap cai, vegetables",Vegetables,168,Processed/Products,2026-09-15T06:22:31.315528+00:00,high,panganku-ifct-168,"Indonesian Food Composition Table (IFCT), searchable web table",https://www.panganku.org/en-EN/semua_nutrisi,official-source-recorded; values preserved as published
ER103,"Caqui, fresh",Fruits,169,Raw,2026-09-15T06:22:31.315532+00:00,high,panganku-ifct-169,"Indonesian Food Composition Table (IFCT), searchable web table",https://www.panganku.org/en-EN/semua_nutrisi,official-source-recorded; values preserved as published
DP020,"Carrot, boiled",Vegetables,170,Processed/Products,2026-09-15T06:22:31.315535+00:00,high,panganku-ifct-170,"Indonesian Food Composition Table (IFCT), searchable web table",https://www.panganku.org/en-EN/semua_nutrisi,official-source-recorded; values preserved as published
DR166,"Carrot, fresh",Vegetables,171,Raw,2026-09-15T06:22:31.315539+00:00,high,panganku-ifct-171,"Indonesian Food Composition Table (IFCT), searchable web table",https://www.panganku.org/en-EN/semua_nutrisi,official-source-recorded; values preserved as published
DP021,"Carrot, steamed",Vegetables,172,Processed/Products,2026-09-15T06:22:31.315542+00:00,high,panganku-ifct-172,"Indonesian Food Composition Table (IFCT), searchable web table",https://www.panganku.org/en-EN/semua_nutrisi,official-source-recorded; values preserved as published
ER034,"Cashew apple, fresh",Fruits,173,Raw,2026-09-15T06:22:31.315546+00:00,high,panganku-ifct-173,"Indonesian Food Composition Table (IFCT), searchable web table",https://www.panganku.org/en-EN/semua_nutrisi,official-source-recorded; values preserved as published
CR028,"Cashew nut, fresh",Grains and Legumes,174,Raw,2026-09-15T06:22:31.315549+00:00,high,panganku-ifct-174,"Indonesian Food Composition Table (IFCT), searchable web table",https://www.panganku.org/en-EN/semua_nutrisi,official-source-recorded; values preserved as published
CP010,"Cashew nut, fried",Grains and Legumes,175,Processed/Products,2026-09-15T06:22:31.315552+00:00,high,panganku-ifct-175,"Indonesian Food Composition Table (IFCT), searchable web table",https://www.panganku.org/en-EN/semua_nutrisi,official-source-recorded; values preserved as published
DP008,"Cassava leaves, boiled",Vegetables,176,Processed/Products,2026-09-15T06:22:31.315556+00:00,high,panganku-ifct-176,"Indonesian Food Composition Table (IFCT), searchable web table",https://www.panganku.org/en-EN/semua_nutrisi,official-source-recorded; values preserved as published
DR071,"Cassava leaves,fresh",Vegetables,177,Raw,2026-09-15T06:22:31.315559+00:00,high,panganku-ifct-177,"Indonesian Food Composition Table (IFCT), searchable web table",https://www.panganku.org/en-EN/semua_nutrisi,official-source-recorded; values preserved as published
BP025,"Cassava, ceriping getuk",Starchy Roots & Tubers,178,Processed/Products,2026-09-15T06:22:31.315563+00:00,high,panganku-ifct-178,"Indonesian Food Composition Table (IFCT), searchable web table",https://www.panganku.org/en-EN/semua_nutrisi,official-source-recorded; values preserved as published
BP037,"Cassava, chips",Starchy Roots & Tubers,179,Processed/Products,2026-09-15T06:22:31.315566+00:00,high,panganku-ifct-179,"Indonesian Food Composition Table (IFCT), searchable web table",https://www.panganku.org/en-EN/semua_nutrisi,official-source-recorded; values preserved as published
BP038,"Cassava, chips, seasoned",Starchy Roots & Tubers,180,Processed/Products,2026-09-15T06:22:31.315569+00:00,high,panganku-ifct-180,"Indonesian Food Composition Table (IFCT), searchable web table",https://www.panganku.org/en-EN/semua_nutrisi,official-source-recorded; values preserved as published
BR016,"Cassava, fresh",Starchy Roots & Tubers,181,Raw,2026-09-15T06:22:31.315573+00:00,high,panganku-ifct-181,"Indonesian Food Composition Table (IFCT), searchable web table",https://www.panganku.org/en-EN/semua_nutrisi,official-source-recorded; values preserved as published
BP029,"Cassava, getuk",Starchy Roots & Tubers,182,Processed/Products,2026-09-15T06:22:31.315576+00:00,high,panganku-ifct-182,"Indonesian Food Composition Table (IFCT), searchable web table",https://www.panganku.org/en-EN/semua_nutrisi,official-source-recorded; values preserved as published
BP033,"Cassava, kecimpring, fried",Starchy Roots & Tubers,183,Processed/Products,2026-09-15T06:22:31.315579+00:00,high,panganku-ifct-183,"Indonesian Food Composition Table (IFCT), searchable web table",https://www.panganku.org/en-EN/semua_nutrisi,official-source-recorded; values preserved as published
BP066,"Cassava, sliced, dried, flour",Starchy Roots & Tubers,184,Processed/Products,2026-09-15T06:22:31.315583+00:00,high,panganku-ifct-184,"Indonesian Food Composition Table (IFCT), searchable web table",https://www.panganku.org/en-EN/semua_nutrisi,official-source-recorded; values preserved as published
BP008,"Cassava, steamed",Starchy Roots & Tubers,185,Processed/Products,2026-09-15T06:22:31.315587+00:00,high,panganku-ifct-185,"Indonesian Food Composition Table (IFCT), searchable web table",https://www.panganku.org/en-EN/semua_nutrisi,official-source-recorded; values preserved as published
BP063,"Cassava, tapai",Starchy Roots & Tubers,186,Processed/Products,2026-09-15T06:22:31.315590+00:00,high,panganku-ifct-186,"Indonesian Food Composition Table (IFCT), searchable web table",https://www.panganku.org/en-EN/semua_nutrisi,official-source-recorded; values preserved as published
BP024,Cassavastick,Starchy Roots & Tubers,187,Processed/Products,2026-09-15T06:22:31.315594+00:00,high,panganku-ifct-187,"Indonesian Food Composition Table (IFCT), searchable web table",https://www.panganku.org/en-EN/semua_nutrisi,official-source-recorded; values preserved as published
CR004,"Castor bean, fresh",Grains and Legumes,188,Raw,2026-09-15T06:22:31.315597+00:00,high,panganku-ifct-188,"Indonesian Food Composition Table (IFCT), searchable web table",https://www.panganku.org/en-EN/semua_nutrisi,official-source-recorded; values preserved as published
GP084,"Catfish pencok, dish",Fish and Other Seafood,189,Processed/Products,2026-09-15T06:22:31.315600+00:00,high,panganku-ifct-189,"Indonesian Food Composition Table (IFCT), searchable web table",https://www.panganku.org/en-EN/semua_nutrisi,official-source-recorded; values preserved as published
GR045,"Catfish, fresh",Fish and Other Seafood,190,Raw,2026-09-15T06:22:31.315604+00:00,high,panganku-ifct-190,"Indonesian Food Composition Table (IFCT), searchable web table",https://www.panganku.org/en-EN/semua_nutrisi,official-source-recorded; values preserved as published
GR055,"Catfish, fresh",Fish and Other Seafood,191,Raw,2026-09-15T06:22:31.315607+00:00,high,panganku-ifct-191,"Indonesian Food Composition Table (IFCT), searchable web table",https://www.panganku.org/en-EN/semua_nutrisi,official-source-recorded; values preserved as published
DR113,"Cauli flower, fresh",Vegetables,192,Raw,2026-09-15T06:22:31.315610+00:00,high,panganku-ifct-192,"Indonesian Food Composition Table (IFCT), searchable web table",https://www.panganku.org/en-EN/semua_nutrisi,official-source-recorded; values preserved as published
DR034,"Ceara rubber leaves, fresh",Vegetables,193,Raw,2026-09-15T06:22:31.315614+00:00,high,panganku-ifct-193,"Indonesian Food Composition Table (IFCT), searchable web table",https://www.panganku.org/en-EN/semua_nutrisi,official-source-recorded; values preserved as published
ER057,"Cedar bay mango, fresh",Fruits,194,Raw,2026-09-15T06:22:31.315617+00:00,high,panganku-ifct-194,"Indonesian Food Composition Table (IFCT), searchable web table",https://www.panganku.org/en-EN/semua_nutrisi,official-source-recorded; values preserved as published
DR147,"Celery, fresh",Vegetables,195,Raw,2026-09-15T06:22:31.315621+00:00,high,panganku-ifct-195,"Indonesian Food Composition Table (IFCT), searchable web table",https://www.panganku.org/en-EN/semua_nutrisi,official-source-recorded; values preserved as published
ER021,"Cempedak (Artocarpus integer), fresh",Fruits,196,Raw,2026-09-15T06:22:31.315624+00:00,high,panganku-ifct-196,"Indonesian Food Composition Table (IFCT), searchable web table",https://www.panganku.org/en-EN/semua_nutrisi,official-source-recorded; values preserved as published
DR028,"Chasew leaves, unripe, fresh",Vegetables,197,Raw,2026-09-15T06:22:31.315628+00:00,high,panganku-ifct-197,"Indonesian Food Composition Table (IFCT), searchable web table",https://www.panganku.org/en-EN/semua_nutrisi,official-source-recorded; values preserved as published
DR046,"Chayote leaves, fresh",Vegetables,198,Raw,2026-09-15T06:22:31.315631+00:00,high,panganku-ifct-198,"Indonesian Food Composition Table (IFCT), searchable web table",https://www.panganku.org/en-EN/semua_nutrisi,official-source-recorded; values preserved as published
DR123,"Chayote, fresh",Vegetables,199,Raw,2026-09-15T06:22:31.315635+00:00,high,panganku-ifct-199,"Indonesian Food Composition Table (IFCT), searchable web table",https://www.panganku.org/en-EN/semua_nutrisi,official-source-recorded; values preserved as published
JP003,Cheese,Milk and Dairy Products,200,Processed/Products,2026-09-15T06:22:31.315639+00:00,high,panganku-ifct-200,"Indonesian Food Composition Table (IFCT), searchable web table",https://www.panganku.org/en-EN/semua_nutrisi,official-source-recorded; values preserved as published
HP001,"Chicken egg, omelette, dish",Eggs,201,Processed/Products,2026-09-15T06:22:31.315642+00:00,high,panganku-ifct-201,"Indonesian Food Composition Table (IFCT), searchable web table",https://www.panganku.org/en-EN/semua_nutrisi,official-source-recorded; values preserved as published
FP041,"Chicken teriyaki, dish",Meat and Poultry,202,Processed/Products,2026-09-15T06:22:31.315646+00:00,high,panganku-ifct-202,"Indonesian Food Composition Table (IFCT), searchable web table",https://www.panganku.org/en-EN/semua_nutrisi,official-source-recorded; values preserved as published
FR006,"Chicken, black pudding/blood, fresh",Meat and Poultry,203,Raw,2026-09-15T06:22:31.315650+00:00,high,panganku-ifct-203,"Indonesian Food Composition Table (IFCT), searchable web table",https://www.panganku.org/en-EN/semua_nutrisi,official-source-recorded; values preserved as published
FP001,"Chicken, gizzard, fried",Meat and Poultry,204,Processed/Products,2026-09-15T06:22:31.315653+00:00,high,panganku-ifct-204,"Indonesian Food Composition Table (IFCT), searchable web table",https://www.panganku.org/en-EN/semua_nutrisi,official-source-recorded; values preserved as published
FP002,"Chicken, intestine, fried",Meat and Poultry,205,Processed/Products,2026-09-15T06:22:31.315656+00:00,high,panganku-ifct-205,"Indonesian Food Composition Table (IFCT), searchable web table",https://www.panganku.org/en-EN/semua_nutrisi,official-source-recorded; values preserved as published
FR007,"Chicken, liver, fresh",Meat and Poultry,206,Raw,2026-09-15T06:22:31.315660+00:00,high,panganku-ifct-206,"Indonesian Food Composition Table (IFCT), searchable web table",https://www.panganku.org/en-EN/semua_nutrisi,official-source-recorded; values preserved as published
FR005,"Chicken, meat, fresh",Meat and Poultry,207,Raw,2026-09-15T06:22:31.315664+00:00,high,panganku-ifct-207,"Indonesian Food Composition Table (IFCT), searchable web table",https://www.panganku.org/en-EN/semua_nutrisi,official-source-recorded; values preserved as published
CR001,"Chickpea, dried",Grains and Legumes,208,Raw,2026-09-15T06:22:31.315667+00:00,high,panganku-ifct-208,"Indonesian Food Composition Table (IFCT), searchable web table",https://www.panganku.org/en-EN/semua_nutrisi,official-source-recorded; values preserved as published
FP042,"Chikiniku, dish",Meat and Poultry,209,Processed/Products,2026-09-15T06:22:31.315670+00:00,high,panganku-ifct-209,"Indonesian Food Composition Table (IFCT), searchable web table",https://www.panganku.org/en-EN/semua_nutrisi,official-source-recorded; values preserved as published
DR032,"Chinese Motherwort leaves, fresh",Vegetables,210,Raw,2026-09-15T06:22:31.315673+00:00,high,panganku-ifct-210,"Indonesian Food Composition Table (IFCT), searchable web table",https://www.panganku.org/en-EN/semua_nutrisi,official-source-recorded; values preserved as published
BR032,Chinese yam,Starchy Roots & Tubers,211,Raw,2026-09-15T06:22:31.315677+00:00,high,panganku-ifct-211,"Indonesian Food Composition Table (IFCT), searchable web table",https://www.panganku.org/en-EN/semua_nutrisi,official-source-recorded; values preserved as published
BP012,"Chinese yam, steamed",Starchy Roots & Tubers,212,Processed/Products,2026-09-15T06:22:31.315680+00:00,high,panganku-ifct-212,"Indonesian Food Composition Table (IFCT), searchable web table",https://www.panganku.org/en-EN/semua_nutrisi,official-source-recorded; values preserved as published
DR016,"Choy sum, fresh",Vegetables,213,Raw,2026-09-15T06:22:31.315684+00:00,high,panganku-ifct-213,"Indonesian Food Composition Table (IFCT), searchable web table",https://www.panganku.org/en-EN/semua_nutrisi,official-source-recorded; values preserved as published
GR005,"Chub mackerel, fresh",Fish and Other Seafood,214,Raw,2026-09-15T06:22:31.315687+00:00,high,panganku-ifct-214,"Indonesian Food Composition Table (IFCT), searchable web table",https://www.panganku.org/en-EN/semua_nutrisi,official-source-recorded; values preserved as published
FP021,"Church's texas fried chicken, breast",Meat and Poultry,215,Processed/Products,2026-09-15T06:22:31.315691+00:00,high,panganku-ifct-215,"Indonesian Food Composition Table (IFCT), searchable web table",https://www.panganku.org/en-EN/semua_nutrisi,official-source-recorded; values preserved as published
FP022,"Church's texas fried chicken, thigh",Meat and Poultry,216,Processed/Products,2026-09-15T06:22:31.315695+00:00,high,panganku-ifct-216,"Indonesian Food Composition Table (IFCT), searchable web table",https://www.panganku.org/en-EN/semua_nutrisi,official-source-recorded; values preserved as published
FP023,"Church's texas fried chicken, wings",Meat and Poultry,217,Processed/Products,2026-09-15T06:22:31.315698+00:00,high,panganku-ifct-217,"Indonesian Food Composition Table (IFCT), searchable web table",https://www.panganku.org/en-EN/semua_nutrisi,official-source-recorded; values preserved as published
GR039,"Clam, fresh",Fish and Other Seafood,218,Raw,2026-09-15T06:22:31.315702+00:00,high,panganku-ifct-218,"Indonesian Food Composition Table (IFCT), searchable web table",https://www.panganku.org/en-EN/semua_nutrisi,official-source-recorded; values preserved as published
GP045,"Clam, jerky, raw",Fish and Other Seafood,219,Processed/Products,2026-09-15T06:22:31.315706+00:00,high,panganku-ifct-219,"Indonesian Food Composition Table (IFCT), searchable web table",https://www.panganku.org/en-EN/semua_nutrisi,official-source-recorded; values preserved as published
GP044,"Clam, smoked, raw",Fish and Other Seafood,220,Processed/Products,2026-09-15T06:22:31.315709+00:00,high,panganku-ifct-220,"Indonesian Food Composition Table (IFCT), searchable web table",https://www.panganku.org/en-EN/semua_nutrisi,official-source-recorded; values preserved as published
NR016,"Clove, dried",Herbs and Spices,221,Raw,2026-09-15T06:22:31.315713+00:00,high,panganku-ifct-221,"Indonesian Food Composition Table (IFCT), searchable web table",https://www.panganku.org/en-EN/semua_nutrisi,official-source-recorded; values preserved as published
MP004,Cocoa powder,Convectionery,222,Processed/Products,2026-09-15T06:22:31.315716+00:00,high,panganku-ifct-222,"Indonesian Food Composition Table (IFCT), searchable web table",https://www.panganku.org/en-EN/semua_nutrisi,official-source-recorded; values preserved as published
AP069,Coconut cookie,Cereals,223,Processed/Products,2026-09-15T06:22:31.315719+00:00,high,panganku-ifct-223,"Indonesian Food Composition Table (IFCT), searchable web table",https://www.panganku.org/en-EN/semua_nutrisi,official-source-recorded; values preserved as published
KP003,Coconut milk (with water),Fat and Oil,224,Processed/Products,2026-09-15T06:22:31.315723+00:00,high,panganku-ifct-224,"Indonesian Food Composition Table (IFCT), searchable web table",https://www.panganku.org/en-EN/semua_nutrisi,official-source-recorded; values preserved as published
KR011,Coconut oil,Fat and Oil,225,Raw,2026-09-15T06:22:31.315726+00:00,high,panganku-ifct-225,"Indonesian Food Composition Table (IFCT), searchable web table",https://www.panganku.org/en-EN/semua_nutrisi,official-source-recorded; values preserved as published
MP006,Coconut palm sugar,Convectionery,226,Processed/Products,2026-09-15T06:22:31.315729+00:00,high,panganku-ifct-226,"Indonesian Food Composition Table (IFCT), searchable web table",https://www.panganku.org/en-EN/semua_nutrisi,official-source-recorded; values preserved as published
DP054,Coconut umbut soup,Vegetables,227,Processed/Products,2026-09-15T06:22:31.315733+00:00,high,panganku-ifct-227,"Indonesian Food Composition Table (IFCT), searchable web table",https://www.panganku.org/en-EN/semua_nutrisi,official-source-recorded; values preserved as published
DR164,"Coconut umbut, fresh",Vegetables,228,Raw,2026-09-15T06:22:31.315736+00:00,high,panganku-ifct-228,"Indonesian Food Composition Table (IFCT), searchable web table",https://www.panganku.org/en-EN/semua_nutrisi,official-source-recorded; values preserved as published
CP022,"Coconut, bungkil",Grains and Legumes,229,Processed/Products,2026-09-15T06:22:31.315739+00:00,high,panganku-ifct-229,"Indonesian Food Composition Table (IFCT), searchable web table",https://www.panganku.org/en-EN/semua_nutrisi,official-source-recorded; values preserved as published
ER032,Common guava,Fruits,230,Raw,2026-09-15T06:22:31.315742+00:00,high,panganku-ifct-230,"Indonesian Food Composition Table (IFCT), searchable web table",https://www.panganku.org/en-EN/semua_nutrisi,official-source-recorded; values preserved as published
DR025,"Common purslane leaves, fresh",Vegetables,231,Raw,2026-09-15T06:22:31.315746+00:00,high,panganku-ifct-231,"Indonesian Food Composition Table (IFCT), searchable web table",https://www.panganku.org/en-EN/semua_nutrisi,official-source-recorded; values preserved as published
ER080,"Cooking plantain, fresh",Fruits,232,Raw,2026-09-15T06:22:31.315749+00:00,high,panganku-ifct-232,"Indonesian Food Composition Table (IFCT), searchable web table",https://www.panganku.org/en-EN/semua_nutrisi,official-source-recorded; values preserved as published
NR020,"Coriander, dried",Herbs and Spices,233,Raw,2026-09-15T06:22:31.315752+00:00,high,panganku-ifct-233,"Indonesian Food Composition Table (IFCT), searchable web table",https://www.panganku.org/en-EN/semua_nutrisi,official-source-recorded; values preserved as published
AP051,Corn gerontol,Cereals,234,Processed/Products,2026-09-15T06:22:31.315756+00:00,high,panganku-ifct-234,"Indonesian Food Composition Table (IFCT), searchable web table",https://www.panganku.org/en-EN/semua_nutrisi,official-source-recorded; values preserved as published
AP009,Corn rice,Cereals,235,Processed/Products,2026-09-15T06:22:31.315759+00:00,high,panganku-ifct-235,"Indonesian Food Composition Table (IFCT), searchable web table",https://www.panganku.org/en-EN/semua_nutrisi,official-source-recorded; values preserved as published
AR006,"Corn rice, white, dried, raw",Cereals,236,Raw,2026-09-15T06:22:31.315763+00:00,high,panganku-ifct-236,"Indonesian Food Composition Table (IFCT), searchable web table",https://www.panganku.org/en-EN/semua_nutrisi,official-source-recorded; values preserved as published
AR005,"Corn rice, yellow, dried, raw",Cereals,237,Raw,2026-09-15T06:22:31.315766+00:00,high,panganku-ifct-237,"Indonesian Food Composition Table (IFCT), searchable web table",https://www.panganku.org/en-EN/semua_nutrisi,official-source-recorded; values preserved as published
AP052,Corn titi,Cereals,238,Processed/Products,2026-09-15T06:22:31.315769+00:00,high,panganku-ifct-238,"Indonesian Food Composition Table (IFCT), searchable web table",https://www.panganku.org/en-EN/semua_nutrisi,official-source-recorded; values preserved as published
AP008,"Corn vermicelli, raw",Cereals,239,Processed/Products,2026-09-15T06:22:31.315772+00:00,high,panganku-ifct-239,"Indonesian Food Composition Table (IFCT), searchable web table",https://www.panganku.org/en-EN/semua_nutrisi,official-source-recorded; values preserved as published
AR017,"Corn, shelled, variant harapan, dried",Cereals,240,Raw,2026-09-15T06:22:31.315776+00:00,high,panganku-ifct-240,"Indonesian Food Composition Table (IFCT), searchable web table",https://www.panganku.org/en-EN/semua_nutrisi,official-source-recorded; values preserved as published
AR018,"Corn, shelled, variant metro, dried",Cereals,241,Raw,2026-09-15T06:22:31.315779+00:00,high,panganku-ifct-241,"Indonesian Food Composition Table (IFCT), searchable web table",https://www.panganku.org/en-EN/semua_nutrisi,official-source-recorded; values preserved as published
AP013,"Corn, white, flour",Cereals,242,Processed/Products,2026-09-15T06:22:31.315782+00:00,high,panganku-ifct-242,"Indonesian Food Composition Table (IFCT), searchable web table",https://www.panganku.org/en-EN/semua_nutrisi,official-source-recorded; values preserved as published
AP011,"Corn, yellow, flour",Cereals,243,Processed/Products,2026-09-15T06:22:31.315786+00:00,high,panganku-ifct-243,"Indonesian Food Composition Table (IFCT), searchable web table",https://www.panganku.org/en-EN/semua_nutrisi,official-source-recorded; values preserved as published
AP012,"Corn, yellow, shelled, boiled",Cereals,244,Processed/Products,2026-09-15T06:22:31.315789+00:00,high,panganku-ifct-244,"Indonesian Food Composition Table (IFCT), searchable web table",https://www.panganku.org/en-EN/semua_nutrisi,official-source-recorded; values preserved as published
AR016,"Corn, yellow, shelled, dried, raw",Cereals,245,Raw,2026-09-15T06:22:31.315793+00:00,high,panganku-ifct-245,"Indonesian Food Composition Table (IFCT), searchable web table",https://www.panganku.org/en-EN/semua_nutrisi,official-source-recorded; values preserved as published
AP010,"Corn, young, boiled",Cereals,246,Processed/Products,2026-09-15T06:22:31.315796+00:00,high,panganku-ifct-246,"Indonesian Food Composition Table (IFCT), searchable web table",https://www.panganku.org/en-EN/semua_nutrisi,official-source-recorded; values preserved as published
AP019,Cornstarch,Cereals,247,Processed/Products,2026-09-15T06:22:31.315799+00:00,high,panganku-ifct-247,"Indonesian Food Composition Table (IFCT), searchable web table",https://www.panganku.org/en-EN/semua_nutrisi,official-source-recorded; values preserved as published
DR040,"Cosmos leaves, fresh",Vegetables,248,Raw,2026-09-15T06:22:31.315802+00:00,high,panganku-ifct-248,"Indonesian Food Composition Table (IFCT), searchable web table",https://www.panganku.org/en-EN/semua_nutrisi,official-source-recorded; values preserved as published
FP044,"Coto mangkasara, beef, dish",Meat and Poultry,249,Processed/Products,2026-09-15T06:22:31.315806+00:00,high,panganku-ifct-249,"Indonesian Food Composition Table (IFCT), searchable web table",https://www.panganku.org/en-EN/semua_nutrisi,official-source-recorded; values preserved as published
FP043,"Coto mangkasara, horse, dish",Meat and Poultry,250,Processed/Products,2026-09-15T06:22:31.315809+00:00,high,panganku-ifct-250,"Indonesian Food Composition Table (IFCT), searchable web table",https://www.panganku.org/en-EN/semua_nutrisi,official-source-recorded; values preserved as published
JR006,"Cow milk, fresh",Milk and Dairy Products,251,Raw,2026-09-15T06:22:31.315812+00:00,high,panganku-ifct-251,"Indonesian Food Composition Table (IFCT), searchable web table",https://www.panganku.org/en-EN/semua_nutrisi,official-source-recorded; values preserved as published
GR038,"Crab, fresh",Fish and Other Seafood,252,Raw,2026-09-15T06:22:31.315815+00:00,high,panganku-ifct-252,"Indonesian Food Composition Table (IFCT), searchable web table",https://www.panganku.org/en-EN/semua_nutrisi,official-source-recorded; values preserved as published
JR001,"Cream, fresh",Milk and Dairy Products,253,Raw,2026-09-15T06:22:31.315819+00:00,high,panganku-ifct-253,"Indonesian Food Composition Table (IFCT), searchable web table",https://www.panganku.org/en-EN/semua_nutrisi,official-source-recorded; values preserved as published
FP004,"Crocodile, meat, jerked meat, raw",Meat and Poultry,254,Processed/Products,2026-09-15T06:22:31.315822+00:00,high,panganku-ifct-254,"Indonesian Food Composition Table (IFCT), searchable web table",https://www.panganku.org/en-EN/semua_nutrisi,official-source-recorded; values preserved as published
DR110,"Cucumber (krai), fresh",Vegetables,255,Raw,2026-09-15T06:22:31.315826+00:00,high,panganku-ifct-255,"Indonesian Food Composition Table (IFCT), searchable web table",https://www.panganku.org/en-EN/semua_nutrisi,official-source-recorded; values preserved as published
DR109,"Cucumber, fresh",Vegetables,256,Raw,2026-09-15T06:22:31.315829+00:00,high,panganku-ifct-256,"Indonesian Food Composition Table (IFCT), searchable web table",https://www.panganku.org/en-EN/semua_nutrisi,official-source-recorded; values preserved as published
HP006,"Cucuru bayau, dish",Eggs,257,Processed/Products,2026-09-15T06:22:31.315832+00:00,high,panganku-ifct-257,"Indonesian Food Composition Table (IFCT), searchable web table",https://www.panganku.org/en-EN/semua_nutrisi,official-source-recorded; values preserved as published
GR015,"Cyprinid fish, fresh",Fish and Other Seafood,258,Raw,2026-09-15T06:22:31.315835+00:00,high,panganku-ifct-258,"Indonesian Food Composition Table (IFCT), searchable web table",https://www.panganku.org/en-EN/semua_nutrisi,official-source-recorded; values preserved as published
GR032,"Cyprinid freshwater fish, fresh",Fish and Other Seafood,259,Raw,2026-09-15T06:22:31.315838+00:00,high,panganku-ifct-259,"Indonesian Food Composition Table (IFCT), searchable web table",https://www.panganku.org/en-EN/semua_nutrisi,official-source-recorded; values preserved as published
FP010,"Deer, meat, jerked meat, raw",Meat and Poultry,260,Processed/Products,2026-09-15T06:22:31.315841+00:00,high,panganku-ifct-260,"Indonesian Food Composition Table (IFCT), searchable web table",https://www.panganku.org/en-EN/semua_nutrisi,official-source-recorded; values preserved as published
DR069,"Dillenia leaves, fresh",Vegetables,261,Raw,2026-09-15T06:22:31.315845+00:00,high,panganku-ifct-261,"Indonesian Food Composition Table (IFCT), searchable web table",https://www.panganku.org/en-EN/semua_nutrisi,official-source-recorded; values preserved as published
DR093,"Djenkol, fresh",Vegetables,262,Raw,2026-09-15T06:22:31.315848+00:00,high,panganku-ifct-262,"Indonesian Food Composition Table (IFCT), searchable web table",https://www.panganku.org/en-EN/semua_nutrisi,official-source-recorded; values preserved as published
FP045,"Djibokum, dish",Meat and Poultry,263,Processed/Products,2026-09-15T06:22:31.315851+00:00,high,panganku-ifct-263,"Indonesian Food Composition Table (IFCT), searchable web table",https://www.panganku.org/en-EN/semua_nutrisi,official-source-recorded; values preserved as published
NP012,Dobo belachan,Herbs and Spices,264,Processed/Products,2026-09-15T06:22:31.315855+00:00,high,panganku-ifct-264,"Indonesian Food Composition Table (IFCT), searchable web table",https://www.panganku.org/en-EN/semua_nutrisi,official-source-recorded; values preserved as published
CP023,Dodol (taffy) banjarmasin,Grains and Legumes,265,Processed/Products,2026-09-15T06:22:31.315858+00:00,high,panganku-ifct-265,"Indonesian Food Composition Table (IFCT), searchable web table",https://www.panganku.org/en-EN/semua_nutrisi,official-source-recorded; values preserved as published
AP043,Dodol bali,Cereals,266,Processed/Products,2026-09-15T06:22:31.315862+00:00,high,panganku-ifct-266,"Indonesian Food Composition Table (IFCT), searchable web table",https://www.panganku.org/en-EN/semua_nutrisi,official-source-recorded; values preserved as published
AP044,Dodol galamai,Cereals,267,Processed/Products,2026-09-15T06:22:31.315866+00:00,high,panganku-ifct-267,"Indonesian Food Composition Table (IFCT), searchable web table",https://www.panganku.org/en-EN/semua_nutrisi,official-source-recorded; values preserved as published
AP045,Dodol kedondong,Cereals,268,Processed/Products,2026-09-15T06:22:31.315870+00:00,high,panganku-ifct-268,"Indonesian Food Composition Table (IFCT), searchable web table",https://www.panganku.org/en-EN/semua_nutrisi,official-source-recorded; values preserved as published
AP046,Dodol manado,Cereals,269,Processed/Products,2026-09-15T06:22:31.315874+00:00,high,panganku-ifct-269,"Indonesian Food Composition Table (IFCT), searchable web table",https://www.panganku.org/en-EN/semua_nutrisi,official-source-recorded; values preserved as published
HR008,"Domestic duck egg, fresh",Eggs,270,Raw,2026-09-15T06:22:31.315877+00:00,high,panganku-ifct-270,"Indonesian Food Composition Table (IFCT), searchable web table",https://www.panganku.org/en-EN/semua_nutrisi,official-source-recorded; values preserved as published
EP011,Dried banana,Fruits,271,Processed/Products,2026-09-15T06:22:31.315881+00:00,high,panganku-ifct-271,"Indonesian Food Composition Table (IFCT), searchable web table",https://www.panganku.org/en-EN/semua_nutrisi,official-source-recorded; values preserved as published
EP012,"Dried banana, cilacap",Fruits,272,Processed/Products,2026-09-15T06:22:31.315884+00:00,high,panganku-ifct-272,"Indonesian Food Composition Table (IFCT), searchable web table",https://www.panganku.org/en-EN/semua_nutrisi,official-source-recorded; values preserved as published
MP017,Dried black tea leaves,Convectionery,273,Processed/Products,2026-09-15T06:22:31.315887+00:00,high,panganku-ifct-273,"Indonesian Food Composition Table (IFCT), searchable web table",https://www.panganku.org/en-EN/semua_nutrisi,official-source-recorded; values preserved as published
MP016,Dried green tea leaves,Convectionery,274,Processed/Products,2026-09-15T06:22:31.315890+00:00,high,panganku-ifct-274,"Indonesian Food Composition Table (IFCT), searchable web table",https://www.panganku.org/en-EN/semua_nutrisi,official-source-recorded; values preserved as published
MP018,Dried jasmine tea leaves,Convectionery,275,Processed/Products,2026-09-15T06:22:31.315894+00:00,high,panganku-ifct-275,"Indonesian Food Composition Table (IFCT), searchable web table",https://www.panganku.org/en-EN/semua_nutrisi,official-source-recorded; values preserved as published
EP010,Dried persimmon,Fruits,276,Processed/Products,2026-09-15T06:22:31.315898+00:00,high,panganku-ifct-276,"Indonesian Food Composition Table (IFCT), searchable web table",https://www.panganku.org/en-EN/semua_nutrisi,official-source-recorded; values preserved as published
NP007,Dried shrimp paste,Herbs and Spices,277,Processed/Products,2026-09-15T06:22:31.315901+00:00,high,panganku-ifct-277,"Indonesian Food Composition Table (IFCT), searchable web table",https://www.panganku.org/en-EN/semua_nutrisi,official-source-recorded; values preserved as published
GP051,"Dried shrimp, raw",Fish and Other Seafood,278,Processed/Products,2026-09-15T06:22:31.315904+00:00,high,panganku-ifct-278,"Indonesian Food Composition Table (IFCT), searchable web table",https://www.panganku.org/en-EN/semua_nutrisi,official-source-recorded; values preserved as published
FR013,"Duck (alabio), meat, fresh",Meat and Poultry,279,Raw,2026-09-15T06:22:31.315907+00:00,high,panganku-ifct-279,"Indonesian Food Composition Table (IFCT), searchable web table",https://www.panganku.org/en-EN/semua_nutrisi,official-source-recorded; values preserved as published
FP006,"Duck (alabio), meat, jerked meat, raw",Meat and Poultry,280,Processed/Products,2026-09-15T06:22:31.315910+00:00,high,panganku-ifct-280,"Indonesian Food Composition Table (IFCT), searchable web table",https://www.panganku.org/en-EN/semua_nutrisi,official-source-recorded; values preserved as published
HP003,"Duck egg, omelette, dish",Eggs,281,Processed/Products,2026-09-15T06:22:31.315913+00:00,high,panganku-ifct-281,"Indonesian Food Composition Table (IFCT), searchable web table",https://www.panganku.org/en-EN/semua_nutrisi,official-source-recorded; values preserved as published
HP002,"Duck egg, salted, raw",Eggs,282,Processed/Products,2026-09-15T06:22:31.315916+00:00,high,panganku-ifct-282,"Indonesian Food Composition Table (IFCT), searchable web table",https://www.panganku.org/en-EN/semua_nutrisi,official-source-recorded; values preserved as published
HR007,"Duck egg, white (albumen), fresh",Eggs,283,Raw,2026-09-15T06:22:31.315919+00:00,high,panganku-ifct-283,"Indonesian Food Composition Table (IFCT), searchable web table",https://www.panganku.org/en-EN/semua_nutrisi,official-source-recorded; values preserved as published
HR006,"Duck egg, yolk, fresh",Eggs,284,Raw,2026-09-15T06:22:31.315923+00:00,high,panganku-ifct-284,"Indonesian Food Composition Table (IFCT), searchable web table",https://www.panganku.org/en-EN/semua_nutrisi,official-source-recorded; values preserved as published
FR012,"Duck, meat, fresh",Meat and Poultry,285,Raw,2026-09-15T06:22:31.315926+00:00,high,panganku-ifct-285,"Indonesian Food Composition Table (IFCT), searchable web table",https://www.panganku.org/en-EN/semua_nutrisi,official-source-recorded; values preserved as published
FP003,"Duck, meat, fried",Meat and Poultry,286,Processed/Products,2026-09-15T06:22:31.315929+00:00,high,panganku-ifct-286,"Indonesian Food Composition Table (IFCT), searchable web table",https://www.panganku.org/en-EN/semua_nutrisi,official-source-recorded; values preserved as published
ER023,"Durian, fresh",Fruits,287,Raw,2026-09-15T06:22:31.315933+00:00,high,panganku-ifct-287,"Indonesian Food Composition Table (IFCT), searchable web table",https://www.panganku.org/en-EN/semua_nutrisi,official-source-recorded; values preserved as published
DR156,"Dutch eggplant, fresh",Vegetables,288,Raw,2026-09-15T06:22:31.315936+00:00,high,panganku-ifct-288,"Indonesian Food Composition Table (IFCT), searchable web table",https://www.panganku.org/en-EN/semua_nutrisi,official-source-recorded; values preserved as published
AP075,Eclairs,Cereals,289,Processed/Products,2026-09-15T06:22:31.315939+00:00,high,panganku-ifct-289,"Indonesian Food Composition Table (IFCT), searchable web table",https://www.panganku.org/en-EN/semua_nutrisi,official-source-recorded; values preserved as published
CR016,"Edible-podded pea, fresh",Grains and Legumes,290,Raw,2026-09-15T06:22:31.315943+00:00,high,panganku-ifct-290,"Indonesian Food Composition Table (IFCT), searchable web table",https://www.panganku.org/en-EN/semua_nutrisi,official-source-recorded; values preserved as published
DR102,"Edible-podded pea, unripe, fresh",Vegetables,291,Raw,2026-09-15T06:22:31.315946+00:00,high,panganku-ifct-291,"Indonesian Food Composition Table (IFCT), searchable web table",https://www.panganku.org/en-EN/semua_nutrisi,official-source-recorded; values preserved as published
GP059,"Eel jerky, fried",Fish and Other Seafood,292,Processed/Products,2026-09-15T06:22:31.315949+00:00,high,panganku-ifct-292,"Indonesian Food Composition Table (IFCT), searchable web table",https://www.panganku.org/en-EN/semua_nutrisi,official-source-recorded; values preserved as published
GP002,"Eel, fried",Fish and Other Seafood,293,Processed/Products,2026-09-15T06:22:31.315952+00:00,high,panganku-ifct-293,"Indonesian Food Composition Table (IFCT), searchable web table",https://www.panganku.org/en-EN/semua_nutrisi,official-source-recorded; values preserved as published
GR012,"Eel, saltwater, fresh",Fish and Other Seafood,294,Raw,2026-09-15T06:22:31.315956+00:00,high,panganku-ifct-294,"Indonesian Food Composition Table (IFCT), searchable web table",https://www.panganku.org/en-EN/semua_nutrisi,official-source-recorded; values preserved as published
HP007,"Egg kalio, dish",Eggs,295,Processed/Products,2026-09-15T06:22:31.315959+00:00,high,panganku-ifct-295,"Indonesian Food Composition Table (IFCT), searchable web table",https://www.panganku.org/en-EN/semua_nutrisi,official-source-recorded; values preserved as published
GP082,Egg pempek,Fish and Other Seafood,296,Processed/Products,2026-09-15T06:22:31.315962+00:00,high,panganku-ifct-296,"Indonesian Food Composition Table (IFCT), searchable web table",https://www.panganku.org/en-EN/semua_nutrisi,official-source-recorded; values preserved as published
CP063,Egg tofu,Grains and Legumes,297,Processed/Products,2026-09-15T06:22:31.315965+00:00,high,panganku-ifct-297,"Indonesian Food Composition Table (IFCT), searchable web table",https://www.panganku.org/en-EN/semua_nutrisi,official-source-recorded; values preserved as published
DR154,"Eggplant, fresh",Vegetables,298,Raw,2026-09-15T06:22:31.315968+00:00,high,panganku-ifct-298,"Indonesian Food Composition Table (IFCT), searchable web table",https://www.panganku.org/en-EN/semua_nutrisi,official-source-recorded; values preserved as published
AP082,Egyptian martabak,Cereals,299,Processed/Products,2026-09-15T06:22:31.315972+00:00,high,panganku-ifct-299,"Indonesian Food Composition Table (IFCT), searchable web table",https://www.panganku.org/en-EN/semua_nutrisi,official-source-recorded; values preserved as published
BR024,"Elephant foot, yam, fresh",Starchy Roots & Tubers,300,Raw,2026-09-15T06:22:31.315975+00:00,high,panganku-ifct-300,"Indonesian Food Composition Table (IFCT), searchable web table",https://www.panganku.org/en-EN/semua_nutrisi,official-source-recorded; values preserved as published
BP009,"Elephant foot, yam, steamed",Starchy Roots & Tubers,301,Processed/Products,2026-09-15T06:22:31.315978+00:00,high,panganku-ifct-301,"Indonesian Food Composition Table (IFCT), searchable web table",https://www.panganku.org/en-EN/semua_nutrisi,official-source-recorded; values preserved as published
FP046,"Empal (meat), Fried, dish",Meat and Poultry,302,Processed/Products,2026-09-15T06:22:31.315981+00:00,high,panganku-ifct-302,"Indonesian Food Composition Table (IFCT), searchable web table",https://www.panganku.org/en-EN/semua_nutrisi,official-source-recorded; values preserved as published
CP024,Emping (melinjo chips),Grains and Legumes,303,Processed/Products,2026-09-15T06:22:31.315984+00:00,high,panganku-ifct-303,"Indonesian Food Composition Table (IFCT), searchable web table",https://www.panganku.org/en-EN/semua_nutrisi,official-source-recorded; values preserved as published
DR086,Encik mushroom,Vegetables,304,Raw,2026-09-15T06:22:31.315988+00:00,high,panganku-ifct-304,"Indonesian Food Composition Table (IFCT), searchable web table",https://www.panganku.org/en-EN/semua_nutrisi,official-source-recorded; values preserved as published
DR004,"Endive, fresh",Vegetables,305,Raw,2026-09-15T06:22:31.315991+00:00,high,panganku-ifct-305,"Indonesian Food Composition Table (IFCT), searchable web table",https://www.panganku.org/en-EN/semua_nutrisi,official-source-recorded; values preserved as published
CP026,"Enting-enting gepuk, brand hello kity",Grains and Legumes,306,Processed/Products,2026-09-15T06:22:31.315994+00:00,high,panganku-ifct-306,"Indonesian Food Composition Table (IFCT), searchable web table",https://www.panganku.org/en-EN/semua_nutrisi,official-source-recorded; values preserved as published
CP027,"Enting-enting gepuk, peanut",Grains and Legumes,307,Processed/Products,2026-09-15T06:22:31.315997+00:00,high,panganku-ifct-307,"Indonesian Food Composition Table (IFCT), searchable web table",https://www.panganku.org/en-EN/semua_nutrisi,official-source-recorded; values preserved as published
CP028,"Enting-enting, sesame",Grains and Legumes,308,Processed/Products,2026-09-15T06:22:31.316001+00:00,high,panganku-ifct-308,"Indonesian Food Composition Table (IFCT), searchable web table",https://www.panganku.org/en-EN/semua_nutrisi,official-source-recorded; values preserved as published
GR054,"European carp, fresh",Fish and Other Seafood,309,Raw,2026-09-15T06:22:31.316004+00:00,high,panganku-ifct-309,"Indonesian Food Composition Table (IFCT), searchable web table",https://www.panganku.org/en-EN/semua_nutrisi,official-source-recorded; values preserved as published
GP078,Featherback pempek,Fish and Other Seafood,310,Processed/Products,2026-09-15T06:22:31.316008+00:00,high,panganku-ifct-310,"Indonesian Food Composition Table (IFCT), searchable web table",https://www.panganku.org/en-EN/semua_nutrisi,official-source-recorded; values preserved as published
NP001,Fermented baby shrimp / Balichong,Herbs and Spices,311,Processed/Products,2026-09-15T06:22:31.316011+00:00,high,panganku-ifct-311,"Indonesian Food Composition Table (IFCT), searchable web table",https://www.panganku.org/en-EN/semua_nutrisi,official-source-recorded; values preserved as published
NP002,Fermented fish / Bekasam,Herbs and Spices,312,Processed/Products,2026-09-15T06:22:31.316014+00:00,high,panganku-ifct-312,"Indonesian Food Composition Table (IFCT), searchable web table",https://www.panganku.org/en-EN/semua_nutrisi,official-source-recorded; values preserved as published
DP033,Fern curry,Vegetables,313,Processed/Products,2026-09-15T06:22:31.316018+00:00,high,panganku-ifct-313,"Indonesian Food Composition Table (IFCT), searchable web table",https://www.panganku.org/en-EN/semua_nutrisi,official-source-recorded; values preserved as published
DR059,"Fern leaves, fresh",Vegetables,314,Raw,2026-09-15T06:22:31.316021+00:00,high,panganku-ifct-314,"Indonesian Food Composition Table (IFCT), searchable web table",https://www.panganku.org/en-EN/semua_nutrisi,official-source-recorded; values preserved as published
AR009,"Field rice, raw",Cereals,315,Raw,2026-09-15T06:22:31.316024+00:00,high,panganku-ifct-315,"Indonesian Food Composition Table (IFCT), searchable web table",https://www.panganku.org/en-EN/semua_nutrisi,official-source-recorded; values preserved as published
GP061,Fillet o-fish,Fish and Other Seafood,316,Processed/Products,2026-09-15T06:22:31.316028+00:00,high,panganku-ifct-316,"Indonesian Food Composition Table (IFCT), searchable web table",https://www.panganku.org/en-EN/semua_nutrisi,official-source-recorded; values preserved as published
NR009,"Fingerroot, fresh",Herbs and Spices,317,Raw,2026-09-15T06:22:31.316031+00:00,high,panganku-ifct-317,"Indonesian Food Composition Table (IFCT), searchable web table",https://www.panganku.org/en-EN/semua_nutrisi,official-source-recorded; values preserved as published
HP004,"Fish egg, salted, raw",Eggs,318,Processed/Products,2026-09-15T06:22:31.316035+00:00,high,panganku-ifct-318,"Indonesian Food Composition Table (IFCT), searchable web table",https://www.panganku.org/en-EN/semua_nutrisi,official-source-recorded; values preserved as published
KR005,Fish fat,Fat and Oil,319,Raw,2026-09-15T06:22:31.316038+00:00,high,panganku-ifct-319,"Indonesian Food Composition Table (IFCT), searchable web table",https://www.panganku.org/en-EN/semua_nutrisi,official-source-recorded; values preserved as published
GP065,"Fish gulai, dish",Fish and Other Seafood,320,Processed/Products,2026-09-15T06:22:31.316042+00:00,high,panganku-ifct-320,"Indonesian Food Composition Table (IFCT), searchable web table",https://www.panganku.org/en-EN/semua_nutrisi,official-source-recorded; values preserved as published
KR008,Fish oil,Fat and Oil,321,Raw,2026-09-15T06:22:31.316045+00:00,high,panganku-ifct-321,"Indonesian Food Composition Table (IFCT), searchable web table",https://www.panganku.org/en-EN/semua_nutrisi,official-source-recorded; values preserved as published
NP006,Fish paste (petis),Herbs and Spices,322,Processed/Products,2026-09-15T06:22:31.316048+00:00,high,panganku-ifct-322,"Indonesian Food Composition Table (IFCT), searchable web table",https://www.panganku.org/en-EN/semua_nutrisi,official-source-recorded; values preserved as published
GP038,"Fish, ground, raw",Fish and Other Seafood,323,Processed/Products,2026-09-15T06:22:31.316051+00:00,high,panganku-ifct-323,"Indonesian Food Composition Table (IFCT), searchable web table",https://www.panganku.org/en-EN/semua_nutrisi,official-source-recorded; values preserved as published
GR077,"Flying fish, fresh",Fish and Other Seafood,324,Raw,2026-09-15T06:22:31.316054+00:00,high,panganku-ifct-324,"Indonesian Food Composition Table (IFCT), searchable web table",https://www.panganku.org/en-EN/semua_nutrisi,official-source-recorded; values preserved as published
DR063,"Football fruit leaves, fresh",Vegetables,325,Raw,2026-09-15T06:22:31.316058+00:00,high,panganku-ifct-325,"Indonesian Food Composition Table (IFCT), searchable web table",https://www.panganku.org/en-EN/semua_nutrisi,official-source-recorded; values preserved as published
BP057,Forno sago,Starchy Roots & Tubers,326,Processed/Products,2026-09-15T06:22:31.316061+00:00,high,panganku-ifct-326,"Indonesian Food Composition Table (IFCT), searchable web table",https://www.panganku.org/en-EN/semua_nutrisi,official-source-recorded; values preserved as published
HR001,"Free-range egg, fresh",Eggs,327,Raw,2026-09-15T06:22:31.316065+00:00,high,panganku-ifct-327,"Indonesian Food Composition Table (IFCT), searchable web table",https://www.panganku.org/en-EN/semua_nutrisi,official-source-recorded; values preserved as published
GP070,Fried pangasius,Fish and Other Seafood,328,Processed/Products,2026-09-15T06:22:31.316068+00:00,high,panganku-ifct-328,"Indonesian Food Composition Table (IFCT), searchable web table",https://www.panganku.org/en-EN/semua_nutrisi,official-source-recorded; values preserved as published
GP020,Fried tilapia,Fish and Other Seafood,329,Processed/Products,2026-09-15T06:22:31.316072+00:00,high,panganku-ifct-329,"Indonesian Food Composition Table (IFCT), searchable web table",https://www.panganku.org/en-EN/semua_nutrisi,official-source-recorded; values preserved as published
GR042,"Frog, fresh",Fish and Other Seafood,330,Raw,2026-09-15T06:22:31.316075+00:00,high,panganku-ifct-330,"Indonesian Food Composition Table (IFCT), searchable web table",https://www.panganku.org/en-EN/semua_nutrisi,official-source-recorded; values preserved as published
BR007,"Gadeng/Gadung, dried",Starchy Roots & Tubers,331,Raw,2026-09-15T06:22:31.316079+00:00,high,panganku-ifct-331,"Indonesian Food Composition Table (IFCT), searchable web table",https://www.panganku.org/en-EN/semua_nutrisi,official-source-recorded; values preserved as published
DP031,Gado-gado,Vegetables,332,Processed/Products,2026-09-15T06:22:31.316082+00:00,high,panganku-ifct-332,"Indonesian Food Composition Table (IFCT), searchable web table",https://www.panganku.org/en-EN/semua_nutrisi,official-source-recorded; values preserved as published
BP035,"Gadung, chips",Starchy Roots & Tubers,333,Processed/Products,2026-09-15T06:22:31.316085+00:00,high,panganku-ifct-333,"Indonesian Food Composition Table (IFCT), searchable web table",https://www.panganku.org/en-EN/semua_nutrisi,official-source-recorded; values preserved as published
BR008,"Gadung, yam, fresh",Starchy Roots & Tubers,334,Raw,2026-09-15T06:22:31.316089+00:00,high,panganku-ifct-334,"Indonesian Food Composition Table (IFCT), searchable web table",https://www.panganku.org/en-EN/semua_nutrisi,official-source-recorded; values preserved as published
BP006,"Gadung, yam, steamed",Starchy Roots & Tubers,335,Processed/Products,2026-09-15T06:22:31.316092+00:00,high,panganku-ifct-335,"Indonesian Food Composition Table (IFCT), searchable web table",https://www.panganku.org/en-EN/semua_nutrisi,official-source-recorded; values preserved as published
NR010,"Galangal, fresh",Herbs and Spices,336,Raw,2026-09-15T06:22:31.316095+00:00,high,panganku-ifct-336,"Indonesian Food Composition Table (IFCT), searchable web table",https://www.panganku.org/en-EN/semua_nutrisi,official-source-recorded; values preserved as published
CR009,"Galing nut, fresh",Grains and Legumes,337,Raw,2026-09-15T06:22:31.316098+00:00,high,panganku-ifct-337,"Indonesian Food Composition Table (IFCT), searchable web table",https://www.panganku.org/en-EN/semua_nutrisi,official-source-recorded; values preserved as published
DR022,"Gandiaria leaves, fresh",Vegetables,338,Raw,2026-09-15T06:22:31.316102+00:00,high,panganku-ifct-338,"Indonesian Food Composition Table (IFCT), searchable web table",https://www.panganku.org/en-EN/semua_nutrisi,official-source-recorded; values preserved as published
BP007,"Ganyong, boiled",Starchy Roots & Tubers,339,Processed/Products,2026-09-15T06:22:31.316105+00:00,high,panganku-ifct-339,"Indonesian Food Composition Table (IFCT), searchable web table",https://www.panganku.org/en-EN/semua_nutrisi,official-source-recorded; values preserved as published
BP065,"Ganyong, flour",Starchy Roots & Tubers,340,Processed/Products,2026-09-15T06:22:31.316109+00:00,high,panganku-ifct-340,"Indonesian Food Composition Table (IFCT), searchable web table",https://www.panganku.org/en-EN/semua_nutrisi,official-source-recorded; values preserved as published
BR009,"Ganyong, fresh",Starchy Roots & Tubers,341,Raw,2026-09-15T06:22:31.316112+00:00,high,panganku-ifct-341,"Indonesian Food Composition Table (IFCT), searchable web table",https://www.panganku.org/en-EN/semua_nutrisi,official-source-recorded; values preserved as published
ER077,"Gapi banana, fresh",Fruits,342,Raw,2026-09-15T06:22:31.316115+00:00,high,panganku-ifct-342,"Indonesian Food Composition Table (IFCT), searchable web table",https://www.panganku.org/en-EN/semua_nutrisi,official-source-recorded; values preserved as published
DR117,"Garlic chieves, fresh",Vegetables,343,Raw,2026-09-15T06:22:31.316118+00:00,high,panganku-ifct-343,"Indonesian Food Composition Table (IFCT), searchable web table",https://www.panganku.org/en-EN/semua_nutrisi,official-source-recorded; values preserved as published
DR118,"Garlic chieves, unripe, fresh",Vegetables,344,Raw,2026-09-15T06:22:31.316121+00:00,high,panganku-ifct-344,"Indonesian Food Composition Table (IFCT), searchable web table",https://www.panganku.org/en-EN/semua_nutrisi,official-source-recorded; values preserved as published
NR008,"Garlic, fresh",Herbs and Spices,345,Raw,2026-09-15T06:22:31.316124+00:00,high,panganku-ifct-345,"Indonesian Food Composition Table (IFCT), searchable web table",https://www.panganku.org/en-EN/semua_nutrisi,official-source-recorded; values preserved as published
DP049,Garu soup,Vegetables,346,Processed/Products,2026-09-15T06:22:31.316128+00:00,high,panganku-ifct-346,"Indonesian Food Composition Table (IFCT), searchable web table",https://www.panganku.org/en-EN/semua_nutrisi,official-source-recorded; values preserved as published
BP026,Gatot,Starchy Roots & Tubers,347,Processed/Products,2026-09-15T06:22:31.316131+00:00,high,panganku-ifct-347,"Indonesian Food Composition Table (IFCT), searchable web table",https://www.panganku.org/en-EN/semua_nutrisi,official-source-recorded; values preserved as published
BP027,Geblek,Starchy Roots & Tubers,348,Processed/Products,2026-09-15T06:22:31.316134+00:00,high,panganku-ifct-348,"Indonesian Food Composition Table (IFCT), searchable web table",https://www.panganku.org/en-EN/semua_nutrisi,official-source-recorded; values preserved as published
ER056,"Gedung mango, fresh",Fruits,349,Raw,2026-09-15T06:22:31.316137+00:00,high,panganku-ifct-349,"Indonesian Food Composition Table (IFCT), searchable web table",https://www.panganku.org/en-EN/semua_nutrisi,official-source-recorded; values preserved as published
AP048,Gemblong,Cereals,350,Processed/Products,2026-09-15T06:22:31.316140+00:00,high,panganku-ifct-350,"Indonesian Food Composition Table (IFCT), searchable web table",https://www.panganku.org/en-EN/semua_nutrisi,official-source-recorded; values preserved as published
AP049,"Gendar, fried",Cereals,351,Processed/Products,2026-09-15T06:22:31.316143+00:00,high,panganku-ifct-351,"Indonesian Food Composition Table (IFCT), searchable web table",https://www.panganku.org/en-EN/semua_nutrisi,official-source-recorded; values preserved as published
CP029,Geplak,Grains and Legumes,352,Processed/Products,2026-09-15T06:22:31.316147+00:00,high,panganku-ifct-352,"Indonesian Food Composition Table (IFCT), searchable web table",https://www.panganku.org/en-EN/semua_nutrisi,official-source-recorded; values preserved as published
CP030,Geplak jahe (Ginger taffy),Grains and Legumes,353,Processed/Products,2026-09-15T06:22:31.316150+00:00,high,panganku-ifct-353,"Indonesian Food Composition Table (IFCT), searchable web table",https://www.panganku.org/en-EN/semua_nutrisi,official-source-recorded; values preserved as published
EP003,Getuk pisang,Fruits,354,Processed/Products,2026-09-15T06:22:31.316153+00:00,high,panganku-ifct-354,"Indonesian Food Composition Table (IFCT), searchable web table",https://www.panganku.org/en-EN/semua_nutrisi,official-source-recorded; values preserved as published
BP028,"Getuk, fried",Starchy Roots & Tubers,355,Processed/Products,2026-09-15T06:22:31.316156+00:00,high,panganku-ifct-355,"Indonesian Food Composition Table (IFCT), searchable web table",https://www.panganku.org/en-EN/semua_nutrisi,official-source-recorded; values preserved as published
GR083,"Giant freshwater prawn, fresh",Fish and Other Seafood,356,Raw,2026-09-15T06:22:31.316160+00:00,high,panganku-ifct-356,"Indonesian Food Composition Table (IFCT), searchable web table",https://www.panganku.org/en-EN/semua_nutrisi,official-source-recorded; values preserved as published
GR071,"Giant snakehead, fresh",Fish and Other Seafood,357,Raw,2026-09-15T06:22:31.316164+00:00,high,panganku-ifct-357,"Indonesian Food Composition Table (IFCT), searchable web table",https://www.panganku.org/en-EN/semua_nutrisi,official-source-recorded; values preserved as published
BP069,"Giant taro, flour",Starchy Roots & Tubers,358,Processed/Products,2026-09-15T06:22:31.316168+00:00,high,panganku-ifct-358,"Indonesian Food Composition Table (IFCT), searchable web table",https://www.panganku.org/en-EN/semua_nutrisi,official-source-recorded; values preserved as published
BR023,"Giant taro, taro, fresh",Starchy Roots & Tubers,359,Raw,2026-09-15T06:22:31.316171+00:00,high,panganku-ifct-359,"Indonesian Food Composition Table (IFCT), searchable web table",https://www.panganku.org/en-EN/semua_nutrisi,official-source-recorded; values preserved as published
GR016,"Giant trevally, fresh",Fish and Other Seafood,360,Raw,2026-09-15T06:22:31.316175+00:00,high,panganku-ifct-360,"Indonesian Food Composition Table (IFCT), searchable web table",https://www.panganku.org/en-EN/semua_nutrisi,official-source-recorded; values preserved as published
AP068,Ginger cookie,Cereals,361,Processed/Products,2026-09-15T06:22:31.316179+00:00,high,panganku-ifct-361,"Indonesian Food Composition Table (IFCT), searchable web table",https://www.panganku.org/en-EN/semua_nutrisi,official-source-recorded; values preserved as published
NR018,"Ginger, fresh",Herbs and Spices,362,Raw,2026-09-15T06:22:31.316182+00:00,high,panganku-ifct-362,"Indonesian Food Composition Table (IFCT), searchable web table",https://www.panganku.org/en-EN/semua_nutrisi,official-source-recorded; values preserved as published
AP107,Glutinous rice srikaya,Cereals,363,Processed/Products,2026-09-15T06:22:31.316186+00:00,high,panganku-ifct-363,"Indonesian Food Composition Table (IFCT), searchable web table",https://www.panganku.org/en-EN/semua_nutrisi,official-source-recorded; values preserved as published
AP015,"Glutinous rice, black, cooked",Cereals,364,Processed/Products,2026-09-15T06:22:31.316189+00:00,high,panganku-ifct-364,"Indonesian Food Composition Table (IFCT), searchable web table",https://www.panganku.org/en-EN/semua_nutrisi,official-source-recorded; values preserved as published
AR007,"Glutinous rice, black, mashed, raw",Cereals,365,Raw,2026-09-15T06:22:31.316193+00:00,high,panganku-ifct-365,"Indonesian Food Composition Table (IFCT), searchable web table",https://www.panganku.org/en-EN/semua_nutrisi,official-source-recorded; values preserved as published
AP016,"Glutinous rice, black, tapai",Cereals,366,Processed/Products,2026-09-15T06:22:31.316196+00:00,high,panganku-ifct-366,"Indonesian Food Composition Table (IFCT), searchable web table",https://www.panganku.org/en-EN/semua_nutrisi,official-source-recorded; values preserved as published
AP014,"Glutinous rice, ketupat",Cereals,367,Processed/Products,2026-09-15T06:22:31.316200+00:00,high,panganku-ifct-367,"Indonesian Food Composition Table (IFCT), searchable web table",https://www.panganku.org/en-EN/semua_nutrisi,official-source-recorded; values preserved as published
AP079,"Glutinous rice, lupis",Cereals,368,Processed/Products,2026-09-15T06:22:31.316204+00:00,high,panganku-ifct-368,"Indonesian Food Composition Table (IFCT), searchable web table",https://www.panganku.org/en-EN/semua_nutrisi,official-source-recorded; values preserved as published
AP017,"Glutinous rice, white, cooked",Cereals,369,Processed/Products,2026-09-15T06:22:31.316207+00:00,high,panganku-ifct-369,"Indonesian Food Composition Table (IFCT), searchable web table",https://www.panganku.org/en-EN/semua_nutrisi,official-source-recorded; values preserved as published
AR008,"Glutinous rice, white, mashed, raw",Cereals,370,Raw,2026-09-15T06:22:31.316210+00:00,high,panganku-ifct-370,"Indonesian Food Composition Table (IFCT), searchable web table",https://www.panganku.org/en-EN/semua_nutrisi,official-source-recorded; values preserved as published
AP018,"Glutinous rice, white, tapai",Cereals,371,Processed/Products,2026-09-15T06:22:31.316214+00:00,high,panganku-ifct-371,"Indonesian Food Composition Table (IFCT), searchable web table",https://www.panganku.org/en-EN/semua_nutrisi,official-source-recorded; values preserved as published
FP047,Goat curry,Meat and Poultry,372,Processed/Products,2026-09-15T06:22:31.316218+00:00,high,panganku-ifct-372,"Indonesian Food Composition Table (IFCT), searchable web table",https://www.panganku.org/en-EN/semua_nutrisi,official-source-recorded; values preserved as published
JR003,"Goat milk, fresh",Milk and Dairy Products,373,Raw,2026-09-15T06:22:31.316221+00:00,high,panganku-ifct-373,"Indonesian Food Composition Table (IFCT), searchable web table",https://www.panganku.org/en-EN/semua_nutrisi,official-source-recorded; values preserved as published
FP071,"Goat soup, dish",Meat and Poultry,374,Processed/Products,2026-09-15T06:22:31.316225+00:00,high,panganku-ifct-374,"Indonesian Food Composition Table (IFCT), searchable web table",https://www.panganku.org/en-EN/semua_nutrisi,official-source-recorded; values preserved as published
FR019,"Goat, meat, fresh",Meat and Poultry,375,Raw,2026-09-15T06:22:31.316228+00:00,high,panganku-ifct-375,"Indonesian Food Composition Table (IFCT), searchable web table",https://www.panganku.org/en-EN/semua_nutrisi,official-source-recorded; values preserved as published
GR075,"Goldstripe sardinella, fresh",Fish and Other Seafood,376,Raw,2026-09-15T06:22:31.316232+00:00,high,panganku-ifct-376,"Indonesian Food Composition Table (IFCT), searchable web table",https://www.panganku.org/en-EN/semua_nutrisi,official-source-recorded; values preserved as published
FR004,"Goose, meat, fresh",Meat and Poultry,377,Raw,2026-09-15T06:22:31.316235+00:00,high,panganku-ifct-377,"Indonesian Food Composition Table (IFCT), searchable web table",https://www.panganku.org/en-EN/semua_nutrisi,official-source-recorded; values preserved as published
ER078,"Goroho banana, fresh",Fruits,378,Raw,2026-09-15T06:22:31.316238+00:00,high,panganku-ifct-378,"Indonesian Food Composition Table (IFCT), searchable web table",https://www.panganku.org/en-EN/semua_nutrisi,official-source-recorded; values preserved as published
ER065,"Granadilla, fresh",Fruits,379,Raw,2026-09-15T06:22:31.316241+00:00,high,panganku-ifct-379,"Indonesian Food Composition Table (IFCT), searchable web table",https://www.panganku.org/en-EN/semua_nutrisi,official-source-recorded; values preserved as published
ER027,"Granadilla, fresh",Fruits,380,Raw,2026-09-15T06:22:31.316244+00:00,high,panganku-ifct-380,"Indonesian Food Composition Table (IFCT), searchable web table",https://www.panganku.org/en-EN/semua_nutrisi,official-source-recorded; values preserved as published
ER079,"Green Banana,  fresh",Fruits,381,Raw,2026-09-15T06:22:31.316247+00:00,high,panganku-ifct-381,"Indonesian Food Composition Table (IFCT), searchable web table",https://www.panganku.org/en-EN/semua_nutrisi,official-source-recorded; values preserved as published
NR012,"Green chili, fresh",Herbs and Spices,382,Raw,2026-09-15T06:22:31.316250+00:00,high,panganku-ifct-382,"Indonesian Food Composition Table (IFCT), searchable web table",https://www.panganku.org/en-EN/semua_nutrisi,official-source-recorded; values preserved as published
CR008,"Green pea, fresh",Grains and Legumes,383,Raw,2026-09-15T06:22:31.316253+00:00,high,panganku-ifct-383,"Indonesian Food Composition Table (IFCT), searchable web table",https://www.panganku.org/en-EN/semua_nutrisi,official-source-recorded; values preserved as published
GP015,"Green snapper, salted",Fish and Other Seafood,384,Processed/Products,2026-09-15T06:22:31.316256+00:00,high,panganku-ifct-384,"Indonesian Food Composition Table (IFCT), searchable web table",https://www.panganku.org/en-EN/semua_nutrisi,official-source-recorded; values preserved as published
DR162,"Green tomato, fresh",Vegetables,385,Raw,2026-09-15T06:22:31.316259+00:00,high,panganku-ifct-385,"Indonesian Food Composition Table (IFCT), searchable web table",https://www.panganku.org/en-EN/semua_nutrisi,official-source-recorded; values preserved as published
GP017,Grilled catfish,Fish and Other Seafood,386,Processed/Products,2026-09-15T06:22:31.316263+00:00,high,panganku-ifct-386,"Indonesian Food Composition Table (IFCT), searchable web table",https://www.panganku.org/en-EN/semua_nutrisi,official-source-recorded; values preserved as published
GP007,Grilled Indonesian featherback,Fish and Other Seafood,387,Processed/Products,2026-09-15T06:22:31.316266+00:00,high,panganku-ifct-387,"Indonesian Food Composition Table (IFCT), searchable web table",https://www.panganku.org/en-EN/semua_nutrisi,official-source-recorded; values preserved as published
ER031,Guava,Fruits,388,Raw,2026-09-15T06:22:31.316269+00:00,high,panganku-ifct-388,"Indonesian Food Composition Table (IFCT), searchable web table",https://www.panganku.org/en-EN/semua_nutrisi,official-source-recorded; values preserved as published
DP032,"Gudeg, vegetables",Vegetables,389,Processed/Products,2026-09-15T06:22:31.316272+00:00,high,panganku-ifct-389,"Indonesian Food Composition Table (IFCT), searchable web table",https://www.panganku.org/en-EN/semua_nutrisi,official-source-recorded; values preserved as published
GP063,"Gulai asam keueung, dish",Fish and Other Seafood,390,Processed/Products,2026-09-15T06:22:31.316275+00:00,high,panganku-ifct-390,"Indonesian Food Composition Table (IFCT), searchable web table",https://www.panganku.org/en-EN/semua_nutrisi,official-source-recorded; values preserved as published
GP064,"Gulai ikan paya, dish",Fish and Other Seafood,391,Processed/Products,2026-09-15T06:22:31.316278+00:00,high,panganku-ifct-391,"Indonesian Food Composition Table (IFCT), searchable web table",https://www.panganku.org/en-EN/semua_nutrisi,official-source-recorded; values preserved as published
GP066,"Gulai keumamah, dish",Fish and Other Seafood,392,Processed/Products,2026-09-15T06:22:31.316281+00:00,high,panganku-ifct-392,"Indonesian Food Composition Table (IFCT), searchable web table",https://www.panganku.org/en-EN/semua_nutrisi,official-source-recorded; values preserved as published
BP030,Gurandil,Starchy Roots & Tubers,393,Processed/Products,2026-09-15T06:22:31.316285+00:00,high,panganku-ifct-393,"Indonesian Food Composition Table (IFCT), searchable web table",https://www.panganku.org/en-EN/semua_nutrisi,official-source-recorded; values preserved as published
FP005,Ham,Meat and Poultry,394,Processed/Products,2026-09-15T06:22:31.316288+00:00,high,panganku-ifct-394,"Indonesian Food Composition Table (IFCT), searchable web table",https://www.panganku.org/en-EN/semua_nutrisi,official-source-recorded; values preserved as published
JP002,Hangop,Milk and Dairy Products,395,Processed/Products,2026-09-15T06:22:31.316291+00:00,high,panganku-ifct-395,"Indonesian Food Composition Table (IFCT), searchable web table",https://www.panganku.org/en-EN/semua_nutrisi,official-source-recorded; values preserved as published
GP033,"Hara fish, dish",Fish and Other Seafood,396,Processed/Products,2026-09-15T06:22:31.316294+00:00,high,panganku-ifct-396,"Indonesian Food Composition Table (IFCT), searchable web table",https://www.panganku.org/en-EN/semua_nutrisi,official-source-recorded; values preserved as published
ER058,"Harumanis/arumanis mango,fresh",Fruits,397,Raw,2026-09-15T06:22:31.316297+00:00,high,panganku-ifct-397,"Indonesian Food Composition Table (IFCT), searchable web table",https://www.panganku.org/en-EN/semua_nutrisi,official-source-recorded; values preserved as published
GR008,"Hemibagrus catfish, fresh",Fish and Other Seafood,398,Raw,2026-09-15T06:22:31.316300+00:00,high,panganku-ifct-398,"Indonesian Food Composition Table (IFCT), searchable web table",https://www.panganku.org/en-EN/semua_nutrisi,official-source-recorded; values preserved as published
GP006,"Hemibagrus catfish, grilled",Fish and Other Seafood,399,Processed/Products,2026-09-15T06:22:31.316303+00:00,high,panganku-ifct-399,"Indonesian Food Composition Table (IFCT), searchable web table",https://www.panganku.org/en-EN/semua_nutrisi,official-source-recorded; values preserved as published
GR017,"Herring, fresh",Fish and Other Seafood,400,Raw,2026-09-15T06:22:31.316306+00:00,high,panganku-ifct-400,"Indonesian Food Composition Table (IFCT), searchable web table",https://www.panganku.org/en-EN/semua_nutrisi,official-source-recorded; values preserved as published
GR026,"Heu fish, fresh",Fish and Other Seafood,401,Raw,2026-09-15T06:22:31.316309+00:00,high,panganku-ifct-401,"Indonesian Food Composition Table (IFCT), searchable web table",https://www.panganku.org/en-EN/semua_nutrisi,official-source-recorded; values preserved as published
DR158,"Hintaro eggplant, fresh",Vegetables,402,Raw,2026-09-15T06:22:31.316312+00:00,high,panganku-ifct-402,"Indonesian Food Composition Table (IFCT), searchable web table",https://www.panganku.org/en-EN/semua_nutrisi,official-source-recorded; values preserved as published
BR011,"Hofa/wild tuber, fresh",Starchy Roots & Tubers,403,Raw,2026-09-15T06:22:31.316315+00:00,high,panganku-ifct-403,"Indonesian Food Composition Table (IFCT), searchable web table",https://www.panganku.org/en-EN/semua_nutrisi,official-source-recorded; values preserved as published
MP010,Honey,Convectionery,404,Processed/Products,2026-09-15T06:22:31.316318+00:00,high,panganku-ifct-404,"Indonesian Food Composition Table (IFCT), searchable web table",https://www.panganku.org/en-EN/semua_nutrisi,official-source-recorded; values preserved as published
JR005,"Horse milk, fresh",Milk and Dairy Products,405,Raw,2026-09-15T06:22:31.316322+00:00,high,panganku-ifct-405,"Indonesian Food Composition Table (IFCT), searchable web table",https://www.panganku.org/en-EN/semua_nutrisi,official-source-recorded; values preserved as published
FR022,"Horse, meat, fresh",Meat and Poultry,406,Raw,2026-09-15T06:22:31.316325+00:00,high,panganku-ifct-406,"Indonesian Food Composition Table (IFCT), searchable web table",https://www.panganku.org/en-EN/semua_nutrisi,official-source-recorded; values preserved as published
CP084,"Hunkwe, flour (Mungbean starch)",Grains and Legumes,407,Processed/Products,2026-09-15T06:22:31.316328+00:00,high,panganku-ifct-407,"Indonesian Food Composition Table (IFCT), searchable web table",https://www.panganku.org/en-EN/semua_nutrisi,official-source-recorded; values preserved as published
DR112,Hyacinth bean,Vegetables,408,Raw,2026-09-15T06:22:31.316331+00:00,high,panganku-ifct-408,"Indonesian Food Composition Table (IFCT), searchable web table",https://www.panganku.org/en-EN/semua_nutrisi,official-source-recorded; values preserved as published
DR045,"Hyacinth bean leaves, fresh",Vegetables,409,Raw,2026-09-15T06:22:31.316334+00:00,high,panganku-ifct-409,"Indonesian Food Composition Table (IFCT), searchable web table",https://www.panganku.org/en-EN/semua_nutrisi,official-source-recorded; values preserved as published
CR040,"Hyacinth bean, andong, dried",Grains and Legumes,410,Raw,2026-09-15T06:22:31.316337+00:00,high,panganku-ifct-410,"Indonesian Food Composition Table (IFCT), searchable web table",https://www.panganku.org/en-EN/semua_nutrisi,official-source-recorded; values preserved as published
CR041,"Hyacinth bean, benguk, seeds, dried",Grains and Legumes,411,Raw,2026-09-15T06:22:31.316340+00:00,high,panganku-ifct-411,"Indonesian Food Composition Table (IFCT), searchable web table",https://www.panganku.org/en-EN/semua_nutrisi,official-source-recorded; values preserved as published
CP025,"Hyacinth bean, emping",Grains and Legumes,412,Processed/Products,2026-09-15T06:22:31.316343+00:00,high,panganku-ifct-412,"Indonesian Food Composition Table (IFCT), searchable web table",https://www.panganku.org/en-EN/semua_nutrisi,official-source-recorded; values preserved as published
CR020,"Hyacinth bean, fresh",Grains and Legumes,413,Raw,2026-09-15T06:22:31.316346+00:00,high,panganku-ifct-413,"Indonesian Food Composition Table (IFCT), searchable web table",https://www.panganku.org/en-EN/semua_nutrisi,official-source-recorded; values preserved as published
CR042,"Hyacinth bean, kerupuk, seeds, fresh",Grains and Legumes,414,Raw,2026-09-15T06:22:31.316349+00:00,high,panganku-ifct-414,"Indonesian Food Composition Table (IFCT), searchable web table",https://www.panganku.org/en-EN/semua_nutrisi,official-source-recorded; values preserved as published
CR043,"Hyacinth bean, loke, seeds, fresh",Grains and Legumes,415,Raw,2026-09-15T06:22:31.316352+00:00,high,panganku-ifct-415,"Indonesian Food Composition Table (IFCT), searchable web table",https://www.panganku.org/en-EN/semua_nutrisi,official-source-recorded; values preserved as published
CR039,"Hyacinth bean, pod, fresh",Grains and Legumes,416,Raw,2026-09-15T06:22:31.316356+00:00,high,panganku-ifct-416,"Indonesian Food Composition Table (IFCT), searchable web table",https://www.panganku.org/en-EN/semua_nutrisi,official-source-recorded; values preserved as published
CR044,"Hyacinth bean, roay, dried",Grains and Legumes,417,Raw,2026-09-15T06:22:31.316359+00:00,high,panganku-ifct-417,"Indonesian Food Composition Table (IFCT), searchable web table",https://www.panganku.org/en-EN/semua_nutrisi,official-source-recorded; values preserved as published
DR116,"Hyacinth bean, seeds, dried",Vegetables,418,Raw,2026-09-15T06:22:31.316362+00:00,high,panganku-ifct-418,"Indonesian Food Composition Table (IFCT), searchable web table",https://www.panganku.org/en-EN/semua_nutrisi,official-source-recorded; values preserved as published
CR045,"Hyacinth bean, wedus, seeds, dried",Grains and Legumes,419,Raw,2026-09-15T06:22:31.316365+00:00,high,panganku-ifct-419,"Indonesian Food Composition Table (IFCT), searchable web table",https://www.panganku.org/en-EN/semua_nutrisi,official-source-recorded; values preserved as published
ER053,"Ice apple, fresh",Fruits,420,Raw,2026-09-15T06:22:31.316368+00:00,high,panganku-ifct-420,"Indonesian Food Composition Table (IFCT), searchable web table",https://www.panganku.org/en-EN/semua_nutrisi,official-source-recorded; values preserved as published
JP001,Ice cream,Milk and Dairy Products,421,Processed/Products,2026-09-15T06:22:31.316371+00:00,high,panganku-ifct-421,"Indonesian Food Composition Table (IFCT), searchable web table",https://www.panganku.org/en-EN/semua_nutrisi,official-source-recorded; values preserved as published
GP013,"Ikan gete, fried",Fish and Other Seafood,422,Processed/Products,2026-09-15T06:22:31.316375+00:00,high,panganku-ifct-422,"Indonesian Food Composition Table (IFCT), searchable web table",https://www.panganku.org/en-EN/semua_nutrisi,official-source-recorded; values preserved as published
GP010,"Ikan peda, raw",Fish and Other Seafood,423,Processed/Products,2026-09-15T06:22:31.316378+00:00,high,panganku-ifct-423,"Indonesian Food Composition Table (IFCT), searchable web table",https://www.panganku.org/en-EN/semua_nutrisi,official-source-recorded; values preserved as published
GP028,"Ikan pindang benggol, raw",Fish and Other Seafood,424,Processed/Products,2026-09-15T06:22:31.316381+00:00,high,panganku-ifct-424,"Indonesian Food Composition Table (IFCT), searchable web table",https://www.panganku.org/en-EN/semua_nutrisi,official-source-recorded; values preserved as published
DR021,"Indian camphorweed, leaves",Vegetables,425,Raw,2026-09-15T06:22:31.316384+00:00,high,panganku-ifct-425,"Indonesian Food Composition Table (IFCT), searchable web table",https://www.panganku.org/en-EN/semua_nutrisi,official-source-recorded; values preserved as published
DR029,"Indian goosegrass, leaves",Vegetables,426,Raw,2026-09-15T06:22:31.316388+00:00,high,panganku-ifct-426,"Indonesian Food Composition Table (IFCT), searchable web table",https://www.panganku.org/en-EN/semua_nutrisi,official-source-recorded; values preserved as published
ER010,"Indian jujube, fresh",Fruits,427,Raw,2026-09-15T06:22:31.316391+00:00,high,panganku-ifct-427,"Indonesian Food Composition Table (IFCT), searchable web table",https://www.panganku.org/en-EN/semua_nutrisi,official-source-recorded; values preserved as published
GR048,"Indian mackerel, fresh",Fish and Other Seafood,428,Raw,2026-09-15T06:22:31.316394+00:00,high,panganku-ifct-428,"Indonesian Food Composition Table (IFCT), searchable web table",https://www.panganku.org/en-EN/semua_nutrisi,official-source-recorded; values preserved as published
GR036,"Indian mackerel, mackerel, fresh",Fish and Other Seafood,429,Raw,2026-09-15T06:22:31.316397+00:00,high,panganku-ifct-429,"Indonesian Food Composition Table (IFCT), searchable web table",https://www.panganku.org/en-EN/semua_nutrisi,official-source-recorded; values preserved as published
AP081,Indian martabak,Cereals,430,Processed/Products,2026-09-15T06:22:31.316400+00:00,high,panganku-ifct-430,"Indonesian Food Composition Table (IFCT), searchable web table",https://www.panganku.org/en-EN/semua_nutrisi,official-source-recorded; values preserved as published
DR056,"Indian mulberry leaves, fresh",Vegetables,431,Raw,2026-09-15T06:22:31.316403+00:00,high,panganku-ifct-431,"Indonesian Food Composition Table (IFCT), searchable web table",https://www.panganku.org/en-EN/semua_nutrisi,official-source-recorded; values preserved as published
DP007,"Indian mulberry, steamed",Vegetables,432,Processed/Products,2026-09-15T06:22:31.316406+00:00,high,panganku-ifct-432,"Indonesian Food Composition Table (IFCT), searchable web table",https://www.panganku.org/en-EN/semua_nutrisi,official-source-recorded; values preserved as published
DR042,"Indian mustard leaves, fresh",Vegetables,433,Raw,2026-09-15T06:22:31.316410+00:00,high,panganku-ifct-433,"Indonesian Food Composition Table (IFCT), searchable web table",https://www.panganku.org/en-EN/semua_nutrisi,official-source-recorded; values preserved as published
ER017,"Indian plum, fresh",Fruits,434,Raw,2026-09-15T06:22:31.316413+00:00,high,panganku-ifct-434,"Indonesian Food Composition Table (IFCT), searchable web table",https://www.panganku.org/en-EN/semua_nutrisi,official-source-recorded; values preserved as published
GR046,"Indian scad, fresh",Fish and Other Seafood,435,Raw,2026-09-15T06:22:31.316416+00:00,high,panganku-ifct-435,"Indonesian Food Composition Table (IFCT), searchable web table",https://www.panganku.org/en-EN/semua_nutrisi,official-source-recorded; values preserved as published
GR010,"Indonesian featherback, fresh",Fish and Other Seafood,436,Raw,2026-09-15T06:22:31.316419+00:00,high,panganku-ifct-436,"Indonesian Food Composition Table (IFCT), searchable web table",https://www.panganku.org/en-EN/semua_nutrisi,official-source-recorded; values preserved as published
DR095,"Indonesian kabau, fresh",Vegetables,437,Raw,2026-09-15T06:22:31.316422+00:00,high,panganku-ifct-437,"Indonesian Food Composition Table (IFCT), searchable web table",https://www.panganku.org/en-EN/semua_nutrisi,official-source-recorded; values preserved as published
ER059,"Indramayu mango, fresh",Fruits,438,Raw,2026-09-15T06:22:31.316425+00:00,high,panganku-ifct-438,"Indonesian Food Composition Table (IFCT), searchable web table",https://www.panganku.org/en-EN/semua_nutrisi,official-source-recorded; values preserved as published
MP009,Instant coffee powder,Convectionery,439,Processed/Products,2026-09-15T06:22:31.316428+00:00,high,panganku-ifct-439,"Indonesian Food Composition Table (IFCT), searchable web table",https://www.panganku.org/en-EN/semua_nutrisi,official-source-recorded; values preserved as published
CR050,"Jackfruit, seeds, fresh",Grains and Legumes,440,Raw,2026-09-15T06:22:31.316431+00:00,high,panganku-ifct-440,"Indonesian Food Composition Table (IFCT), searchable web table",https://www.panganku.org/en-EN/semua_nutrisi,official-source-recorded; values preserved as published
DR130,"Jackfruit, unripe, fresh",Vegetables,441,Raw,2026-09-15T06:22:31.316434+00:00,high,panganku-ifct-441,"Indonesian Food Composition Table (IFCT), searchable web table",https://www.panganku.org/en-EN/semua_nutrisi,official-source-recorded; values preserved as published
BP022,"Jackfruit/snakefruit, seeds",Starchy Roots & Tubers,442,Processed/Products,2026-09-15T06:22:31.316437+00:00,high,panganku-ifct-442,"Indonesian Food Composition Table (IFCT), searchable web table",https://www.panganku.org/en-EN/semua_nutrisi,official-source-recorded; values preserved as published
CP085,"Jalejo, flour",Grains and Legumes,443,Processed/Products,2026-09-15T06:22:31.316440+00:00,high,panganku-ifct-443,"Indonesian Food Composition Table (IFCT), searchable web table",https://www.panganku.org/en-EN/semua_nutrisi,official-source-recorded; values preserved as published
MP008,Jam,Convectionery,444,Processed/Products,2026-09-15T06:22:31.316443+00:00,high,panganku-ifct-444,"Indonesian Food Composition Table (IFCT), searchable web table",https://www.panganku.org/en-EN/semua_nutrisi,official-source-recorded; values preserved as published
AR021,"Jampang huma, raw",Cereals,445,Raw,2026-09-15T06:22:31.316446+00:00,high,panganku-ifct-445,"Indonesian Food Composition Table (IFCT), searchable web table",https://www.panganku.org/en-EN/semua_nutrisi,official-source-recorded; values preserved as published
FP048,"Jangang bintatoeng, dish",Meat and Poultry,446,Processed/Products,2026-09-15T06:22:31.316449+00:00,high,panganku-ifct-446,"Indonesian Food Composition Table (IFCT), searchable web table",https://www.panganku.org/en-EN/semua_nutrisi,official-source-recorded; values preserved as published
AP053,Japilus,Cereals,447,Processed/Products,2026-09-15T06:22:31.316452+00:00,high,panganku-ifct-447,"Indonesian Food Composition Table (IFCT), searchable web table",https://www.panganku.org/en-EN/semua_nutrisi,official-source-recorded; values preserved as published
GR001,"Java barb, fresh",Fish and Other Seafood,448,Raw,2026-09-15T06:22:31.316456+00:00,high,panganku-ifct-448,"Indonesian Food Composition Table (IFCT), searchable web table",https://www.panganku.org/en-EN/semua_nutrisi,official-source-recorded; values preserved as published
ER024,"Java plum, fresh",Fruits,449,Raw,2026-09-15T06:22:31.316460+00:00,high,panganku-ifct-449,"Indonesian Food Composition Table (IFCT), searchable web table",https://www.panganku.org/en-EN/semua_nutrisi,official-source-recorded; values preserved as published
DR030,"Jawaw leaf seluang, fresh",Vegetables,450,Raw,2026-09-15T06:22:31.316463+00:00,high,panganku-ifct-450,"Indonesian Food Composition Table (IFCT), searchable web table",https://www.panganku.org/en-EN/semua_nutrisi,official-source-recorded; values preserved as published
DP057,Jengkol stew,Vegetables,451,Processed/Products,2026-09-15T06:22:31.316466+00:00,high,panganku-ifct-451,"Indonesian Food Composition Table (IFCT), searchable web table",https://www.panganku.org/en-EN/semua_nutrisi,official-source-recorded; values preserved as published
BR005,"Jicama, fresh",Starchy Roots & Tubers,452,Raw,2026-09-15T06:22:31.316469+00:00,high,panganku-ifct-452,"Indonesian Food Composition Table (IFCT), searchable web table",https://www.panganku.org/en-EN/semua_nutrisi,official-source-recorded; values preserved as published
GP071,"Jukku pallu kaloa, dish",Fish and Other Seafood,453,Processed/Products,2026-09-15T06:22:31.316472+00:00,high,panganku-ifct-453,"Indonesian Food Composition Table (IFCT), searchable web table",https://www.panganku.org/en-EN/semua_nutrisi,official-source-recorded; values preserved as published
BR012,"Kaburan, tuber, fresh",Starchy Roots & Tubers,454,Raw,2026-09-15T06:22:31.316475+00:00,high,panganku-ifct-454,"Indonesian Food Composition Table (IFCT), searchable web table",https://www.panganku.org/en-EN/semua_nutrisi,official-source-recorded; values preserved as published
BP031,Kabuto,Starchy Roots & Tubers,455,Processed/Products,2026-09-15T06:22:31.316478+00:00,high,panganku-ifct-455,"Indonesian Food Composition Table (IFCT), searchable web table",https://www.panganku.org/en-EN/semua_nutrisi,official-source-recorded; values preserved as published
CP031,Kacang atom,Grains and Legumes,456,Processed/Products,2026-09-15T06:22:31.316482+00:00,high,panganku-ifct-456,"Indonesian Food Composition Table (IFCT), searchable web table",https://www.panganku.org/en-EN/semua_nutrisi,official-source-recorded; values preserved as published
CP032,Kacang goyang,Grains and Legumes,457,Processed/Products,2026-09-15T06:22:31.316485+00:00,high,panganku-ifct-457,"Indonesian Food Composition Table (IFCT), searchable web table",https://www.panganku.org/en-EN/semua_nutrisi,official-source-recorded; values preserved as published
CP033,Kacang negara,Grains and Legumes,458,Processed/Products,2026-09-15T06:22:31.316488+00:00,high,panganku-ifct-458,"Indonesian Food Composition Table (IFCT), searchable web table",https://www.panganku.org/en-EN/semua_nutrisi,official-source-recorded; values preserved as published
CP034,Kacang sukro,Grains and Legumes,459,Processed/Products,2026-09-15T06:22:31.316491+00:00,high,panganku-ifct-459,"Indonesian Food Composition Table (IFCT), searchable web table",https://www.panganku.org/en-EN/semua_nutrisi,official-source-recorded; values preserved as published
CP035,Kacang tanah sari,Grains and Legumes,460,Processed/Products,2026-09-15T06:22:31.316495+00:00,high,panganku-ifct-460,"Indonesian Food Composition Table (IFCT), searchable web table",https://www.panganku.org/en-EN/semua_nutrisi,official-source-recorded; values preserved as published
DP035,Kadada katembe,Vegetables,461,Processed/Products,2026-09-15T06:22:31.316498+00:00,high,panganku-ifct-461,"Indonesian Food Composition Table (IFCT), searchable web table",https://www.panganku.org/en-EN/semua_nutrisi,official-source-recorded; values preserved as published
GP072,"Kaholeo, dish",Fish and Other Seafood,462,Processed/Products,2026-09-15T06:22:31.316501+00:00,high,panganku-ifct-462,"Indonesian Food Composition Table (IFCT), searchable web table",https://www.panganku.org/en-EN/semua_nutrisi,official-source-recorded; values preserved as published
AP054,Kakicak,Cereals,463,Processed/Products,2026-09-15T06:22:31.316504+00:00,high,panganku-ifct-463,"Indonesian Food Composition Table (IFCT), searchable web table",https://www.panganku.org/en-EN/semua_nutrisi,official-source-recorded; values preserved as published
DR099,"Kalakai, fresh",Vegetables,464,Raw,2026-09-15T06:22:31.316507+00:00,high,panganku-ifct-464,"Indonesian Food Composition Table (IFCT), searchable web table",https://www.panganku.org/en-EN/semua_nutrisi,official-source-recorded; values preserved as published
FP024,"Kalasan fried chicken, thigh",Meat and Poultry,465,Processed/Products,2026-09-15T06:22:31.316510+00:00,high,panganku-ifct-465,"Indonesian Food Composition Table (IFCT), searchable web table",https://www.panganku.org/en-EN/semua_nutrisi,official-source-recorded; values preserved as published
FP052,"Kalio brain, dish",Meat and Poultry,466,Processed/Products,2026-09-15T06:22:31.316513+00:00,high,panganku-ifct-466,"Indonesian Food Composition Table (IFCT), searchable web table",https://www.panganku.org/en-EN/semua_nutrisi,official-source-recorded; values preserved as published
FP049,"Kalio chicken, dish",Meat and Poultry,467,Processed/Products,2026-09-15T06:22:31.316516+00:00,high,panganku-ifct-467,"Indonesian Food Composition Table (IFCT), searchable web table",https://www.panganku.org/en-EN/semua_nutrisi,official-source-recorded; values preserved as published
FP051,"Kalio kikil (tunjang), dish",Meat and Poultry,468,Processed/Products,2026-09-15T06:22:31.316526+00:00,high,panganku-ifct-468,"Indonesian Food Composition Table (IFCT), searchable web table",https://www.panganku.org/en-EN/semua_nutrisi,official-source-recorded; values preserved as published
FP050,"Kalio offal, dish",Meat and Poultry,469,Processed/Products,2026-09-15T06:22:31.316529+00:00,high,panganku-ifct-469,"Indonesian Food Composition Table (IFCT), searchable web table",https://www.panganku.org/en-EN/semua_nutrisi,official-source-recorded; values preserved as published
AP055,Kambose,Cereals,470,Processed/Products,2026-09-15T06:22:31.316532+00:00,high,panganku-ifct-470,"Indonesian Food Composition Table (IFCT), searchable web table",https://www.panganku.org/en-EN/semua_nutrisi,official-source-recorded; values preserved as published
GR033,"Kamera fish, fresh",Fish and Other Seafood,471,Raw,2026-09-15T06:22:31.316535+00:00,high,panganku-ifct-471,"Indonesian Food Composition Table (IFCT), searchable web table",https://www.panganku.org/en-EN/semua_nutrisi,official-source-recorded; values preserved as published
DP036,"Kaparende, vegetables",Vegetables,472,Processed/Products,2026-09-15T06:22:31.316538+00:00,high,panganku-ifct-472,"Indonesian Food Composition Table (IFCT), searchable web table",https://www.panganku.org/en-EN/semua_nutrisi,official-source-recorded; values preserved as published
BP032,Kapurung,Starchy Roots & Tubers,473,Processed/Products,2026-09-15T06:22:31.316541+00:00,high,panganku-ifct-473,"Indonesian Food Composition Table (IFCT), searchable web table",https://www.panganku.org/en-EN/semua_nutrisi,official-source-recorded; values preserved as published
AP056,Kapusa,Cereals,474,Processed/Products,2026-09-15T06:22:31.316544+00:00,high,panganku-ifct-474,"Indonesian Food Composition Table (IFCT), searchable web table",https://www.panganku.org/en-EN/semua_nutrisi,official-source-recorded; values preserved as published
DP037,"Karedok, vegetables",Vegetables,475,Processed/Products,2026-09-15T06:22:31.316547+00:00,high,panganku-ifct-475,"Indonesian Food Composition Table (IFCT), searchable web table",https://www.panganku.org/en-EN/semua_nutrisi,official-source-recorded; values preserved as published
AP057,Keddo bodong,Cereals,476,Processed/Products,2026-09-15T06:22:31.316551+00:00,high,panganku-ifct-476,"Indonesian Food Composition Table (IFCT), searchable web table",https://www.panganku.org/en-EN/semua_nutrisi,official-source-recorded; values preserved as published
ER095,"Keffir lime, fresh",Fruits,477,Raw,2026-09-15T06:22:31.316554+00:00,high,panganku-ifct-477,"Indonesian Food Composition Table (IFCT), searchable web table",https://www.panganku.org/en-EN/semua_nutrisi,official-source-recorded; values preserved as published
ER009,"Kelenting fruit, fresh",Fruits,478,Raw,2026-09-15T06:22:31.316557+00:00,high,panganku-ifct-478,"Indonesian Food Composition Table (IFCT), searchable web table",https://www.panganku.org/en-EN/semua_nutrisi,official-source-recorded; values preserved as published
AP058,"Kelepon, kue",Cereals,479,Processed/Products,2026-09-15T06:22:31.316561+00:00,high,panganku-ifct-479,"Indonesian Food Composition Table (IFCT), searchable web table",https://www.panganku.org/en-EN/semua_nutrisi,official-source-recorded; values preserved as published
DR039,"Kemang leaves, fresh",Vegetables,480,Raw,2026-09-15T06:22:31.316564+00:00,high,panganku-ifct-480,"Indonesian Food Composition Table (IFCT), searchable web table",https://www.panganku.org/en-EN/semua_nutrisi,official-source-recorded; values preserved as published
ER047,"Kemang, fresh",Fruits,481,Raw,2026-09-15T06:22:31.316568+00:00,high,panganku-ifct-481,"Indonesian Food Composition Table (IFCT), searchable web table",https://www.panganku.org/en-EN/semua_nutrisi,official-source-recorded; values preserved as published
BP041,"Kemplang  (fish), chips, raw",Starchy Roots & Tubers,482,Processed/Products,2026-09-15T06:22:31.316571+00:00,high,panganku-ifct-482,"Indonesian Food Composition Table (IFCT), searchable web table",https://www.panganku.org/en-EN/semua_nutrisi,official-source-recorded; values preserved as published
BP042,"Kemplang, chips, fried",Starchy Roots & Tubers,483,Processed/Products,2026-09-15T06:22:31.316574+00:00,high,panganku-ifct-483,"Indonesian Food Composition Table (IFCT), searchable web table",https://www.panganku.org/en-EN/semua_nutrisi,official-source-recorded; values preserved as published
BP043,"Kemplang, chips, roasted",Starchy Roots & Tubers,484,Processed/Products,2026-09-15T06:22:31.316577+00:00,high,panganku-ifct-484,"Indonesian Food Composition Table (IFCT), searchable web table",https://www.panganku.org/en-EN/semua_nutrisi,official-source-recorded; values preserved as published
FP025,"Kentucky fried chicken, breast",Meat and Poultry,485,Processed/Products,2026-09-15T06:22:31.316580+00:00,high,panganku-ifct-485,"Indonesian Food Composition Table (IFCT), searchable web table",https://www.panganku.org/en-EN/semua_nutrisi,official-source-recorded; values preserved as published
FP026,"Kentucky fried chicken, thigh",Meat and Poultry,486,Processed/Products,2026-09-15T06:22:31.316584+00:00,high,panganku-ifct-486,"Indonesian Food Composition Table (IFCT), searchable web table",https://www.panganku.org/en-EN/semua_nutrisi,official-source-recorded; values preserved as published
FP027,"Kentucky fried chicken, wings",Meat and Poultry,487,Processed/Products,2026-09-15T06:22:31.316587+00:00,high,panganku-ifct-487,"Indonesian Food Composition Table (IFCT), searchable web table",https://www.panganku.org/en-EN/semua_nutrisi,official-source-recorded; values preserved as published
BP034,Keremes,Starchy Roots & Tubers,488,Processed/Products,2026-09-15T06:22:31.316590+00:00,high,panganku-ifct-488,"Indonesian Food Composition Table (IFCT), searchable web table",https://www.panganku.org/en-EN/semua_nutrisi,official-source-recorded; values preserved as published
AP059,Kereput,Cereals,489,Processed/Products,2026-09-15T06:22:31.316593+00:00,high,panganku-ifct-489,"Indonesian Food Composition Table (IFCT), searchable web table",https://www.panganku.org/en-EN/semua_nutrisi,official-source-recorded; values preserved as published
BR015,"Keribang, tuber, fresh",Starchy Roots & Tubers,490,Raw,2026-09-15T06:22:31.316596+00:00,high,panganku-ifct-490,"Indonesian Food Composition Table (IFCT), searchable web table",https://www.panganku.org/en-EN/semua_nutrisi,official-source-recorded; values preserved as published
FP007,Kerupuk urat,Meat and Poultry,491,Processed/Products,2026-09-15T06:22:31.316599+00:00,high,panganku-ifct-491,"Indonesian Food Composition Table (IFCT), searchable web table",https://www.panganku.org/en-EN/semua_nutrisi,official-source-recorded; values preserved as published
ER082,"Ketip banana, fresh",Fruits,492,Raw,2026-09-15T06:22:31.316603+00:00,high,panganku-ifct-492,"Indonesian Food Composition Table (IFCT), searchable web table",https://www.panganku.org/en-EN/semua_nutrisi,official-source-recorded; values preserved as published
AP060,Ketoprak,Cereals,493,Processed/Products,2026-09-15T06:22:31.316606+00:00,high,panganku-ifct-493,"Indonesian Food Composition Table (IFCT), searchable web table",https://www.panganku.org/en-EN/semua_nutrisi,official-source-recorded; values preserved as published
AP061,Ketupat kandangan,Cereals,494,Processed/Products,2026-09-15T06:22:31.316609+00:00,high,panganku-ifct-494,"Indonesian Food Composition Table (IFCT), searchable web table",https://www.panganku.org/en-EN/semua_nutrisi,official-source-recorded; values preserved as published
GP016,"Keumamah, dried",Fish and Other Seafood,495,Processed/Products,2026-09-15T06:22:31.316612+00:00,high,panganku-ifct-495,"Indonesian Food Composition Table (IFCT), searchable web table",https://www.panganku.org/en-EN/semua_nutrisi,official-source-recorded; values preserved as published
CR024,"Kidney bean (Banda), dried",Grains and Legumes,496,Raw,2026-09-15T06:22:31.316615+00:00,high,panganku-ifct-496,"Indonesian Food Composition Table (IFCT), searchable web table",https://www.panganku.org/en-EN/semua_nutrisi,official-source-recorded; values preserved as published
CR025,"Kidney bean, dark red, dried",Grains and Legumes,497,Raw,2026-09-15T06:22:31.316619+00:00,high,panganku-ifct-497,"Indonesian Food Composition Table (IFCT), searchable web table",https://www.panganku.org/en-EN/semua_nutrisi,official-source-recorded; values preserved as published
CR026,"Kidney bean, dried",Grains and Legumes,498,Raw,2026-09-15T06:22:31.316622+00:00,high,panganku-ifct-498,"Indonesian Food Composition Table (IFCT), searchable web table",https://www.panganku.org/en-EN/semua_nutrisi,official-source-recorded; values preserved as published
CP008,"Kidney bean, dried, boiled",Grains and Legumes,499,Processed/Products,2026-09-15T06:22:31.316625+00:00,high,panganku-ifct-499,"Indonesian Food Composition Table (IFCT), searchable web table",https://www.panganku.org/en-EN/semua_nutrisi,official-source-recorded; values preserved as published
CR027,"Kidney bean, fresh",Grains and Legumes,500,Raw,2026-09-15T06:22:31.316628+00:00,high,panganku-ifct-500,"Indonesian Food Composition Table (IFCT), searchable web table",https://www.panganku.org/en-EN/semua_nutrisi,official-source-recorded; values preserved as published
CP009,"Kidney bean, fresh, boiled",Grains and Legumes,501,Processed/Products,2026-09-15T06:22:31.316631+00:00,high,panganku-ifct-501,"Indonesian Food Composition Table (IFCT), searchable web table",https://www.panganku.org/en-EN/semua_nutrisi,official-source-recorded; values preserved as published
CR019,"Kincai nut, dried",Grains and Legumes,502,Raw,2026-09-15T06:22:31.316634+00:00,high,panganku-ifct-502,"Indonesian Food Composition Table (IFCT), searchable web table",https://www.panganku.org/en-EN/semua_nutrisi,official-source-recorded; values preserved as published
GR014,"Kissing gourami, fresh",Fish and Other Seafood,503,Raw,2026-09-15T06:22:31.316637+00:00,high,panganku-ifct-503,"Indonesian Food Composition Table (IFCT), searchable web table",https://www.panganku.org/en-EN/semua_nutrisi,official-source-recorded; values preserved as published
NR021,Kluwek,Herbs and Spices,504,Raw,2026-09-15T06:22:31.316640+00:00,high,panganku-ifct-504,"Indonesian Food Composition Table (IFCT), searchable web table",https://www.panganku.org/en-EN/semua_nutrisi,official-source-recorded; values preserved as published
DP050,Kohu-kohu soup,Vegetables,505,Processed/Products,2026-09-15T06:22:31.316643+00:00,high,panganku-ifct-505,"Indonesian Food Composition Table (IFCT), searchable web table",https://www.panganku.org/en-EN/semua_nutrisi,official-source-recorded; values preserved as published
FP072,"Konro soup, dish",Meat and Poultry,506,Processed/Products,2026-09-15T06:22:31.316646+00:00,high,panganku-ifct-506,"Indonesian Food Composition Table (IFCT), searchable web table",https://www.panganku.org/en-EN/semua_nutrisi,official-source-recorded; values preserved as published
DR074,"Kopang cassava leaves, fresh",Vegetables,507,Raw,2026-09-15T06:22:31.316649+00:00,high,panganku-ifct-507,"Indonesian Food Composition Table (IFCT), searchable web table",https://www.panganku.org/en-EN/semua_nutrisi,official-source-recorded; values preserved as published
ER060,"Kopek mango,fresh",Fruits,508,Raw,2026-09-15T06:22:31.316652+00:00,high,panganku-ifct-508,"Indonesian Food Composition Table (IFCT), searchable web table",https://www.panganku.org/en-EN/semua_nutrisi,official-source-recorded; values preserved as published
DR115,"Koro crackers, pods",Vegetables,509,Raw,2026-09-15T06:22:31.316655+00:00,high,panganku-ifct-509,"Indonesian Food Composition Table (IFCT), searchable web table",https://www.panganku.org/en-EN/semua_nutrisi,official-source-recorded; values preserved as published
DR043,"Koro leaves, fresh",Vegetables,510,Raw,2026-09-15T06:22:31.316658+00:00,high,panganku-ifct-510,"Indonesian Food Composition Table (IFCT), searchable web table",https://www.panganku.org/en-EN/semua_nutrisi,official-source-recorded; values preserved as published
DP039,Kotiu hinela tawang nggole,Vegetables,511,Processed/Products,2026-09-15T06:22:31.316661+00:00,high,panganku-ifct-511,"Indonesian Food Composition Table (IFCT), searchable web table",https://www.panganku.org/en-EN/semua_nutrisi,official-source-recorded; values preserved as published
AP062,Koya,Cereals,512,Processed/Products,2026-09-15T06:22:31.316664+00:00,high,panganku-ifct-512,"Indonesian Food Composition Table (IFCT), searchable web table",https://www.panganku.org/en-EN/semua_nutrisi,official-source-recorded; values preserved as published
AP063,Koya mirasa,Cereals,513,Processed/Products,2026-09-15T06:22:31.316667+00:00,high,panganku-ifct-513,"Indonesian Food Composition Table (IFCT), searchable web table",https://www.panganku.org/en-EN/semua_nutrisi,official-source-recorded; values preserved as published
AP064,Koyabu,Cereals,514,Processed/Products,2026-09-15T06:22:31.316670+00:00,high,panganku-ifct-514,"Indonesian Food Composition Table (IFCT), searchable web table",https://www.panganku.org/en-EN/semua_nutrisi,official-source-recorded; values preserved as published
AP065,Kue ali,Cereals,515,Processed/Products,2026-09-15T06:22:31.316673+00:00,high,panganku-ifct-515,"Indonesian Food Composition Table (IFCT), searchable web table",https://www.panganku.org/en-EN/semua_nutrisi,official-source-recorded; values preserved as published
AP066,Kue bangen,Cereals,516,Processed/Products,2026-09-15T06:22:31.316676+00:00,high,panganku-ifct-516,"Indonesian Food Composition Table (IFCT), searchable web table",https://www.panganku.org/en-EN/semua_nutrisi,official-source-recorded; values preserved as published
AP067,Kue gelang,Cereals,517,Processed/Products,2026-09-15T06:22:31.316679+00:00,high,panganku-ifct-517,"Indonesian Food Composition Table (IFCT), searchable web table",https://www.panganku.org/en-EN/semua_nutrisi,official-source-recorded; values preserved as published
AP070,Kue koa,Cereals,518,Processed/Products,2026-09-15T06:22:31.316682+00:00,high,panganku-ifct-518,"Indonesian Food Composition Table (IFCT), searchable web table",https://www.panganku.org/en-EN/semua_nutrisi,official-source-recorded; values preserved as published
AP071,Kue ku temu,Cereals,519,Processed/Products,2026-09-15T06:22:31.316685+00:00,high,panganku-ifct-519,"Indonesian Food Composition Table (IFCT), searchable web table",https://www.panganku.org/en-EN/semua_nutrisi,official-source-recorded; values preserved as published
AP072,Kue lumpur,Cereals,520,Processed/Products,2026-09-15T06:22:31.316688+00:00,high,panganku-ifct-520,"Indonesian Food Composition Table (IFCT), searchable web table",https://www.panganku.org/en-EN/semua_nutrisi,official-source-recorded; values preserved as published
AP073,Kue pelita,Cereals,521,Processed/Products,2026-09-15T06:22:31.316691+00:00,high,panganku-ifct-521,"Indonesian Food Composition Table (IFCT), searchable web table",https://www.panganku.org/en-EN/semua_nutrisi,official-source-recorded; values preserved as published
AP074,Kue putu cangkir,Cereals,522,Processed/Products,2026-09-15T06:22:31.316695+00:00,high,panganku-ifct-522,"Indonesian Food Composition Table (IFCT), searchable web table",https://www.panganku.org/en-EN/semua_nutrisi,official-source-recorded; values preserved as published
AP076,Kue thipan,Cereals,523,Processed/Products,2026-09-15T06:22:31.316698+00:00,high,panganku-ifct-523,"Indonesian Food Composition Table (IFCT), searchable web table",https://www.panganku.org/en-EN/semua_nutrisi,official-source-recorded; values preserved as published
CP046,Kwaci (dried sunflower seeds),Grains and Legumes,524,Processed/Products,2026-09-15T06:22:31.316701+00:00,high,panganku-ifct-524,"Indonesian Food Composition Table (IFCT), searchable web table",https://www.panganku.org/en-EN/semua_nutrisi,official-source-recorded; values preserved as published
ER061,"Kweni mango, fresh",Fruits,525,Raw,2026-09-15T06:22:31.316704+00:00,high,panganku-ifct-525,"Indonesian Food Composition Table (IFCT), searchable web table",https://www.panganku.org/en-EN/semua_nutrisi,official-source-recorded; values preserved as published
ER087,"Lady finger banana, fresh",Fruits,526,Raw,2026-09-15T06:22:31.316707+00:00,high,panganku-ifct-526,"Indonesian Food Composition Table (IFCT), searchable web table",https://www.panganku.org/en-EN/semua_nutrisi,official-source-recorded; values preserved as published
AP077,Laksa/Putu mayang,Cereals,527,Processed/Products,2026-09-15T06:22:31.316710+00:00,high,panganku-ifct-527,"Indonesian Food Composition Table (IFCT), searchable web table",https://www.panganku.org/en-EN/semua_nutrisi,official-source-recorded; values preserved as published
FR018,"Lamb, kidney, fresh",Meat and Poultry,528,Raw,2026-09-15T06:22:31.316713+00:00,high,panganku-ifct-528,"Indonesian Food Composition Table (IFCT), searchable web table",https://www.panganku.org/en-EN/semua_nutrisi,official-source-recorded; values preserved as published
FR016,"Lamb, meat, fat, fresh",Meat and Poultry,529,Raw,2026-09-15T06:22:31.316716+00:00,high,panganku-ifct-529,"Indonesian Food Composition Table (IFCT), searchable web table",https://www.panganku.org/en-EN/semua_nutrisi,official-source-recorded; values preserved as published
FR017,"Lamb, meat, lean, fresh",Meat and Poultry,530,Raw,2026-09-15T06:22:31.316719+00:00,high,panganku-ifct-530,"Indonesian Food Composition Table (IFCT), searchable web table",https://www.panganku.org/en-EN/semua_nutrisi,official-source-recorded; values preserved as published
EP004,Lampung cracker,Fruits,531,Processed/Products,2026-09-15T06:22:31.316722+00:00,high,panganku-ifct-531,"Indonesian Food Composition Table (IFCT), searchable web table",https://www.panganku.org/en-EN/semua_nutrisi,official-source-recorded; values preserved as published
DP027,Lamtoro wrapped in banana leaves,Vegetables,532,Processed/Products,2026-09-15T06:22:31.316725+00:00,high,panganku-ifct-532,"Indonesian Food Composition Table (IFCT), searchable web table",https://www.panganku.org/en-EN/semua_nutrisi,official-source-recorded; values preserved as published
ER049,"Langsat, fresh",Fruits,533,Raw,2026-09-15T06:22:31.316728+00:00,high,panganku-ifct-533,"Indonesian Food Composition Table (IFCT), searchable web table",https://www.panganku.org/en-EN/semua_nutrisi,official-source-recorded; values preserved as published
ER051,"Langsat, fresh",Fruits,534,Raw,2026-09-15T06:22:31.316731+00:00,high,panganku-ifct-534,"Indonesian Food Composition Table (IFCT), searchable web table",https://www.panganku.org/en-EN/semua_nutrisi,official-source-recorded; values preserved as published
ER022,"Langsat, fresh",Fruits,535,Raw,2026-09-15T06:22:31.316734+00:00,high,panganku-ifct-535,"Indonesian Food Composition Table (IFCT), searchable web table",https://www.panganku.org/en-EN/semua_nutrisi,official-source-recorded; values preserved as published
DR125,"Lantar, fresh",Vegetables,536,Raw,2026-09-15T06:22:31.316737+00:00,high,panganku-ifct-536,"Indonesian Food Composition Table (IFCT), searchable web table",https://www.panganku.org/en-EN/semua_nutrisi,official-source-recorded; values preserved as published
BP048,Lanting getuk,Starchy Roots & Tubers,537,Processed/Products,2026-09-15T06:22:31.316740+00:00,high,panganku-ifct-537,"Indonesian Food Composition Table (IFCT), searchable web table",https://www.panganku.org/en-EN/semua_nutrisi,official-source-recorded; values preserved as published
AP078,Lapis legit,Cereals,538,Processed/Products,2026-09-15T06:22:31.316744+00:00,high,panganku-ifct-538,"Indonesian Food Composition Table (IFCT), searchable web table",https://www.panganku.org/en-EN/semua_nutrisi,official-source-recorded; values preserved as published
GR041,"Large saltwater clam, fresh",Fish and Other Seafood,539,Raw,2026-09-15T06:22:31.316746+00:00,high,panganku-ifct-539,"Indonesian Food Composition Table (IFCT), searchable web table",https://www.panganku.org/en-EN/semua_nutrisi,official-source-recorded; values preserved as published
GR047,"Largehead hairtail, fresh",Fish and Other Seafood,540,Raw,2026-09-15T06:22:31.316749+00:00,high,panganku-ifct-540,"Indonesian Food Composition Table (IFCT), searchable web table",https://www.panganku.org/en-EN/semua_nutrisi,official-source-recorded; values preserved as published
ER088,"Latundan banana, fresh",Fruits,541,Raw,2026-09-15T06:22:31.316752+00:00,high,panganku-ifct-541,"Indonesian Food Composition Table (IFCT), searchable web table",https://www.panganku.org/en-EN/semua_nutrisi,official-source-recorded; values preserved as published
FP055,"Lawara jangang, dish",Meat and Poultry,542,Processed/Products,2026-09-15T06:22:31.316756+00:00,high,panganku-ifct-542,"Indonesian Food Composition Table (IFCT), searchable web table",https://www.panganku.org/en-EN/semua_nutrisi,official-source-recorded; values preserved as published
GP073,"Lawara penjah, dish",Fish and Other Seafood,543,Processed/Products,2026-09-15T06:22:31.316759+00:00,high,panganku-ifct-543,"Indonesian Food Composition Table (IFCT), searchable web table",https://www.panganku.org/en-EN/semua_nutrisi,official-source-recorded; values preserved as published
GR023,"Leaf fish, fresh",Fish and Other Seafood,544,Raw,2026-09-15T06:22:31.316762+00:00,high,panganku-ifct-544,"Indonesian Food Composition Table (IFCT), searchable web table",https://www.panganku.org/en-EN/semua_nutrisi,official-source-recorded; values preserved as published
EP005,Ledre pisang,Fruits,545,Processed/Products,2026-09-15T06:22:31.316765+00:00,high,panganku-ifct-545,"Indonesian Food Composition Table (IFCT), searchable web table",https://www.panganku.org/en-EN/semua_nutrisi,official-source-recorded; values preserved as published
DR049,"Leilem leaves, fresh",Vegetables,546,Raw,2026-09-15T06:22:31.316768+00:00,high,panganku-ifct-546,"Indonesian Food Composition Table (IFCT), searchable web table",https://www.panganku.org/en-EN/semua_nutrisi,official-source-recorded; values preserved as published
DP040,Lema/ Bamboo shoots sour,Vegetables,547,Processed/Products,2026-09-15T06:22:31.316771+00:00,high,panganku-ifct-547,"Indonesian Food Composition Table (IFCT), searchable web table",https://www.panganku.org/en-EN/semua_nutrisi,official-source-recorded; values preserved as published
ER052,"Lemon, fresh",Fruits,548,Raw,2026-09-15T06:22:31.316774+00:00,high,panganku-ifct-548,"Indonesian Food Composition Table (IFCT), searchable web table",https://www.panganku.org/en-EN/semua_nutrisi,official-source-recorded; values preserved as published
EP006,Lempog durian,Fruits,549,Processed/Products,2026-09-15T06:22:31.316777+00:00,high,panganku-ifct-549,"Indonesian Food Composition Table (IFCT), searchable web table",https://www.panganku.org/en-EN/semua_nutrisi,official-source-recorded; values preserved as published
CR021,"Lentils, yellow, dried",Grains and Legumes,550,Raw,2026-09-15T06:22:31.316780+00:00,high,panganku-ifct-550,"Indonesian Food Composition Table (IFCT), searchable web table",https://www.panganku.org/en-EN/semua_nutrisi,official-source-recorded; values preserved as published
GR070,"Leopard coral grouper, fresh",Fish and Other Seafood,551,Raw,2026-09-15T06:22:31.316783+00:00,high,panganku-ifct-551,"Indonesian Food Composition Table (IFCT), searchable web table",https://www.panganku.org/en-EN/semua_nutrisi,official-source-recorded; values preserved as published
GP037,"Leopard coral grouper, salted, raw",Fish and Other Seafood,552,Processed/Products,2026-09-15T06:22:31.316786+00:00,high,panganku-ifct-552,"Indonesian Food Composition Table (IFCT), searchable web table",https://www.panganku.org/en-EN/semua_nutrisi,official-source-recorded; values preserved as published
BR017,Lepok/Nut-grass tuber,Starchy Roots & Tubers,553,Raw,2026-09-15T06:22:31.316789+00:00,high,panganku-ifct-553,"Indonesian Food Composition Table (IFCT), searchable web table",https://www.panganku.org/en-EN/semua_nutrisi,official-source-recorded; values preserved as published
BR010,"Lesser yam, tuber, fresh",Starchy Roots & Tubers,554,Raw,2026-09-15T06:22:31.316792+00:00,high,panganku-ifct-554,"Indonesian Food Composition Table (IFCT), searchable web table",https://www.panganku.org/en-EN/semua_nutrisi,official-source-recorded; values preserved as published
DP016,"Lettuce, boiled",Vegetables,555,Processed/Products,2026-09-15T06:22:31.316795+00:00,high,panganku-ifct-555,"Indonesian Food Composition Table (IFCT), searchable web table",https://www.panganku.org/en-EN/semua_nutrisi,official-source-recorded; values preserved as published
DR145,"Lettuce, fresh",Vegetables,556,Raw,2026-09-15T06:22:31.316798+00:00,high,panganku-ifct-556,"Indonesian Food Composition Table (IFCT), searchable web table",https://www.panganku.org/en-EN/semua_nutrisi,official-source-recorded; values preserved as published
DR031,"Lilac tasselflower leaves, fresh",Vegetables,557,Raw,2026-09-15T06:22:31.316801+00:00,high,panganku-ifct-557,"Indonesian Food Composition Table (IFCT), searchable web table",https://www.panganku.org/en-EN/semua_nutrisi,official-source-recorded; values preserved as published
DP041,Lilin bungkus gedi,Vegetables,558,Processed/Products,2026-09-15T06:22:31.316804+00:00,high,panganku-ifct-558,"Indonesian Food Composition Table (IFCT), searchable web table",https://www.panganku.org/en-EN/semua_nutrisi,official-source-recorded; values preserved as published
ER040,"Lime, fresh",Fruits,559,Raw,2026-09-15T06:22:31.316807+00:00,high,panganku-ifct-559,"Indonesian Food Composition Table (IFCT), searchable web table",https://www.panganku.org/en-EN/semua_nutrisi,official-source-recorded; values preserved as published
DR108,"Little hogweed, fresh",Vegetables,560,Raw,2026-09-15T06:22:31.316810+00:00,high,panganku-ifct-560,"Indonesian Food Composition Table (IFCT), searchable web table",https://www.panganku.org/en-EN/semua_nutrisi,official-source-recorded; values preserved as published
EP007,Loka anjoro,Fruits,561,Processed/Products,2026-09-15T06:22:31.316813+00:00,high,panganku-ifct-561,"Indonesian Food Composition Table (IFCT), searchable web table",https://www.panganku.org/en-EN/semua_nutrisi,official-source-recorded; values preserved as published
DP004,"long beans leaves, boiled",Vegetables,562,Processed/Products,2026-09-15T06:22:31.316816+00:00,high,panganku-ifct-562,"Indonesian Food Composition Table (IFCT), searchable web table",https://www.panganku.org/en-EN/semua_nutrisi,official-source-recorded; values preserved as published
DP019,"Long eggpalnt, steamed",Vegetables,563,Processed/Products,2026-09-15T06:22:31.316819+00:00,high,panganku-ifct-563,"Indonesian Food Composition Table (IFCT), searchable web table",https://www.panganku.org/en-EN/semua_nutrisi,official-source-recorded; values preserved as published
DR159,Long eggplant,Vegetables,564,Raw,2026-09-15T06:22:31.316822+00:00,high,panganku-ifct-564,"Indonesian Food Composition Table (IFCT), searchable web table",https://www.panganku.org/en-EN/semua_nutrisi,official-source-recorded; values preserved as published
DR060,"Longgiho fern leaves, fresh",Vegetables,565,Raw,2026-09-15T06:22:31.316825+00:00,high,panganku-ifct-565,"Indonesian Food Composition Table (IFCT), searchable web table",https://www.panganku.org/en-EN/semua_nutrisi,official-source-recorded; values preserved as published
ER007,"Loquat, fresh",Fruits,566,Raw,2026-09-15T06:22:31.316828+00:00,high,panganku-ifct-566,"Indonesian Food Composition Table (IFCT), searchable web table",https://www.panganku.org/en-EN/semua_nutrisi,official-source-recorded; values preserved as published
DR001,"Lotus root, fresh",Vegetables,567,Raw,2026-09-15T06:22:31.316831+00:00,high,panganku-ifct-567,"Indonesian Food Composition Table (IFCT), searchable web table",https://www.panganku.org/en-EN/semua_nutrisi,official-source-recorded; values preserved as published
AP020,"Macaroni, raw",Cereals,568,Processed/Products,2026-09-15T06:22:31.316834+00:00,high,panganku-ifct-568,"Indonesian Food Composition Table (IFCT), searchable web table",https://www.panganku.org/en-EN/semua_nutrisi,official-source-recorded; values preserved as published
GR052,"Mackerel scad, fresh",Fish and Other Seafood,569,Raw,2026-09-15T06:22:31.316837+00:00,high,panganku-ifct-569,"Indonesian Food Composition Table (IFCT), searchable web table",https://www.panganku.org/en-EN/semua_nutrisi,official-source-recorded; values preserved as published
GR080,"Mackerel tuna, fresh",Fish and Other Seafood,570,Raw,2026-09-15T06:22:31.316840+00:00,high,panganku-ifct-570,"Indonesian Food Composition Table (IFCT), searchable web table",https://www.panganku.org/en-EN/semua_nutrisi,official-source-recorded; values preserved as published
GR035,"Mackerel tuna, fresh",Fish and Other Seafood,571,Raw,2026-09-15T06:22:31.316843+00:00,high,panganku-ifct-571,"Indonesian Food Composition Table (IFCT), searchable web table",https://www.panganku.org/en-EN/semua_nutrisi,official-source-recorded; values preserved as published
DR111,"Madura cucumber, fresh",Vegetables,572,Raw,2026-09-15T06:22:31.316846+00:00,high,panganku-ifct-572,"Indonesian Food Composition Table (IFCT), searchable web table",https://www.panganku.org/en-EN/semua_nutrisi,official-source-recorded; values preserved as published
DR085,"Maize, unripe, fresh",Vegetables,573,Raw,2026-09-15T06:22:31.316849+00:00,high,panganku-ifct-573,"Indonesian Food Composition Table (IFCT), searchable web table",https://www.panganku.org/en-EN/semua_nutrisi,official-source-recorded; values preserved as published
ER003,"Malang apple, fresh",Fruits,574,Raw,2026-09-15T06:22:31.316852+00:00,high,panganku-ifct-574,"Indonesian Food Composition Table (IFCT), searchable web table",https://www.panganku.org/en-EN/semua_nutrisi,official-source-recorded; values preserved as published
ER033,"Malay apple, fresh",Fruits,575,Raw,2026-09-15T06:22:31.316855+00:00,high,panganku-ifct-575,"Indonesian Food Composition Table (IFCT), searchable web table",https://www.panganku.org/en-EN/semua_nutrisi,official-source-recorded; values preserved as published
GR034,"Malay combtail, fresh",Fish and Other Seafood,576,Raw,2026-09-15T06:22:31.316858+00:00,high,panganku-ifct-576,"Indonesian Food Composition Table (IFCT), searchable web table",https://www.panganku.org/en-EN/semua_nutrisi,official-source-recorded; values preserved as published
HR009,"Maleo egg, fresh",Eggs,577,Raw,2026-09-15T06:22:31.316861+00:00,high,panganku-ifct-577,"Indonesian Food Composition Table (IFCT), searchable web table",https://www.panganku.org/en-EN/semua_nutrisi,official-source-recorded; values preserved as published
ER062,"Manalagi mango, fresh",Fruits,578,Raw,2026-09-15T06:22:31.316864+00:00,high,panganku-ifct-578,"Indonesian Food Composition Table (IFCT), searchable web table",https://www.panganku.org/en-EN/semua_nutrisi,official-source-recorded; values preserved as published
AP080,Manan samin,Cereals,579,Processed/Products,2026-09-15T06:22:31.316867+00:00,high,panganku-ifct-579,"Indonesian Food Composition Table (IFCT), searchable web table",https://www.panganku.org/en-EN/semua_nutrisi,official-source-recorded; values preserved as published
ER037,Mandarin orange,Fruits,580,Raw,2026-09-15T06:22:31.316870+00:00,high,panganku-ifct-580,"Indonesian Food Composition Table (IFCT), searchable web table",https://www.panganku.org/en-EN/semua_nutrisi,official-source-recorded; values preserved as published
ER054,"Mango, fresh",Fruits,581,Raw,2026-09-15T06:22:31.316873+00:00,high,panganku-ifct-581,"Indonesian Food Composition Table (IFCT), searchable web table",https://www.panganku.org/en-EN/semua_nutrisi,official-source-recorded; values preserved as published
ER064,"Mangosteen, fresh",Fruits,582,Raw,2026-09-15T06:22:31.316876+00:00,high,panganku-ifct-582,"Indonesian Food Composition Table (IFCT), searchable web table",https://www.panganku.org/en-EN/semua_nutrisi,official-source-recorded; values preserved as published
GR051,"Mangrove clam, fresh",Fish and Other Seafood,583,Raw,2026-09-15T06:22:31.316879+00:00,high,panganku-ifct-583,"Indonesian Food Composition Table (IFCT), searchable web table",https://www.panganku.org/en-EN/semua_nutrisi,official-source-recorded; values preserved as published
ER050,"Manila tamarind, fresh",Fruits,584,Raw,2026-09-15T06:22:31.316882+00:00,high,panganku-ifct-584,"Indonesian Food Composition Table (IFCT), searchable web table",https://www.panganku.org/en-EN/semua_nutrisi,official-source-recorded; values preserved as published
KP001,Margarine,Fat and Oil,585,Processed/Products,2026-09-15T06:22:31.316885+00:00,high,panganku-ifct-585,"Indonesian Food Composition Table (IFCT), searchable web table",https://www.panganku.org/en-EN/semua_nutrisi,official-source-recorded; values preserved as published
MP011,Markisa squash,Convectionery,586,Processed/Products,2026-09-15T06:22:31.316889+00:00,high,panganku-ifct-586,"Indonesian Food Composition Table (IFCT), searchable web table",https://www.panganku.org/en-EN/semua_nutrisi,official-source-recorded; values preserved as published
MP012,"Markisa squash, BD",Convectionery,587,Processed/Products,2026-09-15T06:22:31.316892+00:00,high,panganku-ifct-587,"Indonesian Food Composition Table (IFCT), searchable web table",https://www.panganku.org/en-EN/semua_nutrisi,official-source-recorded; values preserved as published
GR002,"Maroon clownfish, fresh",Fish and Other Seafood,588,Raw,2026-09-15T06:22:31.316895+00:00,high,panganku-ifct-588,"Indonesian Food Composition Table (IFCT), searchable web table",https://www.panganku.org/en-EN/semua_nutrisi,official-source-recorded; values preserved as published
ER085,"Mas bali ampenan banana, fresh",Fruits,589,Raw,2026-09-15T06:22:31.316898+00:00,high,panganku-ifct-589,"Indonesian Food Composition Table (IFCT), searchable web table",https://www.panganku.org/en-EN/semua_nutrisi,official-source-recorded; values preserved as published
ER086,"Mas bali kopang banana, fresh",Fruits,590,Raw,2026-09-15T06:22:31.316901+00:00,high,panganku-ifct-590,"Indonesian Food Composition Table (IFCT), searchable web table",https://www.panganku.org/en-EN/semua_nutrisi,official-source-recorded; values preserved as published
AP083,Masekat,Cereals,591,Processed/Products,2026-09-15T06:22:31.316904+00:00,high,panganku-ifct-591,"Indonesian Food Composition Table (IFCT), searchable web table",https://www.panganku.org/en-EN/semua_nutrisi,official-source-recorded; values preserved as published
ER066,"Matoa, fresh",Fruits,592,Raw,2026-09-15T06:22:31.316907+00:00,high,panganku-ifct-592,"Indonesian Food Composition Table (IFCT), searchable web table",https://www.panganku.org/en-EN/semua_nutrisi,official-source-recorded; values preserved as published
FP028,"Mbok Berek Fried chicken, breast",Meat and Poultry,593,Processed/Products,2026-09-15T06:22:31.316910+00:00,high,panganku-ifct-593,"Indonesian Food Composition Table (IFCT), searchable web table",https://www.panganku.org/en-EN/semua_nutrisi,official-source-recorded; values preserved as published
DR096,"Mecca bean, peas, fresh",Vegetables,594,Raw,2026-09-15T06:22:31.316913+00:00,high,panganku-ifct-594,"Indonesian Food Composition Table (IFCT), searchable web table",https://www.panganku.org/en-EN/semua_nutrisi,official-source-recorded; values preserved as published
CP048,"Melinjo, emping, thick, fried, savory",Grains and Legumes,595,Processed/Products,2026-09-15T06:22:31.316916+00:00,high,panganku-ifct-595,"Indonesian Food Composition Table (IFCT), searchable web table",https://www.panganku.org/en-EN/semua_nutrisi,official-source-recorded; values preserved as published
CP047,"Melinjo, emping, thick, fried, sweet",Grains and Legumes,596,Processed/Products,2026-09-15T06:22:31.316919+00:00,high,panganku-ifct-596,"Indonesian Food Composition Table (IFCT), searchable web table",https://www.panganku.org/en-EN/semua_nutrisi,official-source-recorded; values preserved as published
CP049,"Melinjo, emping, thin, fried",Grains and Legumes,597,Processed/Products,2026-09-15T06:22:31.316922+00:00,high,panganku-ifct-597,"Indonesian Food Composition Table (IFCT), searchable web table",https://www.panganku.org/en-EN/semua_nutrisi,official-source-recorded; values preserved as published
ER067,"Melon, fresh",Fruits,598,Raw,2026-09-15T06:22:31.316925+00:00,high,panganku-ifct-598,"Indonesian Food Composition Table (IFCT), searchable web table",https://www.panganku.org/en-EN/semua_nutrisi,official-source-recorded; values preserved as published
FP008,"Menjangan, meat, jerked meat, raw",Meat and Poultry,599,Processed/Products,2026-09-15T06:22:31.316928+00:00,high,panganku-ifct-599,"Indonesian Food Composition Table (IFCT), searchable web table",https://www.panganku.org/en-EN/semua_nutrisi,official-source-recorded; values preserved as published
ER068,"Menteng, fresh",Fruits,600,Raw,2026-09-15T06:22:31.316931+00:00,high,panganku-ifct-600,"Indonesian Food Composition Table (IFCT), searchable web table",https://www.panganku.org/en-EN/semua_nutrisi,official-source-recorded; values preserved as published
DR017,"Mexican mint, fresh",Vegetables,601,Raw,2026-09-15T06:22:31.316934+00:00,high,panganku-ifct-601,"Indonesian Food Composition Table (IFCT), searchable web table",https://www.panganku.org/en-EN/semua_nutrisi,official-source-recorded; values preserved as published
AP084,"Mie aceh, boiled",Cereals,602,Processed/Products,2026-09-15T06:22:31.316937+00:00,high,panganku-ifct-602,"Indonesian Food Composition Table (IFCT), searchable web table",https://www.panganku.org/en-EN/semua_nutrisi,official-source-recorded; values preserved as published
AP085,Mie ayam,Cereals,603,Processed/Products,2026-09-15T06:22:31.316940+00:00,high,panganku-ifct-603,"Indonesian Food Composition Table (IFCT), searchable web table",https://www.panganku.org/en-EN/semua_nutrisi,official-source-recorded; values preserved as published
AP086,Mie bakso,Cereals,604,Processed/Products,2026-09-15T06:22:31.316943+00:00,high,panganku-ifct-604,"Indonesian Food Composition Table (IFCT), searchable web table",https://www.panganku.org/en-EN/semua_nutrisi,official-source-recorded; values preserved as published
AP087,Mie celon,Cereals,605,Processed/Products,2026-09-15T06:22:31.316946+00:00,high,panganku-ifct-605,"Indonesian Food Composition Table (IFCT), searchable web table",https://www.panganku.org/en-EN/semua_nutrisi,official-source-recorded; values preserved as published
AP088,"Mie pangsit, wet",Cereals,606,Processed/Products,2026-09-15T06:22:31.316949+00:00,high,panganku-ifct-606,"Indonesian Food Composition Table (IFCT), searchable web table",https://www.panganku.org/en-EN/semua_nutrisi,official-source-recorded; values preserved as published
MP003,"Milk chocolate, bar",Convectionery,607,Processed/Products,2026-09-15T06:22:31.316952+00:00,high,panganku-ifct-607,"Indonesian Food Composition Table (IFCT), searchable web table",https://www.panganku.org/en-EN/semua_nutrisi,official-source-recorded; values preserved as published
GR004,"Milkfish, fresh",Fish and Other Seafood,608,Raw,2026-09-15T06:22:31.316955+00:00,high,panganku-ifct-608,"Indonesian Food Composition Table (IFCT), searchable web table",https://www.panganku.org/en-EN/semua_nutrisi,official-source-recorded; values preserved as published
AR020,"Millet, raw",Cereals,609,Raw,2026-09-15T06:22:31.316958+00:00,high,panganku-ifct-609,"Indonesian Food Composition Table (IFCT), searchable web table",https://www.panganku.org/en-EN/semua_nutrisi,official-source-recorded; values preserved as published
AP023,Misua,Cereals,610,Processed/Products,2026-09-15T06:22:31.316961+00:00,high,panganku-ifct-610,"Indonesian Food Composition Table (IFCT), searchable web table",https://www.panganku.org/en-EN/semua_nutrisi,official-source-recorded; values preserved as published
BP068,Mocaf (Modified cassava flour),Starchy Roots & Tubers,611,Processed/Products,2026-09-15T06:22:31.316964+00:00,high,panganku-ifct-611,"Indonesian Food Composition Table (IFCT), searchable web table",https://www.panganku.org/en-EN/semua_nutrisi,official-source-recorded; values preserved as published
GP074,"Model, dish",Fish and Other Seafood,612,Processed/Products,2026-09-15T06:22:31.316968+00:00,high,panganku-ifct-612,"Indonesian Food Composition Table (IFCT), searchable web table",https://www.panganku.org/en-EN/semua_nutrisi,official-source-recorded; values preserved as published
MP013,Molasses,Convectionery,613,Processed/Products,2026-09-15T06:22:31.316971+00:00,high,panganku-ifct-613,"Indonesian Food Composition Table (IFCT), searchable web table",https://www.panganku.org/en-EN/semua_nutrisi,official-source-recorded; values preserved as published
CP050,Moon tofu,Grains and Legumes,614,Processed/Products,2026-09-15T06:22:31.316974+00:00,high,panganku-ifct-614,"Indonesian Food Composition Table (IFCT), searchable web table",https://www.panganku.org/en-EN/semua_nutrisi,official-source-recorded; values preserved as published
DR011,Moringa fruit,Vegetables,615,Raw,2026-09-15T06:22:31.316977+00:00,high,panganku-ifct-615,"Indonesian Food Composition Table (IFCT), searchable web table",https://www.panganku.org/en-EN/semua_nutrisi,official-source-recorded; values preserved as published
DP006,"Moringa leaves, boiled",Vegetables,616,Processed/Products,2026-09-15T06:22:31.316980+00:00,high,panganku-ifct-616,"Indonesian Food Composition Table (IFCT), searchable web table",https://www.panganku.org/en-EN/semua_nutrisi,official-source-recorded; values preserved as published
DR038,"Moringa leaves, fresh",Vegetables,617,Raw,2026-09-15T06:22:31.316983+00:00,high,panganku-ifct-617,"Indonesian Food Composition Table (IFCT), searchable web table",https://www.panganku.org/en-EN/semua_nutrisi,official-source-recorded; values preserved as published
CP005,"Mungbean, boiled",Grains and Legumes,618,Processed/Products,2026-09-15T06:22:31.316988+00:00,high,panganku-ifct-618,"Indonesian Food Composition Table (IFCT), searchable web table",https://www.panganku.org/en-EN/semua_nutrisi,official-source-recorded; values preserved as published
CP015,"Mungbean, dregs",Grains and Legumes,619,Processed/Products,2026-09-15T06:22:31.316993+00:00,high,panganku-ifct-619,"Indonesian Food Composition Table (IFCT), searchable web table",https://www.panganku.org/en-EN/semua_nutrisi,official-source-recorded; values preserved as published
CR014,"Mungbean, dried",Grains and Legumes,620,Raw,2026-09-15T06:22:31.316998+00:00,high,panganku-ifct-620,"Indonesian Food Composition Table (IFCT), searchable web table",https://www.panganku.org/en-EN/semua_nutrisi,official-source-recorded; values preserved as published
CR012,"Mungbean, variant bakti, dried",Grains and Legumes,621,Raw,2026-09-15T06:22:31.317004+00:00,high,panganku-ifct-621,"Indonesian Food Composition Table (IFCT), searchable web table",https://www.panganku.org/en-EN/semua_nutrisi,official-source-recorded; values preserved as published
CR013,"Mungbean, variant siwalik, dried",Grains and Legumes,622,Raw,2026-09-15T06:22:31.317009+00:00,high,panganku-ifct-622,"Indonesian Food Composition Table (IFCT), searchable web table",https://www.panganku.org/en-EN/semua_nutrisi,official-source-recorded; values preserved as published
DR129,Mustard Greens,Vegetables,623,Raw,2026-09-15T06:22:31.317014+00:00,high,panganku-ifct-623,"Indonesian Food Composition Table (IFCT), searchable web table",https://www.panganku.org/en-EN/semua_nutrisi,official-source-recorded; values preserved as published
DR144,"Mustard greens, fresh",Vegetables,624,Raw,2026-09-15T06:22:31.317019+00:00,high,panganku-ifct-624,"Indonesian Food Composition Table (IFCT), searchable web table",https://www.panganku.org/en-EN/semua_nutrisi,official-source-recorded; values preserved as published
DR141,"Mustard greens, fresh",Vegetables,625,Raw,2026-09-15T06:22:31.317024+00:00,high,panganku-ifct-625,"Indonesian Food Composition Table (IFCT), searchable web table",https://www.panganku.org/en-EN/semua_nutrisi,official-source-recorded; values preserved as published
FP056,"Naan maran cow, dish",Meat and Poultry,626,Processed/Products,2026-09-15T06:22:31.317029+00:00,high,panganku-ifct-626,"Indonesian Food Composition Table (IFCT), searchable web table",https://www.panganku.org/en-EN/semua_nutrisi,official-source-recorded; values preserved as published
DR142,"Napa cabbage, fresh",Vegetables,627,Raw,2026-09-15T06:22:31.317034+00:00,high,panganku-ifct-627,"Indonesian Food Composition Table (IFCT), searchable web table",https://www.panganku.org/en-EN/semua_nutrisi,official-source-recorded; values preserved as published
AP089,Nasi gemuk,Cereals,628,Processed/Products,2026-09-15T06:22:31.317040+00:00,high,panganku-ifct-628,"Indonesian Food Composition Table (IFCT), searchable web table",https://www.panganku.org/en-EN/semua_nutrisi,official-source-recorded; values preserved as published
AP090,Nasi gurih,Cereals,629,Processed/Products,2026-09-15T06:22:31.317045+00:00,high,panganku-ifct-629,"Indonesian Food Composition Table (IFCT), searchable web table",https://www.panganku.org/en-EN/semua_nutrisi,official-source-recorded; values preserved as published
AP091,Nasi minyak,Cereals,630,Processed/Products,2026-09-15T06:22:31.317051+00:00,high,panganku-ifct-630,"Indonesian Food Composition Table (IFCT), searchable web table",https://www.panganku.org/en-EN/semua_nutrisi,official-source-recorded; values preserved as published
AP092,Nasi rames,Cereals,631,Processed/Products,2026-09-15T06:22:31.317056+00:00,high,panganku-ifct-631,"Indonesian Food Composition Table (IFCT), searchable web table",https://www.panganku.org/en-EN/semua_nutrisi,official-source-recorded; values preserved as published
FP057,"Nasu likku, dish",Meat and Poultry,632,Processed/Products,2026-09-15T06:22:31.317062+00:00,high,panganku-ifct-632,"Indonesian Food Composition Table (IFCT), searchable web table",https://www.panganku.org/en-EN/semua_nutrisi,official-source-recorded; values preserved as published
GR057,"Nasu metti fish, fresh",Fish and Other Seafood,633,Raw,2026-09-15T06:22:31.317067+00:00,high,panganku-ifct-633,"Indonesian Food Composition Table (IFCT), searchable web table",https://www.panganku.org/en-EN/semua_nutrisi,official-source-recorded; values preserved as published
DR057,"Ndusuk leaves, fresh",Vegetables,634,Raw,2026-09-15T06:22:31.317074+00:00,high,panganku-ifct-634,"Indonesian Food Composition Table (IFCT), searchable web table",https://www.panganku.org/en-EN/semua_nutrisi,official-source-recorded; values preserved as published
DP052,Ndusuk soup,Vegetables,635,Processed/Products,2026-09-15T06:22:31.317078+00:00,high,panganku-ifct-635,"Indonesian Food Composition Table (IFCT), searchable web table",https://www.panganku.org/en-EN/semua_nutrisi,official-source-recorded; values preserved as published
GR029,"Neddlefish, fresh",Fish and Other Seafood,636,Raw,2026-09-15T06:22:31.317084+00:00,high,panganku-ifct-636,"Indonesian Food Composition Table (IFCT), searchable web table",https://www.panganku.org/en-EN/semua_nutrisi,official-source-recorded; values preserved as published
BP050,"Noodle, bendo",Starchy Roots & Tubers,637,Processed/Products,2026-09-15T06:22:31.317089+00:00,high,panganku-ifct-637,"Indonesian Food Composition Table (IFCT), searchable web table",https://www.panganku.org/en-EN/semua_nutrisi,official-source-recorded; values preserved as published
AP022,"Noodle, dried",Cereals,638,Processed/Products,2026-09-15T06:22:31.317095+00:00,high,panganku-ifct-638,"Indonesian Food Composition Table (IFCT), searchable web table",https://www.panganku.org/en-EN/semua_nutrisi,official-source-recorded; values preserved as published
BP049,"Noodle, golosor",Starchy Roots & Tubers,639,Processed/Products,2026-09-15T06:22:31.317100+00:00,high,panganku-ifct-639,"Indonesian Food Composition Table (IFCT), searchable web table",https://www.panganku.org/en-EN/semua_nutrisi,official-source-recorded; values preserved as published
BP051,"Noodle, sago",Starchy Roots & Tubers,640,Processed/Products,2026-09-15T06:22:31.317106+00:00,high,panganku-ifct-640,"Indonesian Food Composition Table (IFCT), searchable web table",https://www.panganku.org/en-EN/semua_nutrisi,official-source-recorded; values preserved as published
AP021,"Noodle, wet",Cereals,641,Processed/Products,2026-09-15T06:22:31.317112+00:00,high,panganku-ifct-641,"Indonesian Food Composition Table (IFCT), searchable web table",https://www.panganku.org/en-EN/semua_nutrisi,official-source-recorded; values preserved as published
AP093,Nopia special,Cereals,642,Processed/Products,2026-09-15T06:22:31.317117+00:00,high,panganku-ifct-642,"Indonesian Food Composition Table (IFCT), searchable web table",https://www.panganku.org/en-EN/semua_nutrisi,official-source-recorded; values preserved as published
ER072,"Nutmeg, meat, fresh",Fruits,643,Raw,2026-09-15T06:22:31.317122+00:00,high,panganku-ifct-643,"Indonesian Food Composition Table (IFCT), searchable web table",https://www.panganku.org/en-EN/semua_nutrisi,official-source-recorded; values preserved as published
NR024,"Nutmeg, seed, dried",Herbs and Spices,644,Raw,2026-09-15T06:22:31.317129+00:00,high,panganku-ifct-644,"Indonesian Food Composition Table (IFCT), searchable web table",https://www.panganku.org/en-EN/semua_nutrisi,official-source-recorded; values preserved as published
GP087,"Octopus saboko, dish",Fish and Other Seafood,645,Processed/Products,2026-09-15T06:22:31.317135+00:00,high,panganku-ifct-645,"Indonesian Food Composition Table (IFCT), searchable web table",https://www.panganku.org/en-EN/semua_nutrisi,official-source-recorded; values preserved as published
FP077,"Offal soto, dish",Meat and Poultry,646,Processed/Products,2026-09-15T06:22:31.317141+00:00,high,panganku-ifct-646,"Indonesian Food Composition Table (IFCT), searchable web table",https://www.panganku.org/en-EN/semua_nutrisi,official-source-recorded; values preserved as published
DP042,Olah-olah,Vegetables,647,Processed/Products,2026-09-15T06:22:31.317147+00:00,high,panganku-ifct-647,"Indonesian Food Composition Table (IFCT), searchable web table",https://www.panganku.org/en-EN/semua_nutrisi,official-source-recorded; values preserved as published
KR014,Olive oil,Fat and Oil,648,Raw,2026-09-15T06:22:31.317152+00:00,high,panganku-ifct-648,"Indonesian Food Composition Table (IFCT), searchable web table",https://www.panganku.org/en-EN/semua_nutrisi,official-source-recorded; values preserved as published
CP051,Oncom,Grains and Legumes,649,Processed/Products,2026-09-15T06:22:31.317156+00:00,high,panganku-ifct-649,"Indonesian Food Composition Table (IFCT), searchable web table",https://www.panganku.org/en-EN/semua_nutrisi,official-source-recorded; values preserved as published
CP039,"Oncom, chips",Grains and Legumes,650,Processed/Products,2026-09-15T06:22:31.317159+00:00,high,panganku-ifct-650,"Indonesian Food Composition Table (IFCT), searchable web table",https://www.panganku.org/en-EN/semua_nutrisi,official-source-recorded; values preserved as published
CP053,"Oncom, mungbean + cassava",Grains and Legumes,651,Processed/Products,2026-09-15T06:22:31.317163+00:00,high,panganku-ifct-651,"Indonesian Food Composition Table (IFCT), searchable web table",https://www.panganku.org/en-EN/semua_nutrisi,official-source-recorded; values preserved as published
CP052,"Oncom, mungbean, dregs",Grains and Legumes,652,Processed/Products,2026-09-15T06:22:31.317166+00:00,high,panganku-ifct-652,"Indonesian Food Composition Table (IFCT), searchable web table",https://www.panganku.org/en-EN/semua_nutrisi,official-source-recorded; values preserved as published
CP054,"Oncom, peanut, pepes",Grains and Legumes,653,Processed/Products,2026-09-15T06:22:31.317169+00:00,high,panganku-ifct-653,"Indonesian Food Composition Table (IFCT), searchable web table",https://www.panganku.org/en-EN/semua_nutrisi,official-source-recorded; values preserved as published
AP094,Onde-onde,Cereals,654,Processed/Products,2026-09-15T06:22:31.317173+00:00,high,panganku-ifct-654,"Indonesian Food Composition Table (IFCT), searchable web table",https://www.panganku.org/en-EN/semua_nutrisi,official-source-recorded; values preserved as published
DR007,"Onion, fresh",Vegetables,655,Raw,2026-09-15T06:22:31.317176+00:00,high,panganku-ifct-655,"Indonesian Food Composition Table (IFCT), searchable web table",https://www.panganku.org/en-EN/semua_nutrisi,official-source-recorded; values preserved as published
FP058,"Oramu ninahu ndawa olaho, dish",Meat and Poultry,656,Processed/Products,2026-09-15T06:22:31.317180+00:00,high,panganku-ifct-656,"Indonesian Food Composition Table (IFCT), searchable web table",https://www.panganku.org/en-EN/semua_nutrisi,official-source-recorded; values preserved as published
FP068,"Oxtail soup, dish",Meat and Poultry,657,Processed/Products,2026-09-15T06:22:31.317183+00:00,high,panganku-ifct-657,"Indonesian Food Composition Table (IFCT), searchable web table",https://www.panganku.org/en-EN/semua_nutrisi,official-source-recorded; values preserved as published
BP053,Oyek,Starchy Roots & Tubers,658,Processed/Products,2026-09-15T06:22:31.317187+00:00,high,panganku-ifct-658,"Indonesian Food Composition Table (IFCT), searchable web table",https://www.panganku.org/en-EN/semua_nutrisi,official-source-recorded; values preserved as published
GP067,"Oyster gulai, dish",Fish and Other Seafood,659,Processed/Products,2026-09-15T06:22:31.317190+00:00,high,panganku-ifct-659,"Indonesian Food Composition Table (IFCT), searchable web table",https://www.panganku.org/en-EN/semua_nutrisi,official-source-recorded; values preserved as published
DR090,"Oyster mushroom, fresh",Vegetables,660,Raw,2026-09-15T06:22:31.317193+00:00,high,panganku-ifct-660,"Indonesian Food Composition Table (IFCT), searchable web table",https://www.panganku.org/en-EN/semua_nutrisi,official-source-recorded; values preserved as published
AP095,Padamaran,Cereals,661,Processed/Products,2026-09-15T06:22:31.317196+00:00,high,panganku-ifct-661,"Indonesian Food Composition Table (IFCT), searchable web table",https://www.panganku.org/en-EN/semua_nutrisi,official-source-recorded; values preserved as published
DP043,Paku hinela wulelenggapaya,Vegetables,662,Processed/Products,2026-09-15T06:22:31.317199+00:00,high,panganku-ifct-662,"Indonesian Food Composition Table (IFCT), searchable web table",https://www.panganku.org/en-EN/semua_nutrisi,official-source-recorded; values preserved as published
ER069,"Palembang pineapple, fresh",Fruits,663,Raw,2026-09-15T06:22:31.317202+00:00,high,panganku-ifct-663,"Indonesian Food Composition Table (IFCT), searchable web table",https://www.panganku.org/en-EN/semua_nutrisi,official-source-recorded; values preserved as published
GR058,"Paling fish, fresh",Fish and Other Seafood,664,Raw,2026-09-15T06:22:31.317206+00:00,high,panganku-ifct-664,"Indonesian Food Composition Table (IFCT), searchable web table",https://www.panganku.org/en-EN/semua_nutrisi,official-source-recorded; values preserved as published
KR012,Palm oil,Fat and Oil,665,Raw,2026-09-15T06:22:31.317209+00:00,high,panganku-ifct-665,"Indonesian Food Composition Table (IFCT), searchable web table",https://www.panganku.org/en-EN/semua_nutrisi,official-source-recorded; values preserved as published
MP005,Palm sugar,Convectionery,666,Processed/Products,2026-09-15T06:22:31.317212+00:00,high,panganku-ifct-666,"Indonesian Food Composition Table (IFCT), searchable web table",https://www.panganku.org/en-EN/semua_nutrisi,official-source-recorded; values preserved as published
GR060,"Pangasius fish, fresh",Fish and Other Seafood,667,Raw,2026-09-15T06:22:31.317216+00:00,high,panganku-ifct-667,"Indonesian Food Composition Table (IFCT), searchable web table",https://www.panganku.org/en-EN/semua_nutrisi,official-source-recorded; values preserved as published
GP024,"Pangasius, grilled",Fish and Other Seafood,668,Processed/Products,2026-09-15T06:22:31.317219+00:00,high,panganku-ifct-668,"Indonesian Food Composition Table (IFCT), searchable web table",https://www.panganku.org/en-EN/semua_nutrisi,official-source-recorded; values preserved as published
DR094,Panicled Spot Flower,Vegetables,669,Raw,2026-09-15T06:22:31.317223+00:00,high,panganku-ifct-669,"Indonesian Food Composition Table (IFCT), searchable web table",https://www.panganku.org/en-EN/semua_nutrisi,official-source-recorded; values preserved as published
FP059,"Paniki cooked with coconut milk, dish",Meat and Poultry,670,Processed/Products,2026-09-15T06:22:31.317226+00:00,high,panganku-ifct-670,"Indonesian Food Composition Table (IFCT), searchable web table",https://www.panganku.org/en-EN/semua_nutrisi,official-source-recorded; values preserved as published
DP048,Papaya flower soup,Vegetables,671,Processed/Products,2026-09-15T06:22:31.317229+00:00,high,panganku-ifct-671,"Indonesian Food Composition Table (IFCT), searchable web table",https://www.panganku.org/en-EN/semua_nutrisi,official-source-recorded; values preserved as published
DR014,"Papaya flower, fresh",Vegetables,672,Raw,2026-09-15T06:22:31.317232+00:00,high,panganku-ifct-672,"Indonesian Food Composition Table (IFCT), searchable web table",https://www.panganku.org/en-EN/semua_nutrisi,official-source-recorded; values preserved as published
DR065,"Papaya leaves, fresh",Vegetables,673,Raw,2026-09-15T06:22:31.317236+00:00,high,panganku-ifct-673,"Indonesian Food Composition Table (IFCT), searchable web table",https://www.panganku.org/en-EN/semua_nutrisi,official-source-recorded; values preserved as published
ER020,"Papaya, fresh",Fruits,674,Raw,2026-09-15T06:22:31.317240+00:00,high,panganku-ifct-674,"Indonesian Food Composition Table (IFCT), searchable web table",https://www.panganku.org/en-EN/semua_nutrisi,official-source-recorded; values preserved as published
ER073,"Papaya, fresh",Fruits,675,Raw,2026-09-15T06:22:31.317243+00:00,high,panganku-ifct-675,"Indonesian Food Composition Table (IFCT), searchable web table",https://www.panganku.org/en-EN/semua_nutrisi,official-source-recorded; values preserved as published
DR133,"Papaya, unripe, fresh",Vegetables,676,Raw,2026-09-15T06:22:31.317247+00:00,high,panganku-ifct-676,"Indonesian Food Composition Table (IFCT), searchable web table",https://www.panganku.org/en-EN/semua_nutrisi,official-source-recorded; values preserved as published
BP054,Papeda,Starchy Roots & Tubers,677,Processed/Products,2026-09-15T06:22:31.317250+00:00,high,panganku-ifct-677,"Indonesian Food Composition Table (IFCT), searchable web table",https://www.panganku.org/en-EN/semua_nutrisi,official-source-recorded; values preserved as published
GP076,"Parede baleh, dish",Fish and Other Seafood,678,Processed/Products,2026-09-15T06:22:31.317253+00:00,high,panganku-ifct-678,"Indonesian Food Composition Table (IFCT), searchable web table",https://www.panganku.org/en-EN/semua_nutrisi,official-source-recorded; values preserved as published
ER008,"Parinari, fresh",Fruits,679,Raw,2026-09-15T06:22:31.317257+00:00,high,panganku-ifct-679,"Indonesian Food Composition Table (IFCT), searchable web table",https://www.panganku.org/en-EN/semua_nutrisi,official-source-recorded; values preserved as published
GR031,"Parrot fish, fresh",Fish and Other Seafood,680,Raw,2026-09-15T06:22:31.317261+00:00,high,panganku-ifct-680,"Indonesian Food Composition Table (IFCT), searchable web table",https://www.panganku.org/en-EN/semua_nutrisi,official-source-recorded; values preserved as published
DR135,"Parsley, fresh",Vegetables,681,Raw,2026-09-15T06:22:31.317265+00:00,high,panganku-ifct-681,"Indonesian Food Composition Table (IFCT), searchable web table",https://www.panganku.org/en-EN/semua_nutrisi,official-source-recorded; values preserved as published
ER014,"Passion fruit, fresh",Fruits,682,Raw,2026-09-15T06:22:31.317268+00:00,high,panganku-ifct-682,"Indonesian Food Composition Table (IFCT), searchable web table",https://www.panganku.org/en-EN/semua_nutrisi,official-source-recorded; values preserved as published
AP096,Pastel,Cereals,683,Processed/Products,2026-09-15T06:22:31.317271+00:00,high,panganku-ifct-683,"Indonesian Food Composition Table (IFCT), searchable web table",https://www.panganku.org/en-EN/semua_nutrisi,official-source-recorded; values preserved as published
FP029,"Pasundan fried chicken, breast",Meat and Poultry,684,Processed/Products,2026-09-15T06:22:31.317275+00:00,high,panganku-ifct-684,"Indonesian Food Composition Table (IFCT), searchable web table",https://www.panganku.org/en-EN/semua_nutrisi,official-source-recorded; values preserved as published
FP030,"Pasundan fried chicken, thigh",Meat and Poultry,685,Processed/Products,2026-09-15T06:22:31.317279+00:00,high,panganku-ifct-685,"Indonesian Food Composition Table (IFCT), searchable web table",https://www.panganku.org/en-EN/semua_nutrisi,official-source-recorded; values preserved as published
DR153,"Pea eggplants, dried",Vegetables,686,Raw,2026-09-15T06:22:31.317282+00:00,high,panganku-ifct-686,"Indonesian Food Composition Table (IFCT), searchable web table",https://www.panganku.org/en-EN/semua_nutrisi,official-source-recorded; values preserved as published
DR152,"Pea eggplants, fresh",Vegetables,687,Raw,2026-09-15T06:22:31.317285+00:00,high,panganku-ifct-687,"Indonesian Food Composition Table (IFCT), searchable web table",https://www.panganku.org/en-EN/semua_nutrisi,official-source-recorded; values preserved as published
CP036,Peanut butter,Grains and Legumes,688,Processed/Products,2026-09-15T06:22:31.317289+00:00,high,panganku-ifct-688,"Indonesian Food Composition Table (IFCT), searchable web table",https://www.panganku.org/en-EN/semua_nutrisi,official-source-recorded; values preserved as published
KR009,Peanut oil,Fat and Oil,689,Raw,2026-09-15T06:22:31.317293+00:00,high,panganku-ifct-689,"Indonesian Food Composition Table (IFCT), searchable web table",https://www.panganku.org/en-EN/semua_nutrisi,official-source-recorded; values preserved as published
CP013,"Peanut, boiled",Grains and Legumes,690,Processed/Products,2026-09-15T06:22:31.317296+00:00,high,panganku-ifct-690,"Indonesian Food Composition Table (IFCT), searchable web table",https://www.panganku.org/en-EN/semua_nutrisi,official-source-recorded; values preserved as published
CP011,"Peanut, boiled, with shells",Grains and Legumes,691,Processed/Products,2026-09-15T06:22:31.317299+00:00,high,panganku-ifct-691,"Indonesian Food Composition Table (IFCT), searchable web table",https://www.panganku.org/en-EN/semua_nutrisi,official-source-recorded; values preserved as published
CP021,"Peanut, bungkil",Grains and Legumes,692,Processed/Products,2026-09-15T06:22:31.317302+00:00,high,panganku-ifct-692,"Indonesian Food Composition Table (IFCT), searchable web table",https://www.panganku.org/en-EN/semua_nutrisi,official-source-recorded; values preserved as published
CR032,"Peanut, dried",Grains and Legumes,693,Raw,2026-09-15T06:22:31.317306+00:00,high,panganku-ifct-693,"Indonesian Food Composition Table (IFCT), searchable web table",https://www.panganku.org/en-EN/semua_nutrisi,official-source-recorded; values preserved as published
CP012,"Peanut, fried",Grains and Legumes,694,Processed/Products,2026-09-15T06:22:31.317309+00:00,high,panganku-ifct-694,"Indonesian Food Composition Table (IFCT), searchable web table",https://www.panganku.org/en-EN/semua_nutrisi,official-source-recorded; values preserved as published
CR030,"Peanut, seeds",Grains and Legumes,695,Raw,2026-09-15T06:22:31.317312+00:00,high,panganku-ifct-695,"Indonesian Food Composition Table (IFCT), searchable web table",https://www.panganku.org/en-EN/semua_nutrisi,official-source-recorded; values preserved as published
CR031,"Peanut, seeds, without husk",Grains and Legumes,696,Raw,2026-09-15T06:22:31.317316+00:00,high,panganku-ifct-696,"Indonesian Food Composition Table (IFCT), searchable web table",https://www.panganku.org/en-EN/semua_nutrisi,official-source-recorded; values preserved as published
FP060,"Pelolah manuk, dish",Meat and Poultry,697,Processed/Products,2026-09-15T06:22:31.317319+00:00,high,panganku-ifct-697,"Indonesian Food Composition Table (IFCT), searchable web table",https://www.panganku.org/en-EN/semua_nutrisi,official-source-recorded; values preserved as published
GP077,Pempek adaan (fish ball),Fish and Other Seafood,698,Processed/Products,2026-09-15T06:22:31.317322+00:00,high,panganku-ifct-698,"Indonesian Food Composition Table (IFCT), searchable web table",https://www.panganku.org/en-EN/semua_nutrisi,official-source-recorded; values preserved as published
GP079,Pempek kapal selam,Fish and Other Seafood,699,Processed/Products,2026-09-15T06:22:31.317326+00:00,high,panganku-ifct-699,"Indonesian Food Composition Table (IFCT), searchable web table",https://www.panganku.org/en-EN/semua_nutrisi,official-source-recorded; values preserved as published
GP080,Pempek kelesan,Fish and Other Seafood,700,Processed/Products,2026-09-15T06:22:31.317329+00:00,high,panganku-ifct-700,"Indonesian Food Composition Table (IFCT), searchable web table",https://www.panganku.org/en-EN/semua_nutrisi,official-source-recorded; values preserved as published
FP066,"Penyu, serapah, masakan",Meat and Poultry,701,Processed/Products,2026-09-15T06:22:31.317333+00:00,high,panganku-ifct-701,"Indonesian Food Composition Table (IFCT), searchable web table",https://www.panganku.org/en-EN/semua_nutrisi,official-source-recorded; values preserved as published
GP019,Pepes carp,Fish and Other Seafood,702,Processed/Products,2026-09-15T06:22:31.317336+00:00,high,panganku-ifct-702,"Indonesian Food Composition Table (IFCT), searchable web table",https://www.panganku.org/en-EN/semua_nutrisi,official-source-recorded; values preserved as published
GP021,pepes tilapia,Fish and Other Seafood,703,Processed/Products,2026-09-15T06:22:31.317339+00:00,high,panganku-ifct-703,"Indonesian Food Composition Table (IFCT), searchable web table",https://www.panganku.org/en-EN/semua_nutrisi,official-source-recorded; values preserved as published
NR023,"Pepper, dried",Herbs and Spices,704,Raw,2026-09-15T06:22:31.317342+00:00,high,panganku-ifct-704,"Indonesian Food Composition Table (IFCT), searchable web table",https://www.panganku.org/en-EN/semua_nutrisi,official-source-recorded; values preserved as published
ER048,"Persimmon, fresh",Fruits,705,Raw,2026-09-15T06:22:31.317345+00:00,high,panganku-ifct-705,"Indonesian Food Composition Table (IFCT), searchable web table",https://www.panganku.org/en-EN/semua_nutrisi,official-source-recorded; values preserved as published
CP004,"Pigeon pea, boiled",Grains and Legumes,706,Processed/Products,2026-09-15T06:22:31.317349+00:00,high,panganku-ifct-706,"Indonesian Food Composition Table (IFCT), searchable web table",https://www.panganku.org/en-EN/semua_nutrisi,official-source-recorded; values preserved as published
CR034,"Pigeon pea, dried",Grains and Legumes,707,Raw,2026-09-15T06:22:31.317352+00:00,high,panganku-ifct-707,"Indonesian Food Composition Table (IFCT), searchable web table",https://www.panganku.org/en-EN/semua_nutrisi,official-source-recorded; values preserved as published
CR022,"Pigeon pea, dried",Grains and Legumes,708,Raw,2026-09-15T06:22:31.317355+00:00,high,panganku-ifct-708,"Indonesian Food Composition Table (IFCT), searchable web table",https://www.panganku.org/en-EN/semua_nutrisi,official-source-recorded; values preserved as published
CR010,"Pigeon pea, seeds, dried",Grains and Legumes,709,Raw,2026-09-15T06:22:31.317358+00:00,high,panganku-ifct-709,"Indonesian Food Composition Table (IFCT), searchable web table",https://www.panganku.org/en-EN/semua_nutrisi,official-source-recorded; values preserved as published
CR011,"Pigeon pea, seeds, fresh",Grains and Legumes,710,Raw,2026-09-15T06:22:31.317361+00:00,high,panganku-ifct-710,"Indonesian Food Composition Table (IFCT), searchable web table",https://www.panganku.org/en-EN/semua_nutrisi,official-source-recorded; values preserved as published
FP009,"Pigeon, meat, fried",Meat and Poultry,711,Processed/Products,2026-09-15T06:22:31.317378+00:00,high,panganku-ifct-711,"Indonesian Food Composition Table (IFCT), searchable web table",https://www.panganku.org/en-EN/semua_nutrisi,official-source-recorded; values preserved as published
DR066,"Pilea leaves, fresh",Vegetables,712,Raw,2026-09-15T06:22:31.317381+00:00,high,panganku-ifct-712,"Indonesian Food Composition Table (IFCT), searchable web table",https://www.panganku.org/en-EN/semua_nutrisi,official-source-recorded; values preserved as published
CR037,"Pili nut (Banda), dried",Grains and Legumes,713,Raw,2026-09-15T06:22:31.317384+00:00,high,panganku-ifct-713,"Indonesian Food Composition Table (IFCT), searchable web table",https://www.panganku.org/en-EN/semua_nutrisi,official-source-recorded; values preserved as published
CR038,"Pili nut, dried",Grains and Legumes,714,Raw,2026-09-15T06:22:31.317388+00:00,high,panganku-ifct-714,"Indonesian Food Composition Table (IFCT), searchable web table",https://www.panganku.org/en-EN/semua_nutrisi,official-source-recorded; values preserved as published
GP085,"Pinda, dish",Fish and Other Seafood,715,Processed/Products,2026-09-15T06:22:31.317391+00:00,high,panganku-ifct-715,"Indonesian Food Composition Table (IFCT), searchable web table",https://www.panganku.org/en-EN/semua_nutrisi,official-source-recorded; values preserved as published
GP027,"Pindang banjar fish, raw",Fish and Other Seafood,716,Processed/Products,2026-09-15T06:22:31.317394+00:00,high,panganku-ifct-716,"Indonesian Food Composition Table (IFCT), searchable web table",https://www.panganku.org/en-EN/semua_nutrisi,official-source-recorded; values preserved as published
GP030,"Pindang blackbanded trevally, raw",Fish and Other Seafood,717,Processed/Products,2026-09-15T06:22:31.317398+00:00,high,panganku-ifct-717,"Indonesian Food Composition Table (IFCT), searchable web table",https://www.panganku.org/en-EN/semua_nutrisi,official-source-recorded; values preserved as published
GP029,"Pindang Indian scad, raw",Fish and Other Seafood,718,Processed/Products,2026-09-15T06:22:31.317402+00:00,high,panganku-ifct-718,"Indonesian Food Composition Table (IFCT), searchable web table",https://www.panganku.org/en-EN/semua_nutrisi,official-source-recorded; values preserved as published
GP086,"Pindang kenari, dish",Fish and Other Seafood,719,Processed/Products,2026-09-15T06:22:31.317406+00:00,high,panganku-ifct-719,"Indonesian Food Composition Table (IFCT), searchable web table",https://www.panganku.org/en-EN/semua_nutrisi,official-source-recorded; values preserved as published
EP002,Pineapple dodol,Fruits,720,Processed/Products,2026-09-15T06:22:31.317409+00:00,high,panganku-ifct-720,"Indonesian Food Composition Table (IFCT), searchable web table",https://www.panganku.org/en-EN/semua_nutrisi,official-source-recorded; values preserved as published
ER070,"Pineapple, fresh",Fruits,721,Raw,2026-09-15T06:22:31.317412+00:00,high,panganku-ifct-721,"Indonesian Food Composition Table (IFCT), searchable web table",https://www.panganku.org/en-EN/semua_nutrisi,official-source-recorded; values preserved as published
FP031,"Pioneer fried chicken, breast",Meat and Poultry,722,Processed/Products,2026-09-15T06:22:31.317416+00:00,high,panganku-ifct-722,"Indonesian Food Composition Table (IFCT), searchable web table",https://www.panganku.org/en-EN/semua_nutrisi,official-source-recorded; values preserved as published
MP015,Pirous syrup,Convectionery,723,Processed/Products,2026-09-15T06:22:31.317419+00:00,high,panganku-ifct-723,"Indonesian Food Composition Table (IFCT), searchable web table",https://www.panganku.org/en-EN/semua_nutrisi,official-source-recorded; values preserved as published
ER089,"Plantain, fresh",Fruits,724,Raw,2026-09-15T06:22:31.317423+00:00,high,panganku-ifct-724,"Indonesian Food Composition Table (IFCT), searchable web table",https://www.panganku.org/en-EN/semua_nutrisi,official-source-recorded; values preserved as published
DP034,Pliek curry,Vegetables,725,Processed/Products,2026-09-15T06:22:31.317426+00:00,high,panganku-ifct-725,"Indonesian Food Composition Table (IFCT), searchable web table",https://www.panganku.org/en-EN/semua_nutrisi,official-source-recorded; values preserved as published
ER035,"Pomelo, fresh",Fruits,726,Raw,2026-09-15T06:22:31.317430+00:00,high,panganku-ifct-726,"Indonesian Food Composition Table (IFCT), searchable web table",https://www.panganku.org/en-EN/semua_nutrisi,official-source-recorded; values preserved as published
GR061,"Pomo fish, fresh",Fish and Other Seafood,727,Raw,2026-09-15T06:22:31.317434+00:00,high,panganku-ifct-727,"Indonesian Food Composition Table (IFCT), searchable web table",https://www.panganku.org/en-EN/semua_nutrisi,official-source-recorded; values preserved as published
GP026,"Ponyfish, raw",Fish and Other Seafood,728,Processed/Products,2026-09-15T06:22:31.317437+00:00,high,panganku-ifct-728,"Indonesian Food Composition Table (IFCT), searchable web table",https://www.panganku.org/en-EN/semua_nutrisi,official-source-recorded; values preserved as published
KR004,Pork fat (bacon),Fat and Oil,729,Raw,2026-09-15T06:22:31.317440+00:00,high,panganku-ifct-729,"Indonesian Food Composition Table (IFCT), searchable web table",https://www.panganku.org/en-EN/semua_nutrisi,official-source-recorded; values preserved as published
KR003,Pork fat (lard),Fat and Oil,730,Raw,2026-09-15T06:22:31.317444+00:00,high,panganku-ifct-730,"Indonesian Food Composition Table (IFCT), searchable web table",https://www.panganku.org/en-EN/semua_nutrisi,official-source-recorded; values preserved as published
FP053,"Pork Lawar, dish",Meat and Poultry,731,Processed/Products,2026-09-15T06:22:31.317447+00:00,high,panganku-ifct-731,"Indonesian Food Composition Table (IFCT), searchable web table",https://www.panganku.org/en-EN/semua_nutrisi,official-source-recorded; values preserved as published
FR010,"Pork, kidney, fresh",Meat and Poultry,732,Raw,2026-09-15T06:22:31.317452+00:00,high,panganku-ifct-732,"Indonesian Food Composition Table (IFCT), searchable web table",https://www.panganku.org/en-EN/semua_nutrisi,official-source-recorded; values preserved as published
FR011,"Pork, liver, fresh",Meat and Poultry,733,Raw,2026-09-15T06:22:31.317456+00:00,high,panganku-ifct-733,"Indonesian Food Composition Table (IFCT), searchable web table",https://www.panganku.org/en-EN/semua_nutrisi,official-source-recorded; values preserved as published
FR008,"Pork, meat, fat, fresh",Meat and Poultry,734,Raw,2026-09-15T06:22:31.317460+00:00,high,panganku-ifct-734,"Indonesian Food Composition Table (IFCT), searchable web table",https://www.panganku.org/en-EN/semua_nutrisi,official-source-recorded; values preserved as published
FR009,"Pork, meat, lean, fresh",Meat and Poultry,735,Raw,2026-09-15T06:22:31.317463+00:00,high,panganku-ifct-735,"Indonesian Food Composition Table (IFCT), searchable web table",https://www.panganku.org/en-EN/semua_nutrisi,official-source-recorded; values preserved as published
BP036,"Potato, chips",Starchy Roots & Tubers,736,Processed/Products,2026-09-15T06:22:31.317468+00:00,high,panganku-ifct-736,"Indonesian Food Composition Table (IFCT), searchable web table",https://www.panganku.org/en-EN/semua_nutrisi,official-source-recorded; values preserved as published
BP067,"Potato, flour, dried",Starchy Roots & Tubers,737,Processed/Products,2026-09-15T06:22:31.317472+00:00,high,panganku-ifct-737,"Indonesian Food Composition Table (IFCT), searchable web table",https://www.panganku.org/en-EN/semua_nutrisi,official-source-recorded; values preserved as published
BR013,"Potato, fresh",Starchy Roots & Tubers,738,Raw,2026-09-15T06:22:31.317475+00:00,high,panganku-ifct-738,"Indonesian Food Composition Table (IFCT), searchable web table",https://www.panganku.org/en-EN/semua_nutrisi,official-source-recorded; values preserved as published
BR014,"Potato, shetland black, fresh",Starchy Roots & Tubers,739,Raw,2026-09-15T06:22:31.317478+00:00,high,panganku-ifct-739,"Indonesian Food Composition Table (IFCT), searchable web table",https://www.panganku.org/en-EN/semua_nutrisi,official-source-recorded; values preserved as published
JP006,Powdered milk,Milk and Dairy Products,740,Processed/Products,2026-09-15T06:22:31.317481+00:00,high,panganku-ifct-740,"Indonesian Food Composition Table (IFCT), searchable web table",https://www.panganku.org/en-EN/semua_nutrisi,official-source-recorded; values preserved as published
GR084,"Prawn, fresh",Fish and Other Seafood,741,Raw,2026-09-15T06:22:31.317484+00:00,high,panganku-ifct-741,"Indonesian Food Composition Table (IFCT), searchable web table",https://www.panganku.org/en-EN/semua_nutrisi,official-source-recorded; values preserved as published
DR019,"Premna leaves, fresh",Vegetables,742,Raw,2026-09-15T06:22:31.317487+00:00,high,panganku-ifct-742,"Indonesian Food Composition Table (IFCT), searchable web table",https://www.panganku.org/en-EN/semua_nutrisi,official-source-recorded; values preserved as published
GP005,"Presto milkfish, dish",Fish and Other Seafood,743,Processed/Products,2026-09-15T06:22:31.317491+00:00,high,panganku-ifct-743,"Indonesian Food Composition Table (IFCT), searchable web table",https://www.panganku.org/en-EN/semua_nutrisi,official-source-recorded; values preserved as published
GR040,"Pufferfish, fresh",Fish and Other Seafood,744,Raw,2026-09-15T06:22:31.317494+00:00,high,panganku-ifct-744,"Indonesian Food Composition Table (IFCT), searchable web table",https://www.panganku.org/en-EN/semua_nutrisi,official-source-recorded; values preserved as published
AP097,Pulut,Cereals,745,Processed/Products,2026-09-15T06:22:31.317497+00:00,high,panganku-ifct-745,"Indonesian Food Composition Table (IFCT), searchable web table",https://www.panganku.org/en-EN/semua_nutrisi,official-source-recorded; values preserved as published
DR047,"Pumpkin leaves, fresh",Vegetables,746,Raw,2026-09-15T06:22:31.317503+00:00,high,panganku-ifct-746,"Indonesian Food Composition Table (IFCT), searchable web table",https://www.panganku.org/en-EN/semua_nutrisi,official-source-recorded; values preserved as published
DR122,"Pumpkin, yellow, fresh",Vegetables,747,Raw,2026-09-15T06:22:31.317508+00:00,high,panganku-ifct-747,"Indonesian Food Composition Table (IFCT), searchable web table",https://www.panganku.org/en-EN/semua_nutrisi,official-source-recorded; values preserved as published
KP004,Pure coconut milk,Fat and Oil,748,Processed/Products,2026-09-15T06:22:31.317511+00:00,high,panganku-ifct-748,"Indonesian Food Composition Table (IFCT), searchable web table",https://www.panganku.org/en-EN/semua_nutrisi,official-source-recorded; values preserved as published
DR081,"Purple sweet potato leaves, fresh",Vegetables,749,Raw,2026-09-15T06:22:31.317514+00:00,high,panganku-ifct-749,"Indonesian Food Composition Table (IFCT), searchable web table",https://www.panganku.org/en-EN/semua_nutrisi,official-source-recorded; values preserved as published
BR033,"Purple yam, fresh",Starchy Roots & Tubers,750,Raw,2026-09-15T06:22:31.317527+00:00,high,panganku-ifct-750,"Indonesian Food Composition Table (IFCT), searchable web table",https://www.panganku.org/en-EN/semua_nutrisi,official-source-recorded; values preserved as published
DP045,Purundawa,Vegetables,751,Processed/Products,2026-09-15T06:22:31.317531+00:00,high,panganku-ifct-751,"Indonesian Food Composition Table (IFCT), searchable web table",https://www.panganku.org/en-EN/semua_nutrisi,official-source-recorded; values preserved as published
FP065,"Pusut satay, dish",Meat and Poultry,752,Processed/Products,2026-09-15T06:22:31.317534+00:00,high,panganku-ifct-752,"Indonesian Food Composition Table (IFCT), searchable web table",https://www.panganku.org/en-EN/semua_nutrisi,official-source-recorded; values preserved as published
AP99,Putri hijau,Cereals,753,Processed/Products,2026-09-15T06:22:31.317537+00:00,high,panganku-ifct-753,"Indonesian Food Composition Table (IFCT), searchable web table",https://www.panganku.org/en-EN/semua_nutrisi,official-source-recorded; values preserved as published
AP100,Putri selat,Cereals,754,Processed/Products,2026-09-15T06:22:31.317558+00:00,high,panganku-ifct-754,"Indonesian Food Composition Table (IFCT), searchable web table",https://www.panganku.org/en-EN/semua_nutrisi,official-source-recorded; values preserved as published
BP047,"Putu singkong, kue",Starchy Roots & Tubers,755,Processed/Products,2026-09-15T06:22:31.317562+00:00,high,panganku-ifct-755,"Indonesian Food Composition Table (IFCT), searchable web table",https://www.panganku.org/en-EN/semua_nutrisi,official-source-recorded; values preserved as published
AP101,Putu sopa,Cereals,756,Processed/Products,2026-09-15T06:22:31.317567+00:00,high,panganku-ifct-756,"Indonesian Food Composition Table (IFCT), searchable web table",https://www.panganku.org/en-EN/semua_nutrisi,official-source-recorded; values preserved as published
HR011,"Quail egg, fresh",Eggs,757,Raw,2026-09-15T06:22:31.317571+00:00,high,panganku-ifct-757,"Indonesian Food Composition Table (IFCT), searchable web table",https://www.panganku.org/en-EN/semua_nutrisi,official-source-recorded; values preserved as published
JP004,Quark,Milk and Dairy Products,758,Processed/Products,2026-09-15T06:22:31.317574+00:00,high,panganku-ifct-758,"Indonesian Food Composition Table (IFCT), searchable web table",https://www.panganku.org/en-EN/semua_nutrisi,official-source-recorded; values preserved as published
FR020,"Rabbit, meat, fresh",Meat and Poultry,759,Raw,2026-09-15T06:22:31.317577+00:00,high,panganku-ifct-759,"Indonesian Food Composition Table (IFCT), searchable web table",https://www.panganku.org/en-EN/semua_nutrisi,official-source-recorded; values preserved as published
DR051,"Radish leaves, fresh",Vegetables,760,Raw,2026-09-15T06:22:31.317581+00:00,high,panganku-ifct-760,"Indonesian Food Composition Table (IFCT), searchable web table",https://www.panganku.org/en-EN/semua_nutrisi,official-source-recorded; values preserved as published
DR126,"Radish, fresh",Vegetables,761,Raw,2026-09-15T06:22:31.317584+00:00,high,panganku-ifct-761,"Indonesian Food Composition Table (IFCT), searchable web table",https://www.panganku.org/en-EN/semua_nutrisi,official-source-recorded; values preserved as published
ER041,"Ragi orange, fresh",Fruits,762,Raw,2026-09-15T06:22:31.317589+00:00,high,panganku-ifct-762,"Indonesian Food Composition Table (IFCT), searchable web table",https://www.panganku.org/en-EN/semua_nutrisi,official-source-recorded; values preserved as published
ER096,"Rambutan binjai, fresh",Fruits,763,Raw,2026-09-15T06:22:31.317595+00:00,high,panganku-ifct-763,"Indonesian Food Composition Table (IFCT), searchable web table",https://www.panganku.org/en-EN/semua_nutrisi,official-source-recorded; values preserved as published
ER097,"Rambutan, fresh",Fruits,764,Raw,2026-09-15T06:22:31.317598+00:00,high,panganku-ifct-764,"Indonesian Food Composition Table (IFCT), searchable web table",https://www.panganku.org/en-EN/semua_nutrisi,official-source-recorded; values preserved as published
DR098,Ranti peas beans,Vegetables,765,Raw,2026-09-15T06:22:31.317601+00:00,high,panganku-ifct-765,"Indonesian Food Composition Table (IFCT), searchable web table",https://www.panganku.org/en-EN/semua_nutrisi,official-source-recorded; values preserved as published
BP055,Rasbi (Sweet potato rice),Starchy Roots & Tubers,766,Processed/Products,2026-09-15T06:22:31.317606+00:00,high,panganku-ifct-766,"Indonesian Food Composition Table (IFCT), searchable web table",https://www.panganku.org/en-EN/semua_nutrisi,official-source-recorded; values preserved as published
BP056,Rasi (Cassava rice),Starchy Roots & Tubers,767,Processed/Products,2026-09-15T06:22:31.317609+00:00,high,panganku-ifct-767,"Indonesian Food Composition Table (IFCT), searchable web table",https://www.panganku.org/en-EN/semua_nutrisi,official-source-recorded; values preserved as published
ER005,"Raspberry, fresh",Fruits,768,Raw,2026-09-15T06:22:31.317613+00:00,high,panganku-ifct-768,"Indonesian Food Composition Table (IFCT), searchable web table",https://www.panganku.org/en-EN/semua_nutrisi,official-source-recorded; values preserved as published
FP087,"Rat rica, dish",Meat and Poultry,769,Processed/Products,2026-09-15T06:22:31.317616+00:00,high,panganku-ifct-769,"Indonesian Food Composition Table (IFCT), searchable web table",https://www.panganku.org/en-EN/semua_nutrisi,official-source-recorded; values preserved as published
DR151,"Ratoon sugarcane, fresh",Vegetables,770,Raw,2026-09-15T06:22:31.317619+00:00,high,panganku-ifct-770,"Indonesian Food Composition Table (IFCT), searchable web table",https://www.panganku.org/en-EN/semua_nutrisi,official-source-recorded; values preserved as published
ER090,"Rattan banana, fresh",Fruits,771,Raw,2026-09-15T06:22:31.317622+00:00,high,panganku-ifct-771,"Indonesian Food Composition Table (IFCT), searchable web table",https://www.panganku.org/en-EN/semua_nutrisi,official-source-recorded; values preserved as published
DP055,Rattan umbut soup,Vegetables,772,Processed/Products,2026-09-15T06:22:31.317637+00:00,high,panganku-ifct-772,"Indonesian Food Composition Table (IFCT), searchable web table",https://www.panganku.org/en-EN/semua_nutrisi,official-source-recorded; values preserved as published
DR165,"Rattan, unripe shoot",Vegetables,773,Raw,2026-09-15T06:22:31.317640+00:00,high,panganku-ifct-773,"Indonesian Food Composition Table (IFCT), searchable web table",https://www.panganku.org/en-EN/semua_nutrisi,official-source-recorded; values preserved as published
FP061,"Rawon, dish",Meat and Poultry,774,Processed/Products,2026-09-15T06:22:31.317643+00:00,high,panganku-ifct-774,"Indonesian Food Composition Table (IFCT), searchable web table",https://www.panganku.org/en-EN/semua_nutrisi,official-source-recorded; values preserved as published
GR064,"Rebon, small shrimp, fresh",Fish and Other Seafood,775,Raw,2026-09-15T06:22:31.317646+00:00,high,panganku-ifct-775,"Indonesian Food Composition Table (IFCT), searchable web table",https://www.panganku.org/en-EN/semua_nutrisi,official-source-recorded; values preserved as published
GP047,"Rebung laut, raw",Fish and Other Seafood,776,Processed/Products,2026-09-15T06:22:31.317651+00:00,high,panganku-ifct-776,"Indonesian Food Composition Table (IFCT), searchable web table",https://www.panganku.org/en-EN/semua_nutrisi,official-source-recorded; values preserved as published
ER083,"Red banana, fresh",Fruits,777,Raw,2026-09-15T06:22:31.317654+00:00,high,panganku-ifct-777,"Indonesian Food Composition Table (IFCT), searchable web table",https://www.panganku.org/en-EN/semua_nutrisi,official-source-recorded; values preserved as published
NP013,Red belachan,Herbs and Spices,778,Processed/Products,2026-09-15T06:22:31.317657+00:00,high,panganku-ifct-778,"Indonesian Food Composition Table (IFCT), searchable web table",https://www.panganku.org/en-EN/semua_nutrisi,official-source-recorded; values preserved as published
DR114,"Red cabbage, cabbage",Vegetables,779,Raw,2026-09-15T06:22:31.317660+00:00,high,panganku-ifct-779,"Indonesian Food Composition Table (IFCT), searchable web table",https://www.panganku.org/en-EN/semua_nutrisi,official-source-recorded; values preserved as published
NR011,"Red capsicum, fresh",Herbs and Spices,780,Raw,2026-09-15T06:22:31.317664+00:00,high,panganku-ifct-780,"Indonesian Food Composition Table (IFCT), searchable web table",https://www.panganku.org/en-EN/semua_nutrisi,official-source-recorded; values preserved as published
NR013,"Red chili, dried",Herbs and Spices,781,Raw,2026-09-15T06:22:31.317667+00:00,high,panganku-ifct-781,"Indonesian Food Composition Table (IFCT), searchable web table",https://www.panganku.org/en-EN/semua_nutrisi,official-source-recorded; values preserved as published
NR014,"Red chili, fresh",Herbs and Spices,782,Raw,2026-09-15T06:22:31.317670+00:00,high,panganku-ifct-782,"Indonesian Food Composition Table (IFCT), searchable web table",https://www.panganku.org/en-EN/semua_nutrisi,official-source-recorded; values preserved as published
ER012,"Red dragon fruit, fresh",Fruits,783,Raw,2026-09-15T06:22:31.317673+00:00,high,panganku-ifct-783,"Indonesian Food Composition Table (IFCT), searchable web table",https://www.panganku.org/en-EN/semua_nutrisi,official-source-recorded; values preserved as published
DR012,Red fruit,Vegetables,784,Raw,2026-09-15T06:22:31.317676+00:00,high,panganku-ifct-784,"Indonesian Food Composition Table (IFCT), searchable web table",https://www.panganku.org/en-EN/semua_nutrisi,official-source-recorded; values preserved as published
GR053,"Red mamar fish, fresh",Fish and Other Seafood,785,Raw,2026-09-15T06:22:31.317679+00:00,high,panganku-ifct-785,"Indonesian Food Composition Table (IFCT), searchable web table",https://www.panganku.org/en-EN/semua_nutrisi,official-source-recorded; values preserved as published
AP005,Red rice,Cereals,786,Processed/Products,2026-09-15T06:22:31.317684+00:00,high,panganku-ifct-786,"Indonesian Food Composition Table (IFCT), searchable web table",https://www.panganku.org/en-EN/semua_nutrisi,official-source-recorded; values preserved as published
CR051,"Red saga, peeled, raw",Grains and Legumes,787,Raw,2026-09-15T06:22:31.317687+00:00,high,panganku-ifct-787,"Indonesian Food Composition Table (IFCT), searchable web table",https://www.panganku.org/en-EN/semua_nutrisi,official-source-recorded; values preserved as published
GP069,"Red smoked fish, dish",Fish and Other Seafood,788,Processed/Products,2026-09-15T06:22:31.317690+00:00,high,panganku-ifct-788,"Indonesian Food Composition Table (IFCT), searchable web table",https://www.panganku.org/en-EN/semua_nutrisi,official-source-recorded; values preserved as published
DR009,"Red spinach, fresh",Vegetables,789,Raw,2026-09-15T06:22:31.317693+00:00,high,panganku-ifct-789,"Indonesian Food Composition Table (IFCT), searchable web table",https://www.panganku.org/en-EN/semua_nutrisi,official-source-recorded; values preserved as published
DR079,"Red sweet potato leaves, fresh",Vegetables,790,Raw,2026-09-15T06:22:31.317696+00:00,high,panganku-ifct-790,"Indonesian Food Composition Table (IFCT), searchable web table",https://www.panganku.org/en-EN/semua_nutrisi,official-source-recorded; values preserved as published
DP010,"Red sweet potato, steamed",Vegetables,791,Processed/Products,2026-09-15T06:22:31.317699+00:00,high,panganku-ifct-791,"Indonesian Food Composition Table (IFCT), searchable web table",https://www.panganku.org/en-EN/semua_nutrisi,official-source-recorded; values preserved as published
DR161,"Red tomato, fresh",Vegetables,792,Raw,2026-09-15T06:22:31.317702+00:00,high,panganku-ifct-792,"Indonesian Food Composition Table (IFCT), searchable web table",https://www.panganku.org/en-EN/semua_nutrisi,official-source-recorded; values preserved as published
CP056,"Rempeyek, with black-eyed pea",Grains and Legumes,793,Processed/Products,2026-09-15T06:22:31.317705+00:00,high,panganku-ifct-793,"Indonesian Food Composition Table (IFCT), searchable web table",https://www.panganku.org/en-EN/semua_nutrisi,official-source-recorded; values preserved as published
CP055,"Rempeyek, with peanut",Grains and Legumes,794,Processed/Products,2026-09-15T06:22:31.317708+00:00,high,panganku-ifct-794,"Indonesian Food Composition Table (IFCT), searchable web table",https://www.panganku.org/en-EN/semua_nutrisi,official-source-recorded; values preserved as published
CP057,"Rempeyek, with ricebean",Grains and Legumes,795,Processed/Products,2026-09-15T06:22:31.317714+00:00,high,panganku-ifct-795,"Indonesian Food Composition Table (IFCT), searchable web table",https://www.panganku.org/en-EN/semua_nutrisi,official-source-recorded; values preserved as published
AP102,"Renggi, fried",Cereals,796,Processed/Products,2026-09-15T06:22:31.317723+00:00,high,panganku-ifct-796,"Indonesian Food Composition Table (IFCT), searchable web table",https://www.panganku.org/en-EN/semua_nutrisi,official-source-recorded; values preserved as published
EP008,Rica-rica taipa,Fruits,797,Processed/Products,2026-09-15T06:22:31.317728+00:00,high,panganku-ifct-797,"Indonesian Food Composition Table (IFCT), searchable web table",https://www.panganku.org/en-EN/semua_nutrisi,official-source-recorded; values preserved as published
AP001,Rice,Cereals,798,Processed/Products,2026-09-15T06:22:31.317732+00:00,high,panganku-ifct-798,"Indonesian Food Composition Table (IFCT), searchable web table",https://www.panganku.org/en-EN/semua_nutrisi,official-source-recorded; values preserved as published
AP050,"Rice crust, fried",Cereals,799,Processed/Products,2026-09-15T06:22:31.317735+00:00,high,panganku-ifct-799,"Indonesian Food Composition Table (IFCT), searchable web table",https://www.panganku.org/en-EN/semua_nutrisi,official-source-recorded; values preserved as published
AP047,Rice emping,Cereals,800,Processed/Products,2026-09-15T06:22:31.317738+00:00,high,panganku-ifct-800,"Indonesian Food Composition Table (IFCT), searchable web table",https://www.panganku.org/en-EN/semua_nutrisi,official-source-recorded; values preserved as published
AP098,Rice pundut,Cereals,801,Processed/Products,2026-09-15T06:22:31.317741+00:00,high,panganku-ifct-801,"Indonesian Food Composition Table (IFCT), searchable web table",https://www.panganku.org/en-EN/semua_nutrisi,official-source-recorded; values preserved as published
BP019,"Rice, ""Cerdas""",Starchy Roots & Tubers,802,Processed/Products,2026-09-15T06:22:31.317744+00:00,high,panganku-ifct-802,"Indonesian Food Composition Table (IFCT), searchable web table",https://www.panganku.org/en-EN/semua_nutrisi,official-source-recorded; values preserved as published
AR004,"Rice, black, raw",Cereals,803,Raw,2026-09-15T06:22:31.317747+00:00,high,panganku-ifct-803,"Indonesian Food Composition Table (IFCT), searchable web table",https://www.panganku.org/en-EN/semua_nutrisi,official-source-recorded; values preserved as published
AP004,"Rice, flour, raw",Cereals,804,Processed/Products,2026-09-15T06:22:31.317750+00:00,high,panganku-ifct-804,"Indonesian Food Composition Table (IFCT), searchable web table",https://www.panganku.org/en-EN/semua_nutrisi,official-source-recorded; values preserved as published
BP020,"Rice, ganyong",Starchy Roots & Tubers,805,Processed/Products,2026-09-15T06:22:31.317753+00:00,high,panganku-ifct-805,"Indonesian Food Composition Table (IFCT), searchable web table",https://www.panganku.org/en-EN/semua_nutrisi,official-source-recorded; values preserved as published
AR012,"Rice, mashed, raw",Cereals,806,Raw,2026-09-15T06:22:31.317758+00:00,high,panganku-ifct-806,"Indonesian Food Composition Table (IFCT), searchable web table",https://www.panganku.org/en-EN/semua_nutrisi,official-source-recorded; values preserved as published
AR001,"Rice, milled, raw",Cereals,807,Raw,2026-09-15T06:22:31.317761+00:00,high,panganku-ifct-807,"Indonesian Food Composition Table (IFCT), searchable web table",https://www.panganku.org/en-EN/semua_nutrisi,official-source-recorded; values preserved as published
AR002,"Rice, milled, variant pelita, raw",Cereals,808,Raw,2026-09-15T06:22:31.317765+00:00,high,panganku-ifct-808,"Indonesian Food Composition Table (IFCT), searchable web table",https://www.panganku.org/en-EN/semua_nutrisi,official-source-recorded; values preserved as published
AR003,"Rice, milled, variant rojolele, raw",Cereals,809,Raw,2026-09-15T06:22:31.317768+00:00,high,panganku-ifct-809,"Indonesian Food Composition Table (IFCT), searchable web table",https://www.panganku.org/en-EN/semua_nutrisi,official-source-recorded; values preserved as published
AR011,"Rice, parboiled",Cereals,810,Raw,2026-09-15T06:22:31.317771+00:00,high,panganku-ifct-810,"Indonesian Food Composition Table (IFCT), searchable web table",https://www.panganku.org/en-EN/semua_nutrisi,official-source-recorded; values preserved as published
AR013,"Rice, red, mashed, raw",Cereals,811,Raw,2026-09-15T06:22:31.317774+00:00,high,panganku-ifct-811,"Indonesian Food Composition Table (IFCT), searchable web table",https://www.panganku.org/en-EN/semua_nutrisi,official-source-recorded; values preserved as published
BP021,"Rice, siger",Starchy Roots & Tubers,812,Processed/Products,2026-09-15T06:22:31.317777+00:00,high,panganku-ifct-812,"Indonesian Food Composition Table (IFCT), searchable web table",https://www.panganku.org/en-EN/semua_nutrisi,official-source-recorded; values preserved as published
AP002,"Rice, steamed",Cereals,813,Processed/Products,2026-09-15T06:22:31.317781+00:00,high,panganku-ifct-813,"Indonesian Food Composition Table (IFCT), searchable web table",https://www.panganku.org/en-EN/semua_nutrisi,official-source-recorded; values preserved as published
AP003,"Rice, tapai",Cereals,814,Processed/Products,2026-09-15T06:22:31.317784+00:00,high,panganku-ifct-814,"Indonesian Food Composition Table (IFCT), searchable web table",https://www.panganku.org/en-EN/semua_nutrisi,official-source-recorded; values preserved as published
CR035,"Ricebean, dried",Grains and Legumes,815,Raw,2026-09-15T06:22:31.317787+00:00,high,panganku-ifct-815,"Indonesian Food Composition Table (IFCT), searchable web table",https://www.panganku.org/en-EN/semua_nutrisi,official-source-recorded; values preserved as published
CR007,"Ricebean, seeds, dried",Grains and Legumes,816,Raw,2026-09-15T06:22:31.317792+00:00,high,panganku-ifct-816,"Indonesian Food Composition Table (IFCT), searchable web table",https://www.panganku.org/en-EN/semua_nutrisi,official-source-recorded; values preserved as published
ER043,"Ripe ambarella, fresh",Fruits,817,Raw,2026-09-15T06:22:31.317795+00:00,high,panganku-ifct-817,"Indonesian Food Composition Table (IFCT), searchable web table",https://www.panganku.org/en-EN/semua_nutrisi,official-source-recorded; values preserved as published
ER110,"Ripe breadfruit, fresh",Fruits,818,Raw,2026-09-15T06:22:31.317799+00:00,high,panganku-ifct-818,"Indonesian Food Composition Table (IFCT), searchable web table",https://www.panganku.org/en-EN/semua_nutrisi,official-source-recorded; values preserved as published
KR002,"Ripe coconut, meat, fresh",Fat and Oil,819,Raw,2026-09-15T06:22:31.317802+00:00,high,panganku-ifct-819,"Indonesian Food Composition Table (IFCT), searchable web table",https://www.panganku.org/en-EN/semua_nutrisi,official-source-recorded; values preserved as published
ER028,Ripe plum mango,Fruits,820,Raw,2026-09-15T06:22:31.317805+00:00,high,panganku-ifct-820,"Indonesian Food Composition Table (IFCT), searchable web table",https://www.panganku.org/en-EN/semua_nutrisi,official-source-recorded; values preserved as published
CR047,"River tamarind, seeds, old, fresh",Grains and Legumes,821,Raw,2026-09-15T06:22:31.317810+00:00,high,panganku-ifct-821,"Indonesian Food Composition Table (IFCT), searchable web table",https://www.panganku.org/en-EN/semua_nutrisi,official-source-recorded; values preserved as published
CR046,"River tamarind, seeds, young, fresh",Grains and Legumes,822,Raw,2026-09-15T06:22:31.317813+00:00,high,panganku-ifct-822,"Indonesian Food Composition Table (IFCT), searchable web table",https://www.panganku.org/en-EN/semua_nutrisi,official-source-recorded; values preserved as published
CR048,"River tamarind, variant gung, without skin",Grains and Legumes,823,Raw,2026-09-15T06:22:31.317818+00:00,high,panganku-ifct-823,"Indonesian Food Composition Table (IFCT), searchable web table",https://www.panganku.org/en-EN/semua_nutrisi,official-source-recorded; values preserved as published
CR049,"River tamarind, variant local, with skin",Grains and Legumes,824,Raw,2026-09-15T06:22:31.317821+00:00,high,panganku-ifct-824,"Indonesian Food Composition Table (IFCT), searchable web table",https://www.panganku.org/en-EN/semua_nutrisi,official-source-recorded; values preserved as published
GR027,"Rohu fish, fresh",Fish and Other Seafood,825,Raw,2026-09-15T06:22:31.317824+00:00,high,panganku-ifct-825,"Indonesian Food Composition Table (IFCT), searchable web table",https://www.panganku.org/en-EN/semua_nutrisi,official-source-recorded; values preserved as published
AP103,Roti boong,Cereals,826,Processed/Products,2026-09-15T06:22:31.317830+00:00,high,panganku-ifct-826,"Indonesian Food Composition Table (IFCT), searchable web table",https://www.panganku.org/en-EN/semua_nutrisi,official-source-recorded; values preserved as published
CP020,"Rubber seeds, bungkil",Grains and Legumes,827,Processed/Products,2026-09-15T06:22:31.317833+00:00,high,panganku-ifct-827,"Indonesian Food Composition Table (IFCT), searchable web table",https://www.panganku.org/en-EN/semua_nutrisi,official-source-recorded; values preserved as published
EP009,Rujak aceh,Fruits,828,Processed/Products,2026-09-15T06:22:31.317836+00:00,high,panganku-ifct-828,"Indonesian Food Composition Table (IFCT), searchable web table",https://www.panganku.org/en-EN/semua_nutrisi,official-source-recorded; values preserved as published
DP046,Rujak cingur,Vegetables,829,Processed/Products,2026-09-15T06:22:31.317840+00:00,high,panganku-ifct-829,"Indonesian Food Composition Table (IFCT), searchable web table",https://www.panganku.org/en-EN/semua_nutrisi,official-source-recorded; values preserved as published
ER018,"Ruruhi fruit (Syzygium polycephalum Merr), fresh",Fruits,830,Raw,2026-09-15T06:22:31.317861+00:00,high,panganku-ifct-830,"Indonesian Food Composition Table (IFCT), searchable web table",https://www.panganku.org/en-EN/semua_nutrisi,official-source-recorded; values preserved as published
GP048,Rusip,Fish and Other Seafood,831,Processed/Products,2026-09-15T06:22:31.317865+00:00,high,panganku-ifct-831,"Indonesian Food Composition Table (IFCT), searchable web table",https://www.panganku.org/en-EN/semua_nutrisi,official-source-recorded; values preserved as published
FP063,"RW, dog, dish",Meat and Poultry,832,Processed/Products,2026-09-15T06:22:31.317868+00:00,high,panganku-ifct-832,"Indonesian Food Composition Table (IFCT), searchable web table",https://www.panganku.org/en-EN/semua_nutrisi,official-source-recorded; values preserved as published
ER081,"Saba banana, fresh",Fruits,833,Raw,2026-09-15T06:22:31.317871+00:00,high,panganku-ifct-833,"Indonesian Food Composition Table (IFCT), searchable web table",https://www.panganku.org/en-EN/semua_nutrisi,official-source-recorded; values preserved as published
GP088,"Saboko saltan, dish",Fish and Other Seafood,834,Processed/Products,2026-09-15T06:22:31.317875+00:00,high,panganku-ifct-834,"Indonesian Food Composition Table (IFCT), searchable web table",https://www.panganku.org/en-EN/semua_nutrisi,official-source-recorded; values preserved as published
FR034,"Sago caterpillar, fresh",Meat and Poultry,835,Raw,2026-09-15T06:22:31.317878+00:00,high,panganku-ifct-835,"Indonesian Food Composition Table (IFCT), searchable web table",https://www.panganku.org/en-EN/semua_nutrisi,official-source-recorded; values preserved as published
FP020,"Sago caterpillar, roasted",Meat and Poultry,836,Processed/Products,2026-09-15T06:22:31.317883+00:00,high,panganku-ifct-836,"Indonesian Food Composition Table (IFCT), searchable web table",https://www.panganku.org/en-EN/semua_nutrisi,official-source-recorded; values preserved as published
DR091,Sago mushroom,Vegetables,837,Raw,2026-09-15T06:22:31.317887+00:00,high,panganku-ifct-837,"Indonesian Food Composition Table (IFCT), searchable web table",https://www.panganku.org/en-EN/semua_nutrisi,official-source-recorded; values preserved as published
BP023,Sago porridge,Starchy Roots & Tubers,838,Processed/Products,2026-09-15T06:22:31.317890+00:00,high,panganku-ifct-838,"Indonesian Food Composition Table (IFCT), searchable web table",https://www.panganku.org/en-EN/semua_nutrisi,official-source-recorded; values preserved as published
BR018,"Sago, aren, dried",Starchy Roots & Tubers,839,Raw,2026-09-15T06:22:31.317893+00:00,high,panganku-ifct-839,"Indonesian Food Composition Table (IFCT), searchable web table",https://www.panganku.org/en-EN/semua_nutrisi,official-source-recorded; values preserved as published
BR019,"Sago, aren, fresh",Starchy Roots & Tubers,840,Raw,2026-09-15T06:22:31.317897+00:00,high,panganku-ifct-840,"Indonesian Food Composition Table (IFCT), searchable web table",https://www.panganku.org/en-EN/semua_nutrisi,official-source-recorded; values preserved as published
BR022,"Sago, cassava, dried",Starchy Roots & Tubers,841,Raw,2026-09-15T06:22:31.317900+00:00,high,panganku-ifct-841,"Indonesian Food Composition Table (IFCT), searchable web table",https://www.panganku.org/en-EN/semua_nutrisi,official-source-recorded; values preserved as published
BR020,"Sago, kasbi, fresh",Starchy Roots & Tubers,842,Raw,2026-09-15T06:22:31.317903+00:00,high,panganku-ifct-842,"Indonesian Food Composition Table (IFCT), searchable web table",https://www.panganku.org/en-EN/semua_nutrisi,official-source-recorded; values preserved as published
BR021,"Sago, lempeng",Starchy Roots & Tubers,843,Raw,2026-09-15T06:22:31.317908+00:00,high,panganku-ifct-843,"Indonesian Food Composition Table (IFCT), searchable web table",https://www.panganku.org/en-EN/semua_nutrisi,official-source-recorded; values preserved as published
BP052,"Sago, ongol-ongol",Starchy Roots & Tubers,844,Processed/Products,2026-09-15T06:22:31.317912+00:00,high,panganku-ifct-844,"Indonesian Food Composition Table (IFCT), searchable web table",https://www.panganku.org/en-EN/semua_nutrisi,official-source-recorded; values preserved as published
BP058,Sagu lemak (Kue Sagon),Starchy Roots & Tubers,845,Processed/Products,2026-09-15T06:22:31.317915+00:00,high,panganku-ifct-845,"Indonesian Food Composition Table (IFCT), searchable web table",https://www.panganku.org/en-EN/semua_nutrisi,official-source-recorded; values preserved as published
BP060,Sagu rendang,Starchy Roots & Tubers,846,Processed/Products,2026-09-15T06:22:31.317920+00:00,high,panganku-ifct-846,"Indonesian Food Composition Table (IFCT), searchable web table",https://www.panganku.org/en-EN/semua_nutrisi,official-source-recorded; values preserved as published
ER025,"Saipan mango, fresh",Fruits,847,Raw,2026-09-15T06:22:31.317923+00:00,high,panganku-ifct-847,"Indonesian Food Composition Table (IFCT), searchable web table",https://www.panganku.org/en-EN/semua_nutrisi,official-source-recorded; values preserved as published
ER101,"Salak (snake fruit), fresh",Fruits,848,Raw,2026-09-15T06:22:31.317928+00:00,high,panganku-ifct-848,"Indonesian Food Composition Table (IFCT), searchable web table",https://www.panganku.org/en-EN/semua_nutrisi,official-source-recorded; values preserved as published
ER098,"Salak bali, fresh",Fruits,849,Raw,2026-09-15T06:22:31.317932+00:00,high,panganku-ifct-849,"Indonesian Food Composition Table (IFCT), searchable web table",https://www.panganku.org/en-EN/semua_nutrisi,official-source-recorded; values preserved as published
ER099,"Salak medan, fresh",Fruits,850,Raw,2026-09-15T06:22:31.317935+00:00,high,panganku-ifct-850,"Indonesian Food Composition Table (IFCT), searchable web table",https://www.panganku.org/en-EN/semua_nutrisi,official-source-recorded; values preserved as published
ER100,"Salak pondoh, fresh",Fruits,851,Raw,2026-09-15T06:22:31.317938+00:00,high,panganku-ifct-851,"Indonesian Food Composition Table (IFCT), searchable web table",https://www.panganku.org/en-EN/semua_nutrisi,official-source-recorded; values preserved as published
GR072,"Sale fish, fresh",Fish and Other Seafood,852,Raw,2026-09-15T06:22:31.317942+00:00,high,panganku-ifct-852,"Indonesian Food Composition Table (IFCT), searchable web table",https://www.panganku.org/en-EN/semua_nutrisi,official-source-recorded; values preserved as published
GP004,"Salted fish, dried",Fish and Other Seafood,853,Processed/Products,2026-09-15T06:22:31.317945+00:00,high,panganku-ifct-853,"Indonesian Food Composition Table (IFCT), searchable web table",https://www.panganku.org/en-EN/semua_nutrisi,official-source-recorded; values preserved as published
GP018,"Salted lomak, raw",Fish and Other Seafood,854,Processed/Products,2026-09-15T06:22:31.317948+00:00,high,panganku-ifct-854,"Indonesian Food Composition Table (IFCT), searchable web table",https://www.panganku.org/en-EN/semua_nutrisi,official-source-recorded; values preserved as published
GP009,"Salted skipjack tuna, raw",Fish and Other Seafood,855,Processed/Products,2026-09-15T06:22:31.317951+00:00,high,panganku-ifct-855,"Indonesian Food Composition Table (IFCT), searchable web table",https://www.panganku.org/en-EN/semua_nutrisi,official-source-recorded; values preserved as published
EP013,Sanggara belanda,Fruits,856,Processed/Products,2026-09-15T06:22:31.317956+00:00,high,panganku-ifct-856,"Indonesian Food Composition Table (IFCT), searchable web table",https://www.panganku.org/en-EN/semua_nutrisi,official-source-recorded; values preserved as published
ER104,"Sapodilla, fresh",Fruits,857,Raw,2026-09-15T06:22:31.317959+00:00,high,panganku-ifct-857,"Indonesian Food Composition Table (IFCT), searchable web table",https://www.panganku.org/en-EN/semua_nutrisi,official-source-recorded; values preserved as published
GP089,"Sardine saboko, dish",Fish and Other Seafood,858,Processed/Products,2026-09-15T06:22:31.317962+00:00,high,panganku-ifct-858,"Indonesian Food Composition Table (IFCT), searchable web table",https://www.panganku.org/en-EN/semua_nutrisi,official-source-recorded; values preserved as published
GR066,"Sardine, fresh",Fish and Other Seafood,859,Raw,2026-09-15T06:22:31.317965+00:00,high,panganku-ifct-859,"Indonesian Food Composition Table (IFCT), searchable web table",https://www.panganku.org/en-EN/semua_nutrisi,official-source-recorded; values preserved as published
AP105,Sarimuka,Cereals,860,Processed/Products,2026-09-15T06:22:31.317968+00:00,high,panganku-ifct-860,"Indonesian Food Composition Table (IFCT), searchable web table",https://www.panganku.org/en-EN/semua_nutrisi,official-source-recorded; values preserved as published
FP064,"Satay, turtle, dish",Meat and Poultry,861,Processed/Products,2026-09-15T06:22:31.317971+00:00,high,panganku-ifct-861,"Indonesian Food Composition Table (IFCT), searchable web table",https://www.panganku.org/en-EN/semua_nutrisi,official-source-recorded; values preserved as published
FP073,"Saudara soup, dish",Meat and Poultry,862,Processed/Products,2026-09-15T06:22:31.317975+00:00,high,panganku-ifct-862,"Indonesian Food Composition Table (IFCT), searchable web table",https://www.panganku.org/en-EN/semua_nutrisi,official-source-recorded; values preserved as published
DP059,Sauted spinach with coconut milk,Vegetables,863,Processed/Products,2026-09-15T06:22:31.317978+00:00,high,panganku-ifct-863,"Indonesian Food Composition Table (IFCT), searchable web table",https://www.panganku.org/en-EN/semua_nutrisi,official-source-recorded; values preserved as published
CP058,Sayur lebui,Grains and Legumes,864,Processed/Products,2026-09-15T06:22:31.317981+00:00,high,panganku-ifct-864,"Indonesian Food Composition Table (IFCT), searchable web table",https://www.panganku.org/en-EN/semua_nutrisi,official-source-recorded; values preserved as published
GP050,"Sea cucumber, jerky, raw",Fish and Other Seafood,865,Processed/Products,2026-09-15T06:22:31.317984+00:00,high,panganku-ifct-865,"Indonesian Food Composition Table (IFCT), searchable web table",https://www.panganku.org/en-EN/semua_nutrisi,official-source-recorded; values preserved as published
DR140,Seaweed,Vegetables,866,Raw,2026-09-15T06:22:31.317989+00:00,high,panganku-ifct-866,"Indonesian Food Composition Table (IFCT), searchable web table",https://www.panganku.org/en-EN/semua_nutrisi,official-source-recorded; values preserved as published
GP032,"Seluang fish, dried, raw",Fish and Other Seafood,867,Processed/Products,2026-09-15T06:22:31.317993+00:00,high,panganku-ifct-867,"Indonesian Food Composition Table (IFCT), searchable web table",https://www.panganku.org/en-EN/semua_nutrisi,official-source-recorded; values preserved as published
GR007,"Seluang fish, fresh",Fish and Other Seafood,868,Raw,2026-09-15T06:22:31.317996+00:00,high,panganku-ifct-868,"Indonesian Food Composition Table (IFCT), searchable web table",https://www.panganku.org/en-EN/semua_nutrisi,official-source-recorded; values preserved as published
GR065,"Seluang fish, fresh",Fish and Other Seafood,869,Raw,2026-09-15T06:22:31.317999+00:00,high,panganku-ifct-869,"Indonesian Food Composition Table (IFCT), searchable web table",https://www.panganku.org/en-EN/semua_nutrisi,official-source-recorded; values preserved as published
KR001,"Semi-ripe coconut, meat, fresh",Fat and Oil,870,Raw,2026-09-15T06:22:31.318002+00:00,high,panganku-ifct-870,"Indonesian Food Composition Table (IFCT), searchable web table",https://www.panganku.org/en-EN/semua_nutrisi,official-source-recorded; values preserved as published
ER084,"Senorita banana, fresh",Fruits,871,Raw,2026-09-15T06:22:31.318005+00:00,high,panganku-ifct-871,"Indonesian Food Composition Table (IFCT), searchable web table",https://www.panganku.org/en-EN/semua_nutrisi,official-source-recorded; values preserved as published
GP091,"Sepi, dish",Fish and Other Seafood,872,Processed/Products,2026-09-15T06:22:31.318008+00:00,high,panganku-ifct-872,"Indonesian Food Composition Table (IFCT), searchable web table",https://www.panganku.org/en-EN/semua_nutrisi,official-source-recorded; values preserved as published
DR027,"Serang goseweed leaves, fresh",Vegetables,873,Raw,2026-09-15T06:22:31.318011+00:00,high,panganku-ifct-873,"Indonesian Food Composition Table (IFCT), searchable web table",https://www.panganku.org/en-EN/semua_nutrisi,official-source-recorded; values preserved as published
KR013,Sesame oil,Fat and Oil,874,Raw,2026-09-15T06:22:31.318029+00:00,high,panganku-ifct-874,"Indonesian Food Composition Table (IFCT), searchable web table",https://www.panganku.org/en-EN/semua_nutrisi,official-source-recorded; values preserved as published
CR052,"Sesame, raw",Grains and Legumes,875,Raw,2026-09-15T06:22:31.318032+00:00,high,panganku-ifct-875,"Indonesian Food Composition Table (IFCT), searchable web table",https://www.panganku.org/en-EN/semua_nutrisi,official-source-recorded; values preserved as published
DP056,Shabu-shabu,Vegetables,876,Processed/Products,2026-09-15T06:22:31.318037+00:00,high,panganku-ifct-876,"Indonesian Food Composition Table (IFCT), searchable web table",https://www.panganku.org/en-EN/semua_nutrisi,official-source-recorded; values preserved as published
NR007,"Shallot, fresh",Herbs and Spices,877,Raw,2026-09-15T06:22:31.318040+00:00,high,panganku-ifct-877,"Indonesian Food Composition Table (IFCT), searchable web table",https://www.panganku.org/en-EN/semua_nutrisi,official-source-recorded; values preserved as published
DR018,"Shallot, leaf, fresh",Vegetables,878,Raw,2026-09-15T06:22:31.318043+00:00,high,panganku-ifct-878,"Indonesian Food Composition Table (IFCT), searchable web table",https://www.panganku.org/en-EN/semua_nutrisi,official-source-recorded; values preserved as published
DR137,Shameplant,Vegetables,879,Raw,2026-09-15T06:22:31.318046+00:00,high,panganku-ifct-879,"Indonesian Food Composition Table (IFCT), searchable web table",https://www.panganku.org/en-EN/semua_nutrisi,official-source-recorded; values preserved as published
KR007,"Shark oil, liver",Fat and Oil,880,Raw,2026-09-15T06:22:31.318052+00:00,high,panganku-ifct-880,"Indonesian Food Composition Table (IFCT), searchable web table",https://www.panganku.org/en-EN/semua_nutrisi,official-source-recorded; values preserved as published
GP014,"Shark, fish, dried",Fish and Other Seafood,881,Processed/Products,2026-09-15T06:22:31.318057+00:00,high,panganku-ifct-881,"Indonesian Food Composition Table (IFCT), searchable web table",https://www.panganku.org/en-EN/semua_nutrisi,official-source-recorded; values preserved as published
GR028,"Shark, fresh",Fish and Other Seafood,882,Raw,2026-09-15T06:22:31.318062+00:00,high,panganku-ifct-882,"Indonesian Food Composition Table (IFCT), searchable web table",https://www.panganku.org/en-EN/semua_nutrisi,official-source-recorded; values preserved as published
DR053,"Shield aralia leaves, fresh",Vegetables,883,Raw,2026-09-15T06:22:31.318067+00:00,high,panganku-ifct-883,"Indonesian Food Composition Table (IFCT), searchable web table",https://www.panganku.org/en-EN/semua_nutrisi,official-source-recorded; values preserved as published
GP054,Shredded fish,Fish and Other Seafood,884,Processed/Products,2026-09-15T06:22:31.318072+00:00,high,panganku-ifct-884,"Indonesian Food Composition Table (IFCT), searchable web table",https://www.panganku.org/en-EN/semua_nutrisi,official-source-recorded; values preserved as published
GP053,Shreded snakehead murrel,Fish and Other Seafood,885,Processed/Products,2026-09-15T06:22:31.318079+00:00,high,panganku-ifct-885,"Indonesian Food Composition Table (IFCT), searchable web table",https://www.panganku.org/en-EN/semua_nutrisi,official-source-recorded; values preserved as published
NP008,Shrimp paste,Herbs and Spices,886,Processed/Products,2026-09-15T06:22:31.318092+00:00,high,panganku-ifct-886,"Indonesian Food Composition Table (IFCT), searchable web table",https://www.panganku.org/en-EN/semua_nutrisi,official-source-recorded; values preserved as published
BP045,"Shrimp, chips, fried",Starchy Roots & Tubers,887,Processed/Products,2026-09-15T06:22:31.318098+00:00,high,panganku-ifct-887,"Indonesian Food Composition Table (IFCT), searchable web table",https://www.panganku.org/en-EN/semua_nutrisi,official-source-recorded; values preserved as published
FP067,"Sie reuboh, dish",Meat and Poultry,888,Processed/Products,2026-09-15T06:22:31.318104+00:00,high,panganku-ifct-888,"Indonesian Food Composition Table (IFCT), searchable web table",https://www.panganku.org/en-EN/semua_nutrisi,official-source-recorded; values preserved as published
GR009,"Silver pomfret, fresh",Fish and Other Seafood,889,Raw,2026-09-15T06:22:31.318110+00:00,high,panganku-ifct-889,"Indonesian Food Composition Table (IFCT), searchable web table",https://www.panganku.org/en-EN/semua_nutrisi,official-source-recorded; values preserved as published
DR070,"Singkil leaves, fresh",Vegetables,890,Raw,2026-09-15T06:22:31.318116+00:00,high,panganku-ifct-890,"Indonesian Food Composition Table (IFCT), searchable web table",https://www.panganku.org/en-EN/semua_nutrisi,official-source-recorded; values preserved as published
BP061,Sinole sago,Starchy Roots & Tubers,891,Processed/Products,2026-09-15T06:22:31.318134+00:00,high,panganku-ifct-891,"Indonesian Food Composition Table (IFCT), searchable web table",https://www.panganku.org/en-EN/semua_nutrisi,official-source-recorded; values preserved as published
GP090,Skewered milkfish,Fish and Other Seafood,892,Processed/Products,2026-09-15T06:22:31.318141+00:00,high,panganku-ifct-892,"Indonesian Food Composition Table (IFCT), searchable web table",https://www.panganku.org/en-EN/semua_nutrisi,official-source-recorded; values preserved as published
JP010,"Skimmed milk, fresh",Milk and Dairy Products,893,Processed/Products,2026-09-15T06:22:31.318147+00:00,high,panganku-ifct-893,"Indonesian Food Composition Table (IFCT), searchable web table",https://www.panganku.org/en-EN/semua_nutrisi,official-source-recorded; values preserved as published
JP009,"Skimmed milk, powder",Milk and Dairy Products,894,Processed/Products,2026-09-15T06:22:31.318153+00:00,high,panganku-ifct-894,"Indonesian Food Composition Table (IFCT), searchable web table",https://www.panganku.org/en-EN/semua_nutrisi,official-source-recorded; values preserved as published
GP081,Skin pempek,Fish and Other Seafood,895,Processed/Products,2026-09-15T06:22:31.318159+00:00,high,panganku-ifct-895,"Indonesian Food Composition Table (IFCT), searchable web table",https://www.panganku.org/en-EN/semua_nutrisi,official-source-recorded; values preserved as published
GR018,"Skipjack tuna, fresh",Fish and Other Seafood,896,Raw,2026-09-15T06:22:31.318168+00:00,high,panganku-ifct-896,"Indonesian Food Composition Table (IFCT), searchable web table",https://www.panganku.org/en-EN/semua_nutrisi,official-source-recorded; values preserved as published
GR020,"Skipjack tuna, heart, fresh",Fish and Other Seafood,897,Raw,2026-09-15T06:22:31.318174+00:00,high,panganku-ifct-897,"Indonesian Food Composition Table (IFCT), searchable web table",https://www.panganku.org/en-EN/semua_nutrisi,official-source-recorded; values preserved as published
GR019,"Skipjack tuna, liver, fresh",Fish and Other Seafood,898,Raw,2026-09-15T06:22:31.318180+00:00,high,panganku-ifct-898,"Indonesian Food Composition Table (IFCT), searchable web table",https://www.panganku.org/en-EN/semua_nutrisi,official-source-recorded; values preserved as published
GR021,"Skipjack tuna, stomach, fresh",Fish and Other Seafood,899,Raw,2026-09-15T06:22:31.318189+00:00,high,panganku-ifct-899,"Indonesian Food Composition Table (IFCT), searchable web table",https://www.panganku.org/en-EN/semua_nutrisi,official-source-recorded; values preserved as published
AR010,"Small broken rice, raw",Cereals,900,Raw,2026-09-15T06:22:31.318194+00:00,high,panganku-ifct-900,"Indonesian Food Composition Table (IFCT), searchable web table",https://www.panganku.org/en-EN/semua_nutrisi,official-source-recorded; values preserved as published
GP046,"Small shrimp (Acetes), dried, raw",Fish and Other Seafood,901,Processed/Products,2026-09-15T06:22:31.318200+00:00,high,panganku-ifct-901,"Indonesian Food Composition Table (IFCT), searchable web table",https://www.panganku.org/en-EN/semua_nutrisi,official-source-recorded; values preserved as published
GP052,"Small shrimp, raw",Fish and Other Seafood,902,Processed/Products,2026-09-15T06:22:31.318206+00:00,high,panganku-ifct-902,"Indonesian Food Composition Table (IFCT), searchable web table",https://www.panganku.org/en-EN/semua_nutrisi,official-source-recorded; values preserved as published
GP031,"Smoked catfish, raw",Fish and Other Seafood,903,Processed/Products,2026-09-15T06:22:31.318212+00:00,high,panganku-ifct-903,"Indonesian Food Composition Table (IFCT), searchable web table",https://www.panganku.org/en-EN/semua_nutrisi,official-source-recorded; values preserved as published
GP058,Smoked skipjack tuna (papua smoked),Fish and Other Seafood,904,Processed/Products,2026-09-15T06:22:31.318218+00:00,high,panganku-ifct-904,"Indonesian Food Composition Table (IFCT), searchable web table",https://www.panganku.org/en-EN/semua_nutrisi,official-source-recorded; values preserved as published
GP008,"Smoked skipjack tuna, raw",Fish and Other Seafood,905,Processed/Products,2026-09-15T06:22:31.318224+00:00,high,panganku-ifct-905,"Indonesian Food Composition Table (IFCT), searchable web table",https://www.panganku.org/en-EN/semua_nutrisi,official-source-recorded; values preserved as published
GP011,"Smoked snakehead murrel, raw",Fish and Other Seafood,906,Processed/Products,2026-09-15T06:22:31.318235+00:00,high,panganku-ifct-906,"Indonesian Food Composition Table (IFCT), searchable web table",https://www.panganku.org/en-EN/semua_nutrisi,official-source-recorded; values preserved as published
GR037,"Snail, fresh",Fish and Other Seafood,907,Raw,2026-09-15T06:22:31.318241+00:00,high,panganku-ifct-907,"Indonesian Food Composition Table (IFCT), searchable web table",https://www.panganku.org/en-EN/semua_nutrisi,official-source-recorded; values preserved as published
GP001,"Snail, jerky, raw",Fish and Other Seafood,908,Processed/Products,2026-09-15T06:22:31.318246+00:00,high,panganku-ifct-908,"Indonesian Food Composition Table (IFCT), searchable web table",https://www.panganku.org/en-EN/semua_nutrisi,official-source-recorded; values preserved as published
DR132,"Snake gourd, fresh",Vegetables,909,Raw,2026-09-15T06:22:31.318252+00:00,high,panganku-ifct-909,"Indonesian Food Composition Table (IFCT), searchable web table",https://www.panganku.org/en-EN/semua_nutrisi,official-source-recorded; values preserved as published
GP012,"Snakehead murrel, dried",Fish and Other Seafood,910,Processed/Products,2026-09-15T06:22:31.318258+00:00,high,panganku-ifct-910,"Indonesian Food Composition Table (IFCT), searchable web table",https://www.panganku.org/en-EN/semua_nutrisi,official-source-recorded; values preserved as published
GR025,"Snakehead murrel, fresh",Fish and Other Seafood,911,Raw,2026-09-15T06:22:31.318264+00:00,high,panganku-ifct-911,"Indonesian Food Composition Table (IFCT), searchable web table",https://www.panganku.org/en-EN/semua_nutrisi,official-source-recorded; values preserved as published
GP036,"Snakeskin gourami, dried, raw",Fish and Other Seafood,912,Processed/Products,2026-09-15T06:22:31.318270+00:00,high,panganku-ifct-912,"Indonesian Food Composition Table (IFCT), searchable web table",https://www.panganku.org/en-EN/semua_nutrisi,official-source-recorded; values preserved as published
GR068,"Snakeskin gourami, fresh",Fish and Other Seafood,913,Raw,2026-09-15T06:22:31.318276+00:00,high,panganku-ifct-913,"Indonesian Food Composition Table (IFCT), searchable web table",https://www.panganku.org/en-EN/semua_nutrisi,official-source-recorded; values preserved as published
GR030,"Snapper, fresh",Fish and Other Seafood,914,Raw,2026-09-15T06:22:31.318282+00:00,high,panganku-ifct-914,"Indonesian Food Composition Table (IFCT), searchable web table",https://www.panganku.org/en-EN/semua_nutrisi,official-source-recorded; values preserved as published
AR014,"Sorghum, raw",Cereals,915,Raw,2026-09-15T06:22:31.318288+00:00,high,panganku-ifct-915,"Indonesian Food Composition Table (IFCT), searchable web table",https://www.panganku.org/en-EN/semua_nutrisi,official-source-recorded; values preserved as published
FP074,"Soto bandung, dish",Meat and Poultry,916,Processed/Products,2026-09-15T06:22:31.318314+00:00,high,panganku-ifct-916,"Indonesian Food Composition Table (IFCT), searchable web table",https://www.panganku.org/en-EN/semua_nutrisi,official-source-recorded; values preserved as published
FP075,"Soto banjar, dish",Meat and Poultry,917,Processed/Products,2026-09-15T06:22:31.318319+00:00,high,panganku-ifct-917,"Indonesian Food Composition Table (IFCT), searchable web table",https://www.panganku.org/en-EN/semua_nutrisi,official-source-recorded; values preserved as published
FP076,"Soto betawi, dish",Meat and Poultry,918,Processed/Products,2026-09-15T06:22:31.318325+00:00,high,panganku-ifct-918,"Indonesian Food Composition Table (IFCT), searchable web table",https://www.panganku.org/en-EN/semua_nutrisi,official-source-recorded; values preserved as published
FP078,"Soto kudus, masakan",Meat and Poultry,919,Processed/Products,2026-09-15T06:22:31.318332+00:00,high,panganku-ifct-919,"Indonesian Food Composition Table (IFCT), searchable web table",https://www.panganku.org/en-EN/semua_nutrisi,official-source-recorded; values preserved as published
FP079,"Soto madura, dish",Meat and Poultry,920,Processed/Products,2026-09-15T06:22:31.318338+00:00,high,panganku-ifct-920,"Indonesian Food Composition Table (IFCT), searchable web table",https://www.panganku.org/en-EN/semua_nutrisi,official-source-recorded; values preserved as published
FP080,"Soto padang, dish",Meat and Poultry,921,Processed/Products,2026-09-15T06:22:31.318344+00:00,high,panganku-ifct-921,"Indonesian Food Composition Table (IFCT), searchable web table",https://www.panganku.org/en-EN/semua_nutrisi,official-source-recorded; values preserved as published
FP081,"Soto pekalongan, dish",Meat and Poultry,922,Processed/Products,2026-09-15T06:22:31.318352+00:00,high,panganku-ifct-922,"Indonesian Food Composition Table (IFCT), searchable web table",https://www.panganku.org/en-EN/semua_nutrisi,official-source-recorded; values preserved as published
FP082,"Soto pemalang, dish",Meat and Poultry,923,Processed/Products,2026-09-15T06:22:31.318358+00:00,high,panganku-ifct-923,"Indonesian Food Composition Table (IFCT), searchable web table",https://www.panganku.org/en-EN/semua_nutrisi,official-source-recorded; values preserved as published
FP083,"Soto sukaraja, dish",Meat and Poultry,924,Processed/Products,2026-09-15T06:22:31.318364+00:00,high,panganku-ifct-924,"Indonesian Food Composition Table (IFCT), searchable web table",https://www.panganku.org/en-EN/semua_nutrisi,official-source-recorded; values preserved as published
FP084,"Soto sulung, dish",Meat and Poultry,925,Processed/Products,2026-09-15T06:22:31.318370+00:00,high,panganku-ifct-925,"Indonesian Food Composition Table (IFCT), searchable web table",https://www.panganku.org/en-EN/semua_nutrisi,official-source-recorded; values preserved as published
DP053,Soup,Vegetables,926,Processed/Products,2026-09-15T06:22:31.318379+00:00,high,panganku-ifct-926,"Indonesian Food Composition Table (IFCT), searchable web table",https://www.panganku.org/en-EN/semua_nutrisi,official-source-recorded; values preserved as published
DR155,"Sour eggplant, fresh",Vegetables,927,Raw,2026-09-15T06:22:31.318385+00:00,high,panganku-ifct-927,"Indonesian Food Composition Table (IFCT), searchable web table",https://www.panganku.org/en-EN/semua_nutrisi,official-source-recorded; values preserved as published
JP005,"Sour milk for baby, powder",Milk and Dairy Products,928,Processed/Products,2026-09-15T06:22:31.318391+00:00,high,panganku-ifct-928,"Indonesian Food Composition Table (IFCT), searchable web table",https://www.panganku.org/en-EN/semua_nutrisi,official-source-recorded; values preserved as published
DP047,Sour soup,Vegetables,929,Processed/Products,2026-09-15T06:22:31.318397+00:00,high,panganku-ifct-929,"Indonesian Food Composition Table (IFCT), searchable web table",https://www.panganku.org/en-EN/semua_nutrisi,official-source-recorded; values preserved as published
GP062,"Sour soup gete, dish",Fish and Other Seafood,930,Processed/Products,2026-09-15T06:22:31.318403+00:00,high,panganku-ifct-930,"Indonesian Food Composition Table (IFCT), searchable web table",https://www.panganku.org/en-EN/semua_nutrisi,official-source-recorded; values preserved as published
ER106,"Soursop, fresh",Fruits,931,Raw,2026-09-15T06:22:31.318409+00:00,high,panganku-ifct-931,"Indonesian Food Composition Table (IFCT), searchable web table",https://www.panganku.org/en-EN/semua_nutrisi,official-source-recorded; values preserved as published
ER107,"Sowa, fresh",Fruits,932,Raw,2026-09-15T06:22:31.318415+00:00,high,panganku-ifct-932,"Indonesian Food Composition Table (IFCT), searchable web table",https://www.panganku.org/en-EN/semua_nutrisi,official-source-recorded; values preserved as published
KR010,Soy oil,Fat and Oil,933,Raw,2026-09-15T06:22:31.318422+00:00,high,panganku-ifct-933,"Indonesian Food Composition Table (IFCT), searchable web table",https://www.panganku.org/en-EN/semua_nutrisi,official-source-recorded; values preserved as published
CP060,Soybean milk,Grains and Legumes,934,Processed/Products,2026-09-15T06:22:31.318428+00:00,high,panganku-ifct-934,"Indonesian Food Composition Table (IFCT), searchable web table",https://www.panganku.org/en-EN/semua_nutrisi,official-source-recorded; values preserved as published
CP059,"Soybean milk, powder",Grains and Legumes,935,Processed/Products,2026-09-15T06:22:31.318434+00:00,high,panganku-ifct-935,"Indonesian Food Composition Table (IFCT), searchable web table",https://www.panganku.org/en-EN/semua_nutrisi,official-source-recorded; values preserved as published
CP007,"Soybean, boiled",Grains and Legumes,936,Processed/Products,2026-09-15T06:22:31.318442+00:00,high,panganku-ifct-936,"Indonesian Food Composition Table (IFCT), searchable web table",https://www.panganku.org/en-EN/semua_nutrisi,official-source-recorded; values preserved as published
CR017,"Soybean, dried",Grains and Legumes,937,Raw,2026-09-15T06:22:31.318451+00:00,high,panganku-ifct-937,"Indonesian Food Composition Table (IFCT), searchable web table",https://www.panganku.org/en-EN/semua_nutrisi,official-source-recorded; values preserved as published
CP086,"Soybean, flour",Grains and Legumes,938,Processed/Products,2026-09-15T06:22:31.318457+00:00,high,panganku-ifct-938,"Indonesian Food Composition Table (IFCT), searchable web table",https://www.panganku.org/en-EN/semua_nutrisi,official-source-recorded; values preserved as published
CR018,"Soybean, fresh",Grains and Legumes,939,Raw,2026-09-15T06:22:31.318463+00:00,high,panganku-ifct-939,"Indonesian Food Composition Table (IFCT), searchable web table",https://www.panganku.org/en-EN/semua_nutrisi,official-source-recorded; values preserved as published
CP006,"Soybean, fried",Grains and Legumes,940,Processed/Products,2026-09-15T06:22:31.318469+00:00,high,panganku-ifct-940,"Indonesian Food Composition Table (IFCT), searchable web table",https://www.panganku.org/en-EN/semua_nutrisi,official-source-recorded; values preserved as published
AP106,Spaghetti,Cereals,941,Processed/Products,2026-09-15T06:22:31.318475+00:00,high,panganku-ifct-941,"Indonesian Food Composition Table (IFCT), searchable web table",https://www.panganku.org/en-EN/semua_nutrisi,official-source-recorded; values preserved as published
GP083,Spanish mackerel pempek,Fish and Other Seafood,942,Processed/Products,2026-09-15T06:22:31.318482+00:00,high,panganku-ifct-942,"Indonesian Food Composition Table (IFCT), searchable web table",https://www.panganku.org/en-EN/semua_nutrisi,official-source-recorded; values preserved as published
DP038,Spinach chips,Vegetables,943,Processed/Products,2026-09-15T06:22:31.318488+00:00,high,panganku-ifct-943,"Indonesian Food Composition Table (IFCT), searchable web table",https://www.panganku.org/en-EN/semua_nutrisi,official-source-recorded; values preserved as published
DP002,"Spinach, boiled",Vegetables,944,Processed/Products,2026-09-15T06:22:31.318493+00:00,high,panganku-ifct-944,"Indonesian Food Composition Table (IFCT), searchable web table",https://www.panganku.org/en-EN/semua_nutrisi,official-source-recorded; values preserved as published
DR008,"Spinach, fresh",Vegetables,945,Raw,2026-09-15T06:22:31.318500+00:00,high,panganku-ifct-945,"Indonesian Food Composition Table (IFCT), searchable web table",https://www.panganku.org/en-EN/semua_nutrisi,official-source-recorded; values preserved as published
DP001,"Spinach, steamed",Vegetables,946,Processed/Products,2026-09-15T06:22:31.318508+00:00,high,panganku-ifct-946,"Indonesian Food Composition Table (IFCT), searchable web table",https://www.panganku.org/en-EN/semua_nutrisi,official-source-recorded; values preserved as published
GR074,"Spiny eel, fresh",Fish and Other Seafood,947,Raw,2026-09-15T06:22:31.318515+00:00,high,panganku-ifct-947,"Indonesian Food Composition Table (IFCT), searchable web table",https://www.panganku.org/en-EN/semua_nutrisi,official-source-recorded; values preserved as published
GR013,"Spotted barb, fresh",Fish and Other Seafood,948,Raw,2026-09-15T06:22:31.318529+00:00,high,panganku-ifct-948,"Indonesian Food Composition Table (IFCT), searchable web table",https://www.panganku.org/en-EN/semua_nutrisi,official-source-recorded; values preserved as published
GR079,"Spotted scat, fresh",Fish and Other Seafood,949,Raw,2026-09-15T06:22:31.318535+00:00,high,panganku-ifct-949,"Indonesian Food Composition Table (IFCT), searchable web table",https://www.panganku.org/en-EN/semua_nutrisi,official-source-recorded; values preserved as published
DR150,"Sprouts of blackeyed pea, fresh",Vegetables,950,Raw,2026-09-15T06:22:31.318541+00:00,high,panganku-ifct-950,"Indonesian Food Composition Table (IFCT), searchable web table",https://www.panganku.org/en-EN/semua_nutrisi,official-source-recorded; values preserved as published
DR149,"Sprouts of soybean, fresh",Vegetables,951,Raw,2026-09-15T06:22:31.318551+00:00,high,panganku-ifct-951,"Indonesian Food Composition Table (IFCT), searchable web table",https://www.panganku.org/en-EN/semua_nutrisi,official-source-recorded; values preserved as published
DP018,"Sprouts, brewed",Vegetables,952,Processed/Products,2026-09-15T06:22:31.318557+00:00,high,panganku-ifct-952,"Indonesian Food Composition Table (IFCT), searchable web table",https://www.panganku.org/en-EN/semua_nutrisi,official-source-recorded; values preserved as published
DP017,"Sprouts, fried",Vegetables,953,Processed/Products,2026-09-15T06:22:31.318563+00:00,high,panganku-ifct-953,"Indonesian Food Composition Table (IFCT), searchable web table",https://www.panganku.org/en-EN/semua_nutrisi,official-source-recorded; values preserved as published
DR124,"Squash, fresh",Vegetables,954,Raw,2026-09-15T06:22:31.318570+00:00,high,panganku-ifct-954,"Indonesian Food Composition Table (IFCT), searchable web table",https://www.panganku.org/en-EN/semua_nutrisi,official-source-recorded; values preserved as published
BP040,"Squid, chips, fried",Starchy Roots & Tubers,955,Processed/Products,2026-09-15T06:22:31.318576+00:00,high,panganku-ifct-955,"Indonesian Food Composition Table (IFCT), searchable web table",https://www.panganku.org/en-EN/semua_nutrisi,official-source-recorded; values preserved as published
GR022,"Squid, fresh",Fish and Other Seafood,956,Raw,2026-09-15T06:22:31.318585+00:00,high,panganku-ifct-956,"Indonesian Food Composition Table (IFCT), searchable web table",https://www.panganku.org/en-EN/semua_nutrisi,official-source-recorded; values preserved as published
GP003,"Squid, fried",Fish and Other Seafood,957,Processed/Products,2026-09-15T06:22:31.318591+00:00,high,panganku-ifct-957,"Indonesian Food Composition Table (IFCT), searchable web table",https://www.panganku.org/en-EN/semua_nutrisi,official-source-recorded; values preserved as published
ER102,"Star apple, fresh",Fruits,958,Raw,2026-09-15T06:22:31.318597+00:00,high,panganku-ifct-958,"Indonesian Food Composition Table (IFCT), searchable web table",https://www.panganku.org/en-EN/semua_nutrisi,official-source-recorded; values preserved as published
ER006,"Starfruit, fresh",Fruits,959,Raw,2026-09-15T06:22:31.318604+00:00,high,panganku-ifct-959,"Indonesian Food Composition Table (IFCT), searchable web table",https://www.panganku.org/en-EN/semua_nutrisi,official-source-recorded; values preserved as published
GP095,Stir-fried keumamah,Fish and Other Seafood,960,Processed/Products,2026-09-15T06:22:31.318610+00:00,high,panganku-ifct-960,"Indonesian Food Composition Table (IFCT), searchable web table",https://www.panganku.org/en-EN/semua_nutrisi,official-source-recorded; values preserved as published
GP094,Stir-fried milkfish,Fish and Other Seafood,961,Processed/Products,2026-09-15T06:22:31.318616+00:00,high,panganku-ifct-961,"Indonesian Food Composition Table (IFCT), searchable web table",https://www.panganku.org/en-EN/semua_nutrisi,official-source-recorded; values preserved as published
DR089,"Straw mushroom, fresh",Vegetables,962,Raw,2026-09-15T06:22:31.318622+00:00,high,panganku-ifct-962,"Indonesian Food Composition Table (IFCT), searchable web table",https://www.panganku.org/en-EN/semua_nutrisi,official-source-recorded; values preserved as published
GR006,"Streaked spinefoot, fresh",Fish and Other Seafood,963,Raw,2026-09-15T06:22:31.318628+00:00,high,panganku-ifct-963,"Indonesian Food Composition Table (IFCT), searchable web table",https://www.panganku.org/en-EN/semua_nutrisi,official-source-recorded; values preserved as published
ER108,"Sugar apple, fresh",Fruits,964,Raw,2026-09-15T06:22:31.318634+00:00,high,panganku-ifct-964,"Indonesian Food Composition Table (IFCT), searchable web table",https://www.panganku.org/en-EN/semua_nutrisi,official-source-recorded; values preserved as published
FP032,"Sukabumi fried chicken, breast",Meat and Poultry,965,Processed/Products,2026-09-15T06:22:31.318641+00:00,high,panganku-ifct-965,"Indonesian Food Composition Table (IFCT), searchable web table",https://www.panganku.org/en-EN/semua_nutrisi,official-source-recorded; values preserved as published
FP033,"Sukabumi fried chicken, thigh",Meat and Poultry,966,Processed/Products,2026-09-15T06:22:31.318649+00:00,high,panganku-ifct-966,"Indonesian Food Composition Table (IFCT), searchable web table",https://www.panganku.org/en-EN/semua_nutrisi,official-source-recorded; values preserved as published
FP085,"Sukiyaki, dish",Meat and Poultry,967,Processed/Products,2026-09-15T06:22:31.318656+00:00,high,panganku-ifct-967,"Indonesian Food Composition Table (IFCT), searchable web table",https://www.panganku.org/en-EN/semua_nutrisi,official-source-recorded; values preserved as published
AP108,Sunduk lawang,Cereals,968,Processed/Products,2026-09-15T06:22:31.318662+00:00,high,panganku-ifct-968,"Indonesian Food Composition Table (IFCT), searchable web table",https://www.panganku.org/en-EN/semua_nutrisi,official-source-recorded; values preserved as published
DR023,"Sunset hibiscus, big, fresh",Vegetables,969,Raw,2026-09-15T06:22:31.318671+00:00,high,panganku-ifct-969,"Indonesian Food Composition Table (IFCT), searchable web table",https://www.panganku.org/en-EN/semua_nutrisi,official-source-recorded; values preserved as published
DR024,"Sunset hibiscus, small, fresh",Vegetables,970,Raw,2026-09-15T06:22:31.318676+00:00,high,panganku-ifct-970,"Indonesian Food Composition Table (IFCT), searchable web table",https://www.panganku.org/en-EN/semua_nutrisi,official-source-recorded; values preserved as published
AP109,Suwir-suwir,Cereals,971,Processed/Products,2026-09-15T06:22:31.318683+00:00,high,panganku-ifct-971,"Indonesian Food Composition Table (IFCT), searchable web table",https://www.panganku.org/en-EN/semua_nutrisi,official-source-recorded; values preserved as published
MP001,"Sweet chocolate, bar",Convectionery,972,Processed/Products,2026-09-15T06:22:31.318689+00:00,high,panganku-ifct-972,"Indonesian Food Composition Table (IFCT), searchable web table",https://www.panganku.org/en-EN/semua_nutrisi,official-source-recorded; values preserved as published
DP005,"Sweet leaves, boiled",Vegetables,973,Processed/Products,2026-09-15T06:22:31.318695+00:00,high,panganku-ifct-973,"Indonesian Food Composition Table (IFCT), searchable web table",https://www.panganku.org/en-EN/semua_nutrisi,official-source-recorded; values preserved as published
DR035,"Sweet leaves, fresh",Vegetables,974,Raw,2026-09-15T06:22:31.318701+00:00,high,panganku-ifct-974,"Indonesian Food Composition Table (IFCT), searchable web table",https://www.panganku.org/en-EN/semua_nutrisi,official-source-recorded; values preserved as published
ER039,"Sweet orange, fresh",Fruits,975,Raw,2026-09-15T06:22:31.318708+00:00,high,panganku-ifct-975,"Indonesian Food Composition Table (IFCT), searchable web table",https://www.panganku.org/en-EN/semua_nutrisi,official-source-recorded; values preserved as published
BP039,"Sweet potato, chips",Starchy Roots & Tubers,976,Processed/Products,2026-09-15T06:22:31.318716+00:00,high,panganku-ifct-976,"Indonesian Food Composition Table (IFCT), searchable web table",https://www.panganku.org/en-EN/semua_nutrisi,official-source-recorded; values preserved as published
BP075,"Sweet potato, Cilembu",Starchy Roots & Tubers,977,Processed/Products,2026-09-15T06:22:31.318723+00:00,high,panganku-ifct-977,"Indonesian Food Composition Table (IFCT), searchable web table",https://www.panganku.org/en-EN/semua_nutrisi,official-source-recorded; values preserved as published
BR029,"Sweet potato, fresh",Starchy Roots & Tubers,978,Raw,2026-09-15T06:22:31.318729+00:00,high,panganku-ifct-978,"Indonesian Food Composition Table (IFCT), searchable web table",https://www.panganku.org/en-EN/semua_nutrisi,official-source-recorded; values preserved as published
BP072,"Sweet potato, purple, flour",Starchy Roots & Tubers,979,Processed/Products,2026-09-15T06:22:31.318734+00:00,high,panganku-ifct-979,"Indonesian Food Composition Table (IFCT), searchable web table",https://www.panganku.org/en-EN/semua_nutrisi,official-source-recorded; values preserved as published
BR030,"Sweet potato, red, fresh",Starchy Roots & Tubers,980,Raw,2026-09-15T06:22:31.318741+00:00,high,panganku-ifct-980,"Indonesian Food Composition Table (IFCT), searchable web table",https://www.panganku.org/en-EN/semua_nutrisi,official-source-recorded; values preserved as published
BR031,"Sweet potato, white, fresh",Starchy Roots & Tubers,981,Raw,2026-09-15T06:22:31.318747+00:00,high,panganku-ifct-981,"Indonesian Food Composition Table (IFCT), searchable web table",https://www.panganku.org/en-EN/semua_nutrisi,official-source-recorded; values preserved as published
BR028,"Sweet potato, yellow, fresh",Starchy Roots & Tubers,982,Raw,2026-09-15T06:22:31.318753+00:00,high,panganku-ifct-982,"Indonesian Food Composition Table (IFCT), searchable web table",https://www.panganku.org/en-EN/semua_nutrisi,official-source-recorded; values preserved as published
BP011,"Sweet potato, yellow, steamed",Starchy Roots & Tubers,983,Processed/Products,2026-09-15T06:22:31.318759+00:00,high,panganku-ifct-983,"Indonesian Food Composition Table (IFCT), searchable web table",https://www.panganku.org/en-EN/semua_nutrisi,official-source-recorded; values preserved as published
BP059,Sweet sago,Starchy Roots & Tubers,984,Processed/Products,2026-09-15T06:22:31.318765+00:00,high,panganku-ifct-984,"Indonesian Food Composition Table (IFCT), searchable web table",https://www.panganku.org/en-EN/semua_nutrisi,official-source-recorded; values preserved as published
GP068,"Sweet sour gourami, dish",Fish and Other Seafood,985,Processed/Products,2026-09-15T06:22:31.318771+00:00,high,panganku-ifct-985,"Indonesian Food Composition Table (IFCT), searchable web table",https://www.panganku.org/en-EN/semua_nutrisi,official-source-recorded; values preserved as published
NP005,Sweet soy sauce,Herbs and Spices,986,Processed/Products,2026-09-15T06:22:31.318780+00:00,high,panganku-ifct-986,"Indonesian Food Composition Table (IFCT), searchable web table",https://www.panganku.org/en-EN/semua_nutrisi,official-source-recorded; values preserved as published
JP007,Sweetened condensed milk,Milk and Dairy Products,987,Processed/Products,2026-09-15T06:22:31.318786+00:00,high,panganku-ifct-987,"Indonesian Food Composition Table (IFCT), searchable web table",https://www.panganku.org/en-EN/semua_nutrisi,official-source-recorded; values preserved as published
MP014,Syrup,Convectionery,988,Processed/Products,2026-09-15T06:22:31.318793+00:00,high,panganku-ifct-988,"Indonesian Food Composition Table (IFCT), searchable web table",https://www.panganku.org/en-EN/semua_nutrisi,official-source-recorded; values preserved as published
NR015,"Tabasco pepper, fresh",Herbs and Spices,989,Raw,2026-09-15T06:22:31.318799+00:00,high,panganku-ifct-989,"Indonesian Food Composition Table (IFCT), searchable web table",https://www.panganku.org/en-EN/semua_nutrisi,official-source-recorded; values preserved as published
ER029,"Tahitian chestnut, fresh",Fruits,990,Raw,2026-09-15T06:22:31.318805+00:00,high,panganku-ifct-990,"Indonesian Food Composition Table (IFCT), searchable web table",https://www.panganku.org/en-EN/semua_nutrisi,official-source-recorded; values preserved as published
DR143,"Taiwan mustard greens, fresh",Vegetables,991,Raw,2026-09-15T06:22:31.318811+00:00,high,panganku-ifct-991,"Indonesian Food Composition Table (IFCT), searchable web table",https://www.panganku.org/en-EN/semua_nutrisi,official-source-recorded; values preserved as published
CP064,Takwa,Grains and Legumes,992,Processed/Products,2026-09-15T06:22:31.318817+00:00,high,panganku-ifct-992,"Indonesian Food Composition Table (IFCT), searchable web table",https://www.panganku.org/en-EN/semua_nutrisi,official-source-recorded; values preserved as published
FP034,"Taliwang chicken, dish",Meat and Poultry,993,Processed/Products,2026-09-15T06:22:31.318824+00:00,high,panganku-ifct-993,"Indonesian Food Composition Table (IFCT), searchable web table",https://www.panganku.org/en-EN/semua_nutrisi,official-source-recorded; values preserved as published
ER026,"Tamarillo, fresh",Fruits,994,Raw,2026-09-15T06:22:31.318830+00:00,high,panganku-ifct-994,"Indonesian Food Composition Table (IFCT), searchable web table",https://www.panganku.org/en-EN/semua_nutrisi,official-source-recorded; values preserved as published
ER036,"Tangerine, fresh",Fruits,995,Raw,2026-09-15T06:22:31.318836+00:00,high,panganku-ifct-995,"Indonesian Food Composition Table (IFCT), searchable web table",https://www.panganku.org/en-EN/semua_nutrisi,official-source-recorded; values preserved as published
AP041,Tapai cake,Cereals,996,Processed/Products,2026-09-15T06:22:31.318845+00:00,high,panganku-ifct-996,"Indonesian Food Composition Table (IFCT), searchable web table",https://www.panganku.org/en-EN/semua_nutrisi,official-source-recorded; values preserved as published
BP070,"Tapioca, flour",Starchy Roots & Tubers,997,Processed/Products,2026-09-15T06:22:31.318851+00:00,high,panganku-ifct-997,"Indonesian Food Composition Table (IFCT), searchable web table",https://www.panganku.org/en-EN/semua_nutrisi,official-source-recorded; values preserved as published
GR073,"Tarmon fish, fresh",Fish and Other Seafood,998,Raw,2026-09-15T06:22:31.318857+00:00,high,panganku-ifct-998,"Indonesian Food Composition Table (IFCT), searchable web table",https://www.panganku.org/en-EN/semua_nutrisi,official-source-recorded; values preserved as published
ER091,"Taro banana, fresh",Fruits,999,Raw,2026-09-15T06:22:31.318864+00:00,high,panganku-ifct-999,"Indonesian Food Composition Table (IFCT), searchable web table",https://www.panganku.org/en-EN/semua_nutrisi,official-source-recorded; values preserved as published
BP071,"Taro Beneng, flour",Starchy Roots & Tubers,1000,Processed/Products,2026-09-15T06:22:31.318877+00:00,high,panganku-ifct-1000,"Indonesian Food Composition Table (IFCT), searchable web table",https://www.panganku.org/en-EN/semua_nutrisi,official-source-recorded; values preserved as published
DP009,"Taro leaves, boiled",Vegetables,1001,Processed/Products,2026-09-15T06:22:31.318886+00:00,high,panganku-ifct-1001,"Indonesian Food Composition Table (IFCT), searchable web table",https://www.panganku.org/en-EN/semua_nutrisi,official-source-recorded; values preserved as published
DR052,"Taro leaves, fresh",Vegetables,1002,Raw,2026-09-15T06:22:31.318892+00:00,high,panganku-ifct-1002,"Indonesian Food Composition Table (IFCT), searchable web table",https://www.panganku.org/en-EN/semua_nutrisi,official-source-recorded; values preserved as published
DR076,"Taro leaves, fresh",Vegetables,1003,Raw,2026-09-15T06:22:31.318898+00:00,high,panganku-ifct-1003,"Indonesian Food Composition Table (IFCT), searchable web table",https://www.panganku.org/en-EN/semua_nutrisi,official-source-recorded; values preserved as published
DP028,Taro wrapped in banana leaves,Vegetables,1004,Processed/Products,2026-09-15T06:22:31.318904+00:00,high,panganku-ifct-1004,"Indonesian Food Composition Table (IFCT), searchable web table",https://www.panganku.org/en-EN/semua_nutrisi,official-source-recorded; values preserved as published
BR025,"Taro, fresh",Starchy Roots & Tubers,1005,Raw,2026-09-15T06:22:31.318910+00:00,high,panganku-ifct-1005,"Indonesian Food Composition Table (IFCT), searchable web table",https://www.panganku.org/en-EN/semua_nutrisi,official-source-recorded; values preserved as published
BR026,"Taro, Pontianak, fresh",Starchy Roots & Tubers,1006,Raw,2026-09-15T06:22:31.318918+00:00,high,panganku-ifct-1006,"Indonesian Food Composition Table (IFCT), searchable web table",https://www.panganku.org/en-EN/semua_nutrisi,official-source-recorded; values preserved as published
BP062,"Taro, serimping, from Kebumen",Starchy Roots & Tubers,1007,Processed/Products,2026-09-15T06:22:31.318936+00:00,high,panganku-ifct-1007,"Indonesian Food Composition Table (IFCT), searchable web table",https://www.panganku.org/en-EN/semua_nutrisi,official-source-recorded; values preserved as published
BP010,"Taro, steamed",Starchy Roots & Tubers,1008,Processed/Products,2026-09-15T06:22:31.318942+00:00,high,panganku-ifct-1008,"Indonesian Food Composition Table (IFCT), searchable web table",https://www.panganku.org/en-EN/semua_nutrisi,official-source-recorded; values preserved as published
BR027,"Taro, viqueque, fresh",Starchy Roots & Tubers,1009,Raw,2026-09-15T06:22:31.318948+00:00,high,panganku-ifct-1009,"Indonesian Food Composition Table (IFCT), searchable web table",https://www.panganku.org/en-EN/semua_nutrisi,official-source-recorded; values preserved as published
CP065,Tauco,Grains and Legumes,1010,Processed/Products,2026-09-15T06:22:31.318954+00:00,high,panganku-ifct-1010,"Indonesian Food Composition Table (IFCT), searchable web table",https://www.panganku.org/en-EN/semua_nutrisi,official-source-recorded; values preserved as published
CP066,"Tauco, brand beruang, cake",Grains and Legumes,1011,Processed/Products,2026-09-15T06:22:31.318960+00:00,high,panganku-ifct-1011,"Indonesian Food Composition Table (IFCT), searchable web table",https://www.panganku.org/en-EN/semua_nutrisi,official-source-recorded; values preserved as published
CP067,"Tauco, brand DAS, cake",Grains and Legumes,1012,Processed/Products,2026-09-15T06:22:31.318966+00:00,high,panganku-ifct-1012,"Indonesian Food Composition Table (IFCT), searchable web table",https://www.panganku.org/en-EN/semua_nutrisi,official-source-recorded; values preserved as published
CP068,"Tauco, brand meong",Grains and Legumes,1013,Processed/Products,2026-09-15T06:22:31.318972+00:00,high,panganku-ifct-1013,"Indonesian Food Composition Table (IFCT), searchable web table",https://www.panganku.org/en-EN/semua_nutrisi,official-source-recorded; values preserved as published
CP069,"Tauji, brand singa",Grains and Legumes,1014,Processed/Products,2026-09-15T06:22:31.318978+00:00,high,panganku-ifct-1014,"Indonesian Food Composition Table (IFCT), searchable web table",https://www.panganku.org/en-EN/semua_nutrisi,official-source-recorded; values preserved as published
FP086,"Tedong pallu basa, dish",Meat and Poultry,1015,Processed/Products,2026-09-15T06:22:31.318984+00:00,high,panganku-ifct-1015,"Indonesian Food Composition Table (IFCT), searchable web table",https://www.panganku.org/en-EN/semua_nutrisi,official-source-recorded; values preserved as published
GP092,Tekwan,Fish and Other Seafood,1016,Processed/Products,2026-09-15T06:22:31.318992+00:00,high,panganku-ifct-1016,"Indonesian Food Composition Table (IFCT), searchable web table",https://www.panganku.org/en-EN/semua_nutrisi,official-source-recorded; values preserved as published
CP070,Tempeh bongkrek,Grains and Legumes,1017,Processed/Products,2026-09-15T06:22:31.318998+00:00,high,panganku-ifct-1017,"Indonesian Food Composition Table (IFCT), searchable web table",https://www.panganku.org/en-EN/semua_nutrisi,official-source-recorded; values preserved as published
CP071,Tempeh gembus P3G,Grains and Legumes,1018,Processed/Products,2026-09-15T06:22:31.319004+00:00,high,panganku-ifct-1018,"Indonesian Food Composition Table (IFCT), searchable web table",https://www.panganku.org/en-EN/semua_nutrisi,official-source-recorded; values preserved as published
CP072,Tempeh gembus yogya,Grains and Legumes,1019,Processed/Products,2026-09-15T06:22:31.319010+00:00,high,panganku-ifct-1019,"Indonesian Food Composition Table (IFCT), searchable web table",https://www.panganku.org/en-EN/semua_nutrisi,official-source-recorded; values preserved as published
CP040,"Tempeh, chips",Grains and Legumes,1020,Processed/Products,2026-09-15T06:22:31.319016+00:00,high,panganku-ifct-1020,"Indonesian Food Composition Table (IFCT), searchable web table",https://www.panganku.org/en-EN/semua_nutrisi,official-source-recorded; values preserved as published
CP041,"Tempeh, chips, brand abadi, large size",Grains and Legumes,1021,Processed/Products,2026-09-15T06:22:31.319022+00:00,high,panganku-ifct-1021,"Indonesian Food Composition Table (IFCT), searchable web table",https://www.panganku.org/en-EN/semua_nutrisi,official-source-recorded; values preserved as published
CP043,"Tempeh, chips, brand abadi, medium size",Grains and Legumes,1022,Processed/Products,2026-09-15T06:22:31.319028+00:00,high,panganku-ifct-1022,"Indonesian Food Composition Table (IFCT), searchable web table",https://www.panganku.org/en-EN/semua_nutrisi,official-source-recorded; values preserved as published
CP042,"Tempeh, chips, brand abadi, original",Grains and Legumes,1023,Processed/Products,2026-09-15T06:22:31.319034+00:00,high,panganku-ifct-1023,"Indonesian Food Composition Table (IFCT), searchable web table",https://www.panganku.org/en-EN/semua_nutrisi,official-source-recorded; values preserved as published
CP045,"Tempeh, chips, brand abadi, prime quality",Grains and Legumes,1024,Processed/Products,2026-09-15T06:22:31.319039+00:00,high,panganku-ifct-1024,"Indonesian Food Composition Table (IFCT), searchable web table",https://www.panganku.org/en-EN/semua_nutrisi,official-source-recorded; values preserved as published
CP044,"Tempeh, chips, brand abadi, with egg",Grains and Legumes,1025,Processed/Products,2026-09-15T06:22:31.319045+00:00,high,panganku-ifct-1025,"Indonesian Food Composition Table (IFCT), searchable web table",https://www.panganku.org/en-EN/semua_nutrisi,official-source-recorded; values preserved as published
CP078,"Tempeh, hyacinth bean, benguk",Grains and Legumes,1026,Processed/Products,2026-09-15T06:22:31.319064+00:00,high,panganku-ifct-1026,"Indonesian Food Composition Table (IFCT), searchable web table",https://www.panganku.org/en-EN/semua_nutrisi,official-source-recorded; values preserved as published
CP076,"Tempeh, pure soybean, fried",Grains and Legumes,1027,Processed/Products,2026-09-15T06:22:31.319070+00:00,high,panganku-ifct-1027,"Indonesian Food Composition Table (IFCT), searchable web table",https://www.panganku.org/en-EN/semua_nutrisi,official-source-recorded; values preserved as published
CP077,"Tempeh, pure soybean, uncooked",Grains and Legumes,1028,Processed/Products,2026-09-15T06:22:31.319075+00:00,high,panganku-ifct-1028,"Indonesian Food Composition Table (IFCT), searchable web table",https://www.panganku.org/en-EN/semua_nutrisi,official-source-recorded; values preserved as published
CP079,"Tempeh, river tamarind",Grains and Legumes,1029,Processed/Products,2026-09-15T06:22:31.319080+00:00,high,panganku-ifct-1029,"Indonesian Food Composition Table (IFCT), searchable web table",https://www.panganku.org/en-EN/semua_nutrisi,official-source-recorded; values preserved as published
CP080,"Tempeh, river tamarind, variant gung with skin",Grains and Legumes,1030,Processed/Products,2026-09-15T06:22:31.319085+00:00,high,panganku-ifct-1030,"Indonesian Food Composition Table (IFCT), searchable web table",https://www.panganku.org/en-EN/semua_nutrisi,official-source-recorded; values preserved as published
CP081,"Tempeh, river tamarind, variant gung without skin",Grains and Legumes,1031,Processed/Products,2026-09-15T06:22:31.319092+00:00,high,panganku-ifct-1031,"Indonesian Food Composition Table (IFCT), searchable web table",https://www.panganku.org/en-EN/semua_nutrisi,official-source-recorded; values preserved as published
CP082,"Tempeh, sold in market",Grains and Legumes,1032,Processed/Products,2026-09-15T06:22:31.319104+00:00,high,panganku-ifct-1032,"Indonesian Food Composition Table (IFCT), searchable web table",https://www.panganku.org/en-EN/semua_nutrisi,official-source-recorded; values preserved as published
CP083,"Tempeh, sold in market, fried",Grains and Legumes,1033,Processed/Products,2026-09-15T06:22:31.319111+00:00,high,panganku-ifct-1033,"Indonesian Food Composition Table (IFCT), searchable web table",https://www.panganku.org/en-EN/semua_nutrisi,official-source-recorded; values preserved as published
CP075,"Tempeh, soybean + corn",Grains and Legumes,1034,Processed/Products,2026-09-15T06:22:31.319117+00:00,high,panganku-ifct-1034,"Indonesian Food Composition Table (IFCT), searchable web table",https://www.panganku.org/en-EN/semua_nutrisi,official-source-recorded; values preserved as published
CP073,"Tempeh, velvet bean",Grains and Legumes,1035,Processed/Products,2026-09-15T06:22:31.319124+00:00,high,panganku-ifct-1035,"Indonesian Food Composition Table (IFCT), searchable web table",https://www.panganku.org/en-EN/semua_nutrisi,official-source-recorded; values preserved as published
CP074,"Tempeh, winged bean",Grains and Legumes,1036,Processed/Products,2026-09-15T06:22:31.319133+00:00,high,panganku-ifct-1036,"Indonesian Food Composition Table (IFCT), searchable web table",https://www.panganku.org/en-EN/semua_nutrisi,official-source-recorded; values preserved as published
NP010,Tempoya,Herbs and Spices,1037,Processed/Products,2026-09-15T06:22:31.319138+00:00,high,panganku-ifct-1037,"Indonesian Food Composition Table (IFCT), searchable web table",https://www.panganku.org/en-EN/semua_nutrisi,official-source-recorded; values preserved as published
DP051,Terubuk candle soup,Vegetables,1038,Processed/Products,2026-09-15T06:22:31.319143+00:00,high,panganku-ifct-1038,"Indonesian Food Composition Table (IFCT), searchable web table",https://www.panganku.org/en-EN/semua_nutrisi,official-source-recorded; values preserved as published
GR059,"The climbing perch, fresh",Fish and Other Seafood,1039,Raw,2026-09-15T06:22:31.319149+00:00,high,panganku-ifct-1039,"Indonesian Food Composition Table (IFCT), searchable web table",https://www.panganku.org/en-EN/semua_nutrisi,official-source-recorded; values preserved as published
GP023,"The climbing perch, grilled",Fish and Other Seafood,1040,Processed/Products,2026-09-15T06:22:31.319153+00:00,high,panganku-ifct-1040,"Indonesian Food Composition Table (IFCT), searchable web table",https://www.panganku.org/en-EN/semua_nutrisi,official-source-recorded; values preserved as published
GR082,"Tiger prawn, giant, fresh",Fish and Other Seafood,1041,Raw,2026-09-15T06:22:31.319156+00:00,high,panganku-ifct-1041,"Indonesian Food Composition Table (IFCT), searchable web table",https://www.panganku.org/en-EN/semua_nutrisi,official-source-recorded; values preserved as published
GP060,"Tilapia jerky, fried",Fish and Other Seafood,1042,Processed/Products,2026-09-15T06:22:31.319159+00:00,high,panganku-ifct-1042,"Indonesian Food Composition Table (IFCT), searchable web table",https://www.panganku.org/en-EN/semua_nutrisi,official-source-recorded; values preserved as published
GR056,"Tilapia, fresh",Fish and Other Seafood,1043,Raw,2026-09-15T06:22:31.319162+00:00,high,panganku-ifct-1043,"Indonesian Food Composition Table (IFCT), searchable web table",https://www.panganku.org/en-EN/semua_nutrisi,official-source-recorded; values preserved as published
GP022,"Tilapia, jerky, raw",Fish and Other Seafood,1044,Processed/Products,2026-09-15T06:22:31.319166+00:00,high,panganku-ifct-1044,"Indonesian Food Composition Table (IFCT), searchable web table",https://www.panganku.org/en-EN/semua_nutrisi,official-source-recorded; values preserved as published
DP058,Tinira ninahu nggaluku,Vegetables,1045,Processed/Products,2026-09-15T06:22:31.319169+00:00,high,panganku-ifct-1045,"Indonesian Food Composition Table (IFCT), searchable web table",https://www.panganku.org/en-EN/semua_nutrisi,official-source-recorded; values preserved as published
FP088,"Tinoransa, dish",Meat and Poultry,1046,Processed/Products,2026-09-15T06:22:31.319174+00:00,high,panganku-ifct-1046,"Indonesian Food Composition Table (IFCT), searchable web table",https://www.panganku.org/en-EN/semua_nutrisi,official-source-recorded; values preserved as published
AP040,Tinotuan porridge (Manado),Cereals,1047,Processed/Products,2026-09-15T06:22:31.319177+00:00,high,panganku-ifct-1047,"Indonesian Food Composition Table (IFCT), searchable web table",https://www.panganku.org/en-EN/semua_nutrisi,official-source-recorded; values preserved as published
AP110,Tipa-tipa,Cereals,1048,Processed/Products,2026-09-15T06:22:31.319181+00:00,high,panganku-ifct-1048,"Indonesian Food Composition Table (IFCT), searchable web table",https://www.panganku.org/en-EN/semua_nutrisi,official-source-recorded; values preserved as published
BP073,Tiwul,Starchy Roots & Tubers,1049,Processed/Products,2026-09-15T06:22:31.319184+00:00,high,panganku-ifct-1049,"Indonesian Food Composition Table (IFCT), searchable web table",https://www.panganku.org/en-EN/semua_nutrisi,official-source-recorded; values preserved as published
BP074,"Tiwul, instant",Starchy Roots & Tubers,1050,Processed/Products,2026-09-15T06:22:31.319187+00:00,high,panganku-ifct-1050,"Indonesian Food Composition Table (IFCT), searchable web table",https://www.panganku.org/en-EN/semua_nutrisi,official-source-recorded; values preserved as published
CP018,"Tofu, dregs, dried",Grains and Legumes,1051,Processed/Products,2026-09-15T06:22:31.319190+00:00,high,panganku-ifct-1051,"Indonesian Food Composition Table (IFCT), searchable web table",https://www.panganku.org/en-EN/semua_nutrisi,official-source-recorded; values preserved as published
CP019,"Tofu, dregs, oncom pepes",Grains and Legumes,1052,Processed/Products,2026-09-15T06:22:31.319195+00:00,high,panganku-ifct-1052,"Indonesian Food Composition Table (IFCT), searchable web table",https://www.panganku.org/en-EN/semua_nutrisi,official-source-recorded; values preserved as published
CP016,"Tofu, dregs, raw",Grains and Legumes,1053,Processed/Products,2026-09-15T06:22:31.319199+00:00,high,panganku-ifct-1053,"Indonesian Food Composition Table (IFCT), searchable web table",https://www.panganku.org/en-EN/semua_nutrisi,official-source-recorded; values preserved as published
CP017,"Tofu, dregs, steamed",Grains and Legumes,1054,Processed/Products,2026-09-15T06:22:31.319202+00:00,high,panganku-ifct-1054,"Indonesian Food Composition Table (IFCT), searchable web table",https://www.panganku.org/en-EN/semua_nutrisi,official-source-recorded; values preserved as published
CP062,"Tofu, fried",Grains and Legumes,1055,Processed/Products,2026-09-15T06:22:31.319205+00:00,high,panganku-ifct-1055,"Indonesian Food Composition Table (IFCT), searchable web table",https://www.panganku.org/en-EN/semua_nutrisi,official-source-recorded; values preserved as published
CP061,"Tofu, uncooked",Grains and Legumes,1056,Processed/Products,2026-09-15T06:22:31.319210+00:00,high,panganku-ifct-1056,"Indonesian Food Composition Table (IFCT), searchable web table",https://www.panganku.org/en-EN/semua_nutrisi,official-source-recorded; values preserved as published
NP009,Tomato sauce,Herbs and Spices,1057,Processed/Products,2026-09-15T06:22:31.319213+00:00,high,panganku-ifct-1057,"Indonesian Food Composition Table (IFCT), searchable web table",https://www.panganku.org/en-EN/semua_nutrisi,official-source-recorded; values preserved as published
DR160,"Tomato, juice, fresh",Vegetables,1058,Raw,2026-09-15T06:22:31.319216+00:00,high,panganku-ifct-1058,"Indonesian Food Composition Table (IFCT), searchable web table",https://www.panganku.org/en-EN/semua_nutrisi,official-source-recorded; values preserved as published
DR101,Tondano water spinach,Vegetables,1059,Raw,2026-09-15T06:22:31.319219+00:00,high,panganku-ifct-1059,"Indonesian Food Composition Table (IFCT), searchable web table",https://www.panganku.org/en-EN/semua_nutrisi,official-source-recorded; values preserved as published
GR050,"Tonguefish, fresh",Fish and Other Seafood,1060,Raw,2026-09-15T06:22:31.319222+00:00,high,panganku-ifct-1060,"Indonesian Food Composition Table (IFCT), searchable web table",https://www.panganku.org/en-EN/semua_nutrisi,official-source-recorded; values preserved as published
DR105,"Torch ginger, fresh",Vegetables,1061,Raw,2026-09-15T06:22:31.319225+00:00,high,panganku-ifct-1061,"Indonesian Food Composition Table (IFCT), searchable web table",https://www.panganku.org/en-EN/semua_nutrisi,official-source-recorded; values preserved as published
ER071,"Tree-ripe jackfruit, fresh",Fruits,1062,Raw,2026-09-15T06:22:31.319229+00:00,high,panganku-ifct-1062,"Indonesian Food Composition Table (IFCT), searchable web table",https://www.panganku.org/en-EN/semua_nutrisi,official-source-recorded; values preserved as published
NR005,"Tree-ripe tamarind, fresh",Herbs and Spices,1063,Raw,2026-09-15T06:22:31.319234+00:00,high,panganku-ifct-1063,"Indonesian Food Composition Table (IFCT), searchable web table",https://www.panganku.org/en-EN/semua_nutrisi,official-source-recorded; values preserved as published
DR075,"Tropical burnweed leaves, fresh",Vegetables,1064,Raw,2026-09-15T06:22:31.319237+00:00,high,panganku-ifct-1064,"Indonesian Food Composition Table (IFCT), searchable web table",https://www.panganku.org/en-EN/semua_nutrisi,official-source-recorded; values preserved as published
ER092,Tujuh bulan banana,Fruits,1065,Raw,2026-09-15T06:22:31.319241+00:00,high,panganku-ifct-1065,"Indonesian Food Composition Table (IFCT), searchable web table",https://www.panganku.org/en-EN/semua_nutrisi,official-source-recorded; values preserved as published
ER019,"Tuppa fruit, fresh",Fruits,1066,Raw,2026-09-15T06:22:31.319246+00:00,high,panganku-ifct-1066,"Indonesian Food Composition Table (IFCT), searchable web table",https://www.panganku.org/en-EN/semua_nutrisi,official-source-recorded; values preserved as published
GR081,"Turi fish, fresh",Fish and Other Seafood,1067,Raw,2026-09-15T06:22:31.319249+00:00,high,panganku-ifct-1067,"Indonesian Food Composition Table (IFCT), searchable web table",https://www.panganku.org/en-EN/semua_nutrisi,official-source-recorded; values preserved as published
DR139,"Turkey berry, fresh",Vegetables,1068,Raw,2026-09-15T06:22:31.319252+00:00,high,panganku-ifct-1068,"Indonesian Food Composition Table (IFCT), searchable web table",https://www.panganku.org/en-EN/semua_nutrisi,official-source-recorded; values preserved as published
NR022,"Turmeric, fresh",Herbs and Spices,1069,Raw,2026-09-15T06:22:31.319256+00:00,high,panganku-ifct-1069,"Indonesian Food Composition Table (IFCT), searchable web table",https://www.panganku.org/en-EN/semua_nutrisi,official-source-recorded; values preserved as published
HR010,"Turtle egg, fresh",Eggs,1070,Raw,2026-09-15T06:22:31.319259+00:00,high,panganku-ifct-1070,"Indonesian Food Composition Table (IFCT), searchable web table",https://www.panganku.org/en-EN/semua_nutrisi,official-source-recorded; values preserved as published
FP054,"Turtle Lawar, dish",Meat and Poultry,1071,Processed/Products,2026-09-15T06:22:31.319262+00:00,high,panganku-ifct-1071,"Indonesian Food Composition Table (IFCT), searchable web table",https://www.panganku.org/en-EN/semua_nutrisi,official-source-recorded; values preserved as published
GR043,"Turtle, fresh",Fish and Other Seafood,1072,Raw,2026-09-15T06:22:31.319265+00:00,high,panganku-ifct-1072,"Indonesian Food Composition Table (IFCT), searchable web table",https://www.panganku.org/en-EN/semua_nutrisi,official-source-recorded; values preserved as published
ER093,"Ua banana, fresh",Fruits,1073,Raw,2026-09-15T06:22:31.319268+00:00,high,panganku-ifct-1073,"Indonesian Food Composition Table (IFCT), searchable web table",https://www.panganku.org/en-EN/semua_nutrisi,official-source-recorded; values preserved as published
DR163,"Uceng/ bago flower, fresh",Vegetables,1074,Raw,2026-09-15T06:22:31.319271+00:00,high,panganku-ifct-1074,"Indonesian Food Composition Table (IFCT), searchable web table",https://www.panganku.org/en-EN/semua_nutrisi,official-source-recorded; values preserved as published
ER094,"Uli banana, fresh",Fruits,1075,Raw,2026-09-15T06:22:31.319274+00:00,high,panganku-ifct-1075,"Indonesian Food Composition Table (IFCT), searchable web table",https://www.panganku.org/en-EN/semua_nutrisi,official-source-recorded; values preserved as published
BP076,Uli batatas,Starchy Roots & Tubers,1076,Processed/Products,2026-09-15T06:22:31.319279+00:00,high,panganku-ifct-1076,"Indonesian Food Composition Table (IFCT), searchable web table",https://www.panganku.org/en-EN/semua_nutrisi,official-source-recorded; values preserved as published
ER044,"Unripe ambarella, fresh",Fruits,1077,Raw,2026-09-15T06:22:31.319283+00:00,high,panganku-ifct-1077,"Indonesian Food Composition Table (IFCT), searchable web table",https://www.panganku.org/en-EN/semua_nutrisi,official-source-recorded; values preserved as published
ER109,"Unripe breadfruit, fresh",Fruits,1078,Raw,2026-09-15T06:22:31.319286+00:00,high,panganku-ifct-1078,"Indonesian Food Composition Table (IFCT), searchable web table",https://www.panganku.org/en-EN/semua_nutrisi,official-source-recorded; values preserved as published
ER063,"Unripe mango, fresh",Fruits,1079,Raw,2026-09-15T06:22:31.319289+00:00,high,panganku-ifct-1079,"Indonesian Food Composition Table (IFCT), searchable web table",https://www.panganku.org/en-EN/semua_nutrisi,official-source-recorded; values preserved as published
JP008,Unsweetened condensed milk,Milk and Dairy Products,1080,Processed/Products,2026-09-15T06:22:31.319292+00:00,high,panganku-ifct-1080,"Indonesian Food Composition Table (IFCT), searchable web table",https://www.panganku.org/en-EN/semua_nutrisi,official-source-recorded; values preserved as published
CR036,"Urei nut, dried",Grains and Legumes,1081,Raw,2026-09-15T06:22:31.319295+00:00,high,panganku-ifct-1081,"Indonesian Food Composition Table (IFCT), searchable web table",https://www.panganku.org/en-EN/semua_nutrisi,official-source-recorded; values preserved as published
FR001,"Veal, meat, fat, fresh",Meat and Poultry,1082,Raw,2026-09-15T06:22:31.319298+00:00,high,panganku-ifct-1082,"Indonesian Food Composition Table (IFCT), searchable web table",https://www.panganku.org/en-EN/semua_nutrisi,official-source-recorded; values preserved as published
FR002,"Veal, meat, lean, fresh",Meat and Poultry,1083,Raw,2026-09-15T06:22:31.319302+00:00,high,panganku-ifct-1083,"Indonesian Food Composition Table (IFCT), searchable web table",https://www.panganku.org/en-EN/semua_nutrisi,official-source-recorded; values preserved as published
FR003,"Veal, meat, medium fat, fresh",Meat and Poultry,1084,Raw,2026-09-15T06:22:31.319304+00:00,high,panganku-ifct-1084,"Indonesian Food Composition Table (IFCT), searchable web table",https://www.panganku.org/en-EN/semua_nutrisi,official-source-recorded; values preserved as published
DR062,"Vegetable fern, fresh",Vegetables,1085,Raw,2026-09-15T06:22:31.319308+00:00,high,panganku-ifct-1085,"Indonesian Food Composition Table (IFCT), searchable web table",https://www.panganku.org/en-EN/semua_nutrisi,official-source-recorded; values preserved as published
DR015,"Vegetable-hummingbird flower, fresh",Vegetables,1086,Raw,2026-09-15T06:22:31.319312+00:00,high,panganku-ifct-1086,"Indonesian Food Composition Table (IFCT), searchable web table",https://www.panganku.org/en-EN/semua_nutrisi,official-source-recorded; values preserved as published
DR107,"Vegetable-hummingbird flower, fresh",Vegetables,1087,Raw,2026-09-15T06:22:31.319316+00:00,high,panganku-ifct-1087,"Indonesian Food Composition Table (IFCT), searchable web table",https://www.panganku.org/en-EN/semua_nutrisi,official-source-recorded; values preserved as published
ER011,"Velvet apple, fresh",Fruits,1088,Raw,2026-09-15T06:22:31.319319+00:00,high,panganku-ifct-1088,"Indonesian Food Composition Table (IFCT), searchable web table",https://www.panganku.org/en-EN/semua_nutrisi,official-source-recorded; values preserved as published
CR002,"Velvet bean, dried",Grains and Legumes,1089,Raw,2026-09-15T06:22:31.319322+00:00,high,panganku-ifct-1089,"Indonesian Food Composition Table (IFCT), searchable web table",https://www.panganku.org/en-EN/semua_nutrisi,official-source-recorded; values preserved as published
AP007,"Vermicelli, fried, instant",Cereals,1090,Processed/Products,2026-09-15T06:22:31.319325+00:00,high,panganku-ifct-1090,"Indonesian Food Composition Table (IFCT), searchable web table",https://www.panganku.org/en-EN/semua_nutrisi,official-source-recorded; values preserved as published
AP006,"Vermicelli, raw",Cereals,1091,Processed/Products,2026-09-15T06:22:31.319328+00:00,high,panganku-ifct-1091,"Indonesian Food Composition Table (IFCT), searchable web table",https://www.panganku.org/en-EN/semua_nutrisi,official-source-recorded; values preserved as published
DR041,"Vietnamese coriander leaves, fresh",Vegetables,1092,Raw,2026-09-15T06:22:31.319331+00:00,high,panganku-ifct-1092,"Indonesian Food Composition Table (IFCT), searchable web table",https://www.panganku.org/en-EN/semua_nutrisi,official-source-recorded; values preserved as published
ER111,"Vigus, fresh",Fruits,1093,Raw,2026-09-15T06:22:31.319334+00:00,high,panganku-ifct-1093,"Indonesian Food Composition Table (IFCT), searchable web table",https://www.panganku.org/en-EN/semua_nutrisi,official-source-recorded; values preserved as published
NP004,Vinegar,Herbs and Spices,1094,Processed/Products,2026-09-15T06:22:31.319337+00:00,high,panganku-ifct-1094,"Indonesian Food Composition Table (IFCT), searchable web table",https://www.panganku.org/en-EN/semua_nutrisi,official-source-recorded; values preserved as published
AP111,"Wajit, kue",Cereals,1095,Processed/Products,2026-09-15T06:22:31.319342+00:00,high,panganku-ifct-1095,"Indonesian Food Composition Table (IFCT), searchable web table",https://www.panganku.org/en-EN/semua_nutrisi,official-source-recorded; values preserved as published
GR076,"Wallago catfish, segar",Fish and Other Seafood,1096,Raw,2026-09-15T06:22:31.319347+00:00,high,panganku-ifct-1096,"Indonesian Food Composition Table (IFCT), searchable web table",https://www.panganku.org/en-EN/semua_nutrisi,official-source-recorded; values preserved as published
DR061,"Wambateu fern leaves, fresh",Vegetables,1097,Raw,2026-09-15T06:22:31.319350+00:00,high,panganku-ifct-1097,"Indonesian Food Composition Table (IFCT), searchable web table",https://www.panganku.org/en-EN/semua_nutrisi,official-source-recorded; values preserved as published
ER112,"Wani, fresh",Fruits,1098,Raw,2026-09-15T06:22:31.319353+00:00,high,panganku-ifct-1098,"Indonesian Food Composition Table (IFCT), searchable web table",https://www.panganku.org/en-EN/semua_nutrisi,official-source-recorded; values preserved as published
ER030,"Water apple, fresh",Fruits,1099,Raw,2026-09-15T06:22:31.319356+00:00,high,panganku-ifct-1099,"Indonesian Food Composition Table (IFCT), searchable web table",https://www.panganku.org/en-EN/semua_nutrisi,official-source-recorded; values preserved as published
DR077,"Water celery leaves, fresh",Vegetables,1100,Raw,2026-09-15T06:22:31.319360+00:00,high,panganku-ifct-1100,"Indonesian Food Composition Table (IFCT), searchable web table",https://www.panganku.org/en-EN/semua_nutrisi,official-source-recorded; values preserved as published
DR068,"Water clover leaves, fresh",Vegetables,1101,Raw,2026-09-15T06:22:31.319363+00:00,high,panganku-ifct-1101,"Indonesian Food Composition Table (IFCT), searchable web table",https://www.panganku.org/en-EN/semua_nutrisi,official-source-recorded; values preserved as published
DR082,"Water hyacinth, fresh",Vegetables,1102,Raw,2026-09-15T06:22:31.319367+00:00,high,panganku-ifct-1102,"Indonesian Food Composition Table (IFCT), searchable web table",https://www.panganku.org/en-EN/semua_nutrisi,official-source-recorded; values preserved as published
DR100,Water spinach,Vegetables,1103,Raw,2026-09-15T06:22:31.319372+00:00,high,panganku-ifct-1103,"Indonesian Food Composition Table (IFCT), searchable web table",https://www.panganku.org/en-EN/semua_nutrisi,official-source-recorded; values preserved as published
DP044,Water spinach pelecing,Vegetables,1104,Processed/Products,2026-09-15T06:22:31.319375+00:00,high,panganku-ifct-1104,"Indonesian Food Composition Table (IFCT), searchable web table",https://www.panganku.org/en-EN/semua_nutrisi,official-source-recorded; values preserved as published
DP014,"Water spinach, boiled",Vegetables,1105,Processed/Products,2026-09-15T06:22:31.319378+00:00,high,panganku-ifct-1105,"Indonesian Food Composition Table (IFCT), searchable web table",https://www.panganku.org/en-EN/semua_nutrisi,official-source-recorded; values preserved as published
DP013,"Water spinach, steamed",Vegetables,1106,Processed/Products,2026-09-15T06:22:31.319383+00:00,high,panganku-ifct-1106,"Indonesian Food Composition Table (IFCT), searchable web table",https://www.panganku.org/en-EN/semua_nutrisi,official-source-recorded; values preserved as published
DR146,"Watercress, fresh",Vegetables,1107,Raw,2026-09-15T06:22:31.319386+00:00,high,panganku-ifct-1107,"Indonesian Food Composition Table (IFCT), searchable web table",https://www.panganku.org/en-EN/semua_nutrisi,official-source-recorded; values preserved as published
ER105,"Watermelon, fresh",Fruits,1108,Raw,2026-09-15T06:22:31.319389+00:00,high,panganku-ifct-1108,"Indonesian Food Composition Table (IFCT), searchable web table",https://www.panganku.org/en-EN/semua_nutrisi,official-source-recorded; values preserved as published
DR120,"Wax gourd, fresh",Vegetables,1109,Raw,2026-09-15T06:22:31.319392+00:00,high,panganku-ifct-1109,"Indonesian Food Composition Table (IFCT), searchable web table",https://www.panganku.org/en-EN/semua_nutrisi,official-source-recorded; values preserved as published
DR005,"Welsh onion, fresh",Vegetables,1110,Raw,2026-09-15T06:22:31.319395+00:00,high,panganku-ifct-1110,"Indonesian Food Composition Table (IFCT), searchable web table",https://www.panganku.org/en-EN/semua_nutrisi,official-source-recorded; values preserved as published
AP025,"Wheat, flour",Cereals,1111,Processed/Products,2026-09-15T06:22:31.319398+00:00,high,panganku-ifct-1111,"Indonesian Food Composition Table (IFCT), searchable web table",https://www.panganku.org/en-EN/semua_nutrisi,official-source-recorded; values preserved as published
FR014,"Whistling duck, meat, fresh",Meat and Poultry,1112,Raw,2026-09-15T06:22:31.319401+00:00,high,panganku-ifct-1112,"Indonesian Food Composition Table (IFCT), searchable web table",https://www.panganku.org/en-EN/semua_nutrisi,official-source-recorded; values preserved as published
DR131,"White bitter melon, fresh",Vegetables,1113,Raw,2026-09-15T06:22:31.319405+00:00,high,panganku-ifct-1113,"Indonesian Food Composition Table (IFCT), searchable web table",https://www.panganku.org/en-EN/semua_nutrisi,official-source-recorded; values preserved as published
DP015,"White bitter melon, steamed",Vegetables,1114,Processed/Products,2026-09-15T06:22:31.319408+00:00,high,panganku-ifct-1114,"Indonesian Food Composition Table (IFCT), searchable web table",https://www.panganku.org/en-EN/semua_nutrisi,official-source-recorded; values preserved as published
ER013,"White dragon fruit, fresh",Fruits,1115,Raw,2026-09-15T06:22:31.319411+00:00,high,panganku-ifct-1115,"Indonesian Food Composition Table (IFCT), searchable web table",https://www.panganku.org/en-EN/semua_nutrisi,official-source-recorded; values preserved as published
DR048,"White leadtree leaves, fresh",Vegetables,1116,Raw,2026-09-15T06:22:31.319416+00:00,high,panganku-ifct-1116,"Indonesian Food Composition Table (IFCT), searchable web table",https://www.panganku.org/en-EN/semua_nutrisi,official-source-recorded; values preserved as published
MP007,White sugar,Convectionery,1117,Processed/Products,2026-09-15T06:22:31.319419+00:00,high,panganku-ifct-1117,"Indonesian Food Composition Table (IFCT), searchable web table",https://www.panganku.org/en-EN/semua_nutrisi,official-source-recorded; values preserved as published
DR080,"White sweet potato leaves, fresh",Vegetables,1118,Raw,2026-09-15T06:22:31.319422+00:00,high,panganku-ifct-1118,"Indonesian Food Composition Table (IFCT), searchable web table",https://www.panganku.org/en-EN/semua_nutrisi,official-source-recorded; values preserved as published
AP112,Widaran,Cereals,1119,Processed/Products,2026-09-15T06:22:31.319425+00:00,high,panganku-ifct-1119,"Indonesian Food Composition Table (IFCT), searchable web table",https://www.panganku.org/en-EN/semua_nutrisi,official-source-recorded; values preserved as published
FP035,"Wild boar rica, dish",Meat and Poultry,1120,Processed/Products,2026-09-15T06:22:31.319428+00:00,high,panganku-ifct-1120,"Indonesian Food Composition Table (IFCT), searchable web table",https://www.panganku.org/en-EN/semua_nutrisi,official-source-recorded; values preserved as published
ER002,"Wild grape, fresh",Fruits,1121,Raw,2026-09-15T06:22:31.319431+00:00,high,panganku-ifct-1121,"Indonesian Food Composition Table (IFCT), searchable web table",https://www.panganku.org/en-EN/semua_nutrisi,official-source-recorded; values preserved as published
ER015,"Wild sweetsop, fresh",Fruits,1122,Raw,2026-09-15T06:22:31.319434+00:00,high,panganku-ifct-1122,"Indonesian Food Composition Table (IFCT), searchable web table",https://www.panganku.org/en-EN/semua_nutrisi,official-source-recorded; values preserved as published
CP001,"Winged bean, boiled",Grains and Legumes,1123,Processed/Products,2026-09-15T06:22:31.319437+00:00,high,panganku-ifct-1123,"Indonesian Food Composition Table (IFCT), searchable web table",https://www.panganku.org/en-EN/semua_nutrisi,official-source-recorded; values preserved as published
CR003,"Winged bean, dried",Grains and Legumes,1124,Raw,2026-09-15T06:22:31.319441+00:00,high,panganku-ifct-1124,"Indonesian Food Composition Table (IFCT), searchable web table",https://www.panganku.org/en-EN/semua_nutrisi,official-source-recorded; values preserved as published
DR036,"Winged bean, fresh",Vegetables,1125,Raw,2026-09-15T06:22:31.319444+00:00,high,panganku-ifct-1125,"Indonesian Food Composition Table (IFCT), searchable web table",https://www.panganku.org/en-EN/semua_nutrisi,official-source-recorded; values preserved as published
DR104,"Winged bean, unripe, fresh",Vegetables,1126,Raw,2026-09-15T06:22:31.319449+00:00,high,panganku-ifct-1126,"Indonesian Food Composition Table (IFCT), searchable web table",https://www.panganku.org/en-EN/semua_nutrisi,official-source-recorded; values preserved as published
AP113,Wingko babat,Cereals,1127,Processed/Products,2026-09-15T06:22:31.319453+00:00,high,panganku-ifct-1127,"Indonesian Food Composition Table (IFCT), searchable web table",https://www.panganku.org/en-EN/semua_nutrisi,official-source-recorded; values preserved as published
DP061,Woku sweet potato,Vegetables,1128,Processed/Products,2026-09-15T06:22:31.319457+00:00,high,panganku-ifct-1128,"Indonesian Food Composition Table (IFCT), searchable web table",https://www.panganku.org/en-EN/semua_nutrisi,official-source-recorded; values preserved as published
ER042,"Wood apple, fresh",Fruits,1129,Raw,2026-09-15T06:22:31.319460+00:00,high,panganku-ifct-1129,"Indonesian Food Composition Table (IFCT), searchable web table",https://www.panganku.org/en-EN/semua_nutrisi,official-source-recorded; values preserved as published
DR087,"Wood ear, dried",Vegetables,1130,Raw,2026-09-15T06:22:31.319463+00:00,high,panganku-ifct-1130,"Indonesian Food Composition Table (IFCT), searchable web table",https://www.panganku.org/en-EN/semua_nutrisi,official-source-recorded; values preserved as published
DR088,"Wood ear, fresh",Vegetables,1131,Raw,2026-09-15T06:22:31.319466+00:00,high,panganku-ifct-1131,"Indonesian Food Composition Table (IFCT), searchable web table",https://www.panganku.org/en-EN/semua_nutrisi,official-source-recorded; values preserved as published
ER045,"Woromo, dried",Fruits,1132,Raw,2026-09-15T06:22:31.319469+00:00,high,panganku-ifct-1132,"Indonesian Food Composition Table (IFCT), searchable web table",https://www.panganku.org/en-EN/semua_nutrisi,official-source-recorded; values preserved as published
AP114,Yangko,Cereals,1133,Processed/Products,2026-09-15T06:22:31.319472+00:00,high,panganku-ifct-1133,"Indonesian Food Composition Table (IFCT), searchable web table",https://www.panganku.org/en-EN/semua_nutrisi,official-source-recorded; values preserved as published
DR097,"Yardlong bean, fresh",Vegetables,1134,Raw,2026-09-15T06:22:31.319475+00:00,high,panganku-ifct-1134,"Indonesian Food Composition Table (IFCT), searchable web table",https://www.panganku.org/en-EN/semua_nutrisi,official-source-recorded; values preserved as published
CR029,"Yardlong bean, seeds, dried",Grains and Legumes,1135,Raw,2026-09-15T06:22:31.319479+00:00,high,panganku-ifct-1135,"Indonesian Food Composition Table (IFCT), searchable web table",https://www.panganku.org/en-EN/semua_nutrisi,official-source-recorded; values preserved as published
DR033,"Yardlong beans leaves, fresh",Vegetables,1136,Raw,2026-09-15T06:22:31.319483+00:00,high,panganku-ifct-1136,"Indonesian Food Composition Table (IFCT), searchable web table",https://www.panganku.org/en-EN/semua_nutrisi,official-source-recorded; values preserved as published
DP012,"Yardlong beans, boiled",Vegetables,1137,Processed/Products,2026-09-15T06:22:31.319486+00:00,high,panganku-ifct-1137,"Indonesian Food Composition Table (IFCT), searchable web table",https://www.panganku.org/en-EN/semua_nutrisi,official-source-recorded; values preserved as published
DP011,"Yardlong beans, steamed",Vegetables,1138,Processed/Products,2026-09-15T06:22:31.319489+00:00,high,panganku-ifct-1138,"Indonesian Food Composition Table (IFCT), searchable web table",https://www.panganku.org/en-EN/semua_nutrisi,official-source-recorded; values preserved as published
DR084,"Yellow bur head, fresh",Vegetables,1139,Raw,2026-09-15T06:22:31.319492+00:00,high,panganku-ifct-1139,"Indonesian Food Composition Table (IFCT), searchable web table",https://www.panganku.org/en-EN/semua_nutrisi,official-source-recorded; values preserved as published
GP075,"Yellow pickled tilapia, dish",Fish and Other Seafood,1140,Processed/Products,2026-09-15T06:22:31.319495+00:00,high,panganku-ifct-1140,"Indonesian Food Composition Table (IFCT), searchable web table",https://www.panganku.org/en-EN/semua_nutrisi,official-source-recorded; values preserved as published
DR078,"Yellow sweet potato leaves, fresh",Vegetables,1141,Raw,2026-09-15T06:22:31.319499+00:00,high,panganku-ifct-1141,"Indonesian Food Composition Table (IFCT), searchable web table",https://www.panganku.org/en-EN/semua_nutrisi,official-source-recorded; values preserved as published
BP044,"Yellow, noodle, chips, fried",Starchy Roots & Tubers,1142,Processed/Products,2026-09-15T06:22:31.319502+00:00,high,panganku-ifct-1142,"Indonesian Food Composition Table (IFCT), searchable web table",https://www.panganku.org/en-EN/semua_nutrisi,official-source-recorded; values preserved as published
GP035,"Yellowstripe scad, dried, raw",Fish and Other Seafood,1143,Processed/Products,2026-09-15T06:22:31.319505+00:00,high,panganku-ifct-1143,"Indonesian Food Composition Table (IFCT), searchable web table",https://www.panganku.org/en-EN/semua_nutrisi,official-source-recorded; values preserved as published
JP011,"Yoghurt, fresh",Milk and Dairy Products,1144,Processed/Products,2026-09-15T06:22:31.319508+00:00,high,panganku-ifct-1144,"Indonesian Food Composition Table (IFCT), searchable web table",https://www.panganku.org/en-EN/semua_nutrisi,official-source-recorded; values preserved as published
ER046,"Young coconut, meat, fresh",Fruits,1145,Raw,2026-09-15T06:22:31.319511+00:00,high,panganku-ifct-1145,"Indonesian Food Composition Table (IFCT), searchable web table",https://www.panganku.org/en-EN/semua_nutrisi,official-source-recorded; values preserved as published
PR001,"Young coconut, water, fresh",Non-Alcoholic Beverages,1146,Raw,2026-09-15T06:22:31.319516+00:00,high,panganku-ifct-1146,"Indonesian Food Composition Table (IFCT), searchable web table",https://www.panganku.org/en-EN/semua_nutrisi,official-source-recorded; values preserved as published
